player_id,draft_year,name,pos,school,rd,rank,consensus_source,height,weight,hand,arm,forty,split10,vertical,broad,cone3,shuttle,bench,role,s1,s2,s3,notes,rd_drafted,pick_drafted,team_drafted,fun_fact_override,retrieved_date,forecaster_rank,evaluator_rank,variance
latrell-mccutchin-cb-hou-2026,2026,Latrell McCutchin,CB,Houston,7,278,Wide Left Consensus Big Board (Arif Hasan) — wideleft.football,6020,182,9.63,29.38,,,43.5,,,,,,,,,,,,,,2026-07-26,234,289,91.5
aaron-anderson-wr-lsu-2026,2026,Aaron Anderson,WR,LSU,7,256,Wide Left Consensus Big Board (Arif Hasan) — wideleft.football,5077,198,9,29.75,4.58,1.6,28.5,114,,4.7,15,Speed/Quickness,Short-Area Quickness,,,"Light player with good short area quickness, decent hands, ST player, depth WR",,,,,2026-07-26,302,240,81.6
diego-pavia-qb-van-2026,2026,Diego Pavia,QB,Vanderbilt,7,277,Wide Left Consensus Big Board (Arif Hasan) — wideleft.football,5100,207,9.63,28.63,,,,,,,,,,,,,,,,,2026-07-26,306,273,72.9
louis-moore-s-ind-2026,2026,Louis Moore,S,Indiana,6,199,Wide Left Consensus Big Board (Arif Hasan) — wideleft.football,5106,190,9.78,30,4.63,1.59,34,,,4.26,17,Strong Safety,Physicality,,,Physical safety (who isn't on IU) but didn't see a ton of plays,,,,,2026-07-26,232,186,97.3
john-michael-gyllenborg-te-wyo-2026,2026,John Michael Gyllenborg,TE,Wyoming,6,213,Wide Left Consensus Big Board (Arif Hasan) — wideleft.football,6055,249,9.58,32,4.6,1.6,35.5,128,,,17,Receiving,Speed,Short-Area Quickness,,,,,,,2026-07-26,242,208,84.2
faalili-faamoe-ot-wak-2026,2026,Fa'alili Fa'amoe,OT,Wake Forest,7,224,Wide Left Consensus Big Board (Arif Hasan) — wideleft.football,6055,314,10.48,33.38,5.26,1.79,28.5,105,,4.96,25,,,,,,,,,,2026-07-26,210,230,79.3
ahmari-harvey-cb-geo-2026,2026,Ahmari Harvey,CB,Georgia Tech,,,Wide Left Consensus Big Board (Arif Hasan) — wideleft.football,5112,187,9.38,30.38,4.52,1.52,31,116,,,15,,,,,,,,,,2026-07-26,,,
rahsul-faison-rb-sou-2026,2026,Rahsul Faison,RB,South Carolina,7,271,Wide Left Consensus Big Board (Arif Hasan) — wideleft.football,5105,206,9.28,30.5,4.62,1.59,37.5,122,,4.26,14,Balanced,Explosiveness,Short-Area Quickness,,"26 yo player, good patience, lateral agility, decisive, dosen't have long speed, more quick than fast",,,,,2026-07-26,257,278,72.1
anthony-lucas-edge-usc-2026,2026,Anthony Lucas,EDGE,USC,5,160,Wide Left Consensus Big Board (Arif Hasan) — wideleft.football,6053,260,10.28,34.38,,,,,,,,Power Rusher,Size/Length,Strength,,"Very long edge player, can play all positions on DL, not bendy or bursty, high upside",,,,,2026-07-26,208,143,107.3
ahmaad-moses-s-smu-2026,2026,Ahmaad Moses,S,SMU,,,Wide Left Consensus Big Board (Arif Hasan) — wideleft.football,5090,203,9,30.38,,,38,,,,,,,,,,,,,,2026-07-26,,,
harrison-wallace-iii-wr-ole-2026,2026,Harrison Wallace III,WR,Ole Miss,7,276,Wide Left Consensus Big Board (Arif Hasan) — wideleft.football,5117,194,8.78,32.25,4.54,1.58,35,122,,4.34,,,,,,,,,,,2026-07-26,237,290,72.5
logan-fano-edge-uta-2026,2026,Logan Fano,EDGE,Utah,7,238,Wide Left Consensus Big Board (Arif Hasan) — wideleft.football,6045,252,9.48,31.5,4.59,1.56,32,118,,,,Speed Rusher,,,,"Good long arm, high motor, upper body strength, stiff frame, injury history",,,,,2026-07-26,194,239,77.5
bishop-fitzgerald-s-usc-2026,2026,Bishop Fitzgerald,S,USC,6,181,Wide Left Consensus Big Board (Arif Hasan) — wideleft.football,6010,218,9,33,4.4,1.56,37,130,,4.32,16,Strong Safety,Football IQ,Short-Area Quickness,Ball Skills,"Good instincts, not super athletic, lacks deep speed, playmaker",,,,,2026-07-26,197,183,80.2
gary-smith-iii-dt-ucl-2026,2026,Gary Smith III,DT,UCLA,,,Wide Left Consensus Big Board (Arif Hasan) — wideleft.football,6007,323,9.68,33.5,,,28,,,5.16,25,Run Stuffer,Anchor,,,,,,,,2026-07-26,,,
haynes-king-qb-geo-2026,2026,Haynes King,QB,Georgia Tech,7,279,Wide Left Consensus Big Board (Arif Hasan) — wideleft.football,6023,212,9,31.88,4.46,1.56,33.5,116,,4.17,,Running QB,,,,,,,,,2026-07-26,283,276,67.1
thaddeus-dixon-cb-nor-2026,2026,Thaddeus Dixon,CB,North Carolina,6,216,Wide Left Consensus Big Board (Arif Hasan) — wideleft.football,6005,195,10.28,31.13,4.44,,,,,,10,,,,,,,,,,2026-07-26,227,214,85.6
joshua-braun-iol-ken-2026,2026,Joshua Braun,IOL,Kentucky,,,Wide Left Consensus Big Board (Arif Hasan) — wideleft.football,6060,325,10.38,34.63,,,28.5,99,,4.82,23,,,,,,,,,,2026-07-26,,,
patrick-payton-edge-lsu-2026,2026,Patrick Payton,EDGE,LSU,7,267,Wide Left Consensus Big Board (Arif Hasan) — wideleft.football,6044,254,9.58,34,,,,,,,,Power Rusher,Physicality,,,"Physical, has decent power, decent speed, nothing special of either though, high upside low floor w/athleticism",,,,,2026-07-26,286,268,73.9
aamil-wagner-ot-not-2026,2026,Aamil Wagner,OT,Notre Dame,6,203,Wide Left Consensus Big Board (Arif Hasan) — wideleft.football,6055,310,10.18,35.13,5.01,1.79,29.5,109,,4.88,,,,,,,,,,,2026-07-26,202,202,86.5
roman-hemby-rb-ind-2026,2026,Roman Hemby,RB,Indiana,7,222,Wide Left Consensus Big Board (Arif Hasan) — wideleft.football,5116,208,9.48,30.88,4.54,1.62,35.5,125,,4.52,15,Power,Motor,Power,,"Scrappy RB, decent short area quickness, gets all yards that are available, deceptive mover, typewriter feet",,,,,2026-07-26,219,229,86.9
taurean-york-lb-tex-2026,2026,Taurean York,LB,Texas A&M,5,162,Wide Left Consensus Big Board (Arif Hasan) — wideleft.football,5101,226,8.58,30.13,4.59,1.62,30.5,,,4.34,25,Power/Tackling,Strength,Physicality,Football IQ,"Super smart, physical, stays square, smalller guy, not most athletic, gets stuck on blockers",,,,,2026-07-26,180,144,102.3
nadame-tucker-edge-wes-2026,2026,Nadame Tucker,EDGE,Western Michigan,6,179,Wide Left Consensus Big Board (Arif Hasan) — wideleft.football,6013,250,9,31.88,4.73,1.63,32,119,,4.68,22,Speed Rusher,Motor,Bend,,"Explosive, good speed, bendy, strong hands, didn't play against great teams",,,,,2026-07-26,193,174,91.5
tyreak-sapp-edge-flo-2026,2026,Tyreak Sapp,EDGE,Florida,6,194,Wide Left Consensus Big Board (Arif Hasan) — wideleft.football,6023,283,9.48,32,,,,,,,28,Power Rusher,Physicality,Strength,Motor,"Good motor, physical player, feisty, not best get off, drops into coverage and is a baller, more DE than Edge",,,,,2026-07-26,214,180,101.9
damonic-williams-dt-okl-2026,2026,Damonic Williams,DT,Oklahoma,,,Wide Left Consensus Big Board (Arif Hasan) — wideleft.football,6015,302,9.68,32.75,,,,100,,4.96,30,Run Stuffer,Strength,Motor,,"Good length, saw nice trap move, does dirty work inside, strong effort",,,,,2026-07-26,,,
jaydn-ott-rb-okl-2026,2026,Jaydn Ott,RB,Oklahoma,7,245,Wide Left Consensus Big Board (Arif Hasan) — wideleft.football,5110,201,8.68,30.75,4.46,1.53,40.5,131,,4.24,16,Speed,Explosiveness,Speed,,"Athletic player, didn't play much in 2025 for school decision, potential off field issues",,,,,2026-07-26,267,248,88.3
joey-aguilar-qb-ten-2026,2026,Joey Aguilar,QB,Tennessee,,,Wide Left Consensus Big Board (Arif Hasan) — wideleft.football,6030,229,9.63,31.75,,,,,,,,Pocket Passer,Accuracy,,,"Good field general, led a great offense that was schemed up well",,,,,2026-07-26,,,
dillon-bell-wr-geo-2026,2026,Dillon Bell,WR,Georgia,7,287,Wide Left Consensus Big Board (Arif Hasan) — wideleft.football,6003,210,9.48,31.25,4.5,1.58,39,126,,,16,Size/Possession,Explosiveness,YAC,,"Decent yak, late round WR, maybe UDFA",,,,,2026-07-26,287,293,68.4
cj-donaldson-rb-ohi-2026,2026,CJ Donaldson,RB,Ohio State,,,Wide Left Consensus Big Board (Arif Hasan) — wideleft.football,6013,236,9.68,32.13,4.61,1.63,36.5,120,,4.53,14,Power,Power,Pass Protection,Vision,"Big bruiser, good vision, decent blocker, classic power back, very physical, yes please.",,,,,2026-07-26,,,
scooby-williams-lb-tex-2026,2026,Scooby Williams,LB,Texas A&M,7,295,Wide Left Consensus Big Board (Arif Hasan) — wideleft.football,6021,243,9,32,,,,,,,,,,,,,,,,,2026-07-26,263,309,61.7
miles-kitselman-te-ten-2026,2026,Miles Kitselman,TE,Tennessee,,,Wide Left Consensus Big Board (Arif Hasan) — wideleft.football,6051,251,9.58,32,4.9,1.71,34.5,116,,,,Receiving,Route Running,Hands,,"Lumbering TE, reliable hands and can run routes but not a NFL TE",,,,,2026-07-26,,,
chris-hilton-jr-wr-lsu-2026,2026,Chris Hilton Jr.,WR,LSU,,,Wide Left Consensus Big Board (Arif Hasan) — wideleft.football,5116,187,9.18,32.38,4.4,1.63,38.5,122,,4.35,,,,,,,,,,,2026-07-26,,,
vincent-anthony-jr-edge-duk-2026,2026,Vincent Anthony Jr.,EDGE,Duke,7,231,Wide Left Consensus Big Board (Arif Hasan) — wideleft.football,6055,259,10,34.5,4.82,1.56,32.5,123,,4.53,15,Speed Rusher,Size/Length,Bend,Explosiveness,"Just decent athlete, does have decent bend, attacks the ball, not great vs run, plays more athletic than tests, bit of drama queen",,,,,2026-07-26,265,227,74.3
michael-trigg-te-bay-2026,2026,Michael Trigg,TE,Baylor,4,118,Wide Left Consensus Big Board (Arif Hasan) — wideleft.football,6033,238,10.48,34.5,,,27.5,,,,,Receiving,Hands,Route Running,,Mackey Award finalist,,,,,2026-07-26,118,116,101
robert-henry-rb-uts-2026,2026,Robert Henry,RB,UTSA,7,251,Wide Left Consensus Big Board (Arif Hasan) — wideleft.football,5092,196,9.13,30.13,4.52,1.62,37,124,,4.1,17,,,,,,,,,,2026-07-26,272,252,89.7
jaylon-guilbeau-cb-tex-2026,2026,Jaylon Guilbeau,CB,Texas,,,Wide Left Consensus Big Board (Arif Hasan) — wideleft.football,5102,187,9,30,4.53,1.62,34.5,125,,4.23,15,Balanced,Speed,Explosiveness,,,,,,,2026-07-26,,,
nyjalik-kelly-edge-ucf-2026,2026,Nyjalik Kelly,EDGE,UCF,,,Wide Left Consensus Big Board (Arif Hasan) — wideleft.football,6052,263,10.48,35.5,4.84,1.71,37,119,,4.76,,Speed Rusher,Size/Length,,,,,,,,2026-07-26,,,
deontae-lawson-lb-ala-2026,2026,Deontae Lawson,LB,Alabama,4,117,Wide Left Consensus Big Board (Arif Hasan) — wideleft.football,6027,224,9.38,32,,,,,,,20,Power/Tackling,,,,"Decent athlete, lack of instincts, gets caught up in trash, slow processor",,,,,2026-07-26,137,115,116.8
aidan-hubbard-edge-nor-2026,2026,Aidan Hubbard,EDGE,Northwestern,,,Wide Left Consensus Big Board (Arif Hasan) — wideleft.football,6041,259,9.18,32.13,4.8,1.67,38.5,120,,,21,Power Rusher,Motor,,,,,,,,2026-07-26,,,
xavian-sorey-lb-ark-2026,2026,Xavian Sorey,LB,Arkansas,7,275,Wide Left Consensus Big Board (Arif Hasan) — wideleft.football,6020,228,9.63,31.63,4.63,1.66,37.5,121,,4.42,,,,,,,,,,,2026-07-26,258,279,64.8
rj-maryland-te-smu-2026,2026,RJ Maryland,TE,SMU,,,Wide Left Consensus Big Board (Arif Hasan) — wideleft.football,6034,238,9.18,32.25,4.51,1.64,32,122,,4.37,16,,,,,,,,,,2026-07-26,,,
diego-pounds-ot-ole-2026,2026,Diego Pounds,OT,Ole Miss,5,175,Wide Left Consensus Big Board (Arif Hasan) — wideleft.football,6057,330,9.78,33.75,5.15,1.77,30,112,,4.78,21,,,,,,,,,,2026-07-26,190,176,103.7
collin-wright-cb-sta-2026,2026,Collin Wright,CB,Stanford,7,237,Wide Left Consensus Big Board (Arif Hasan) — wideleft.football,6000,188,8.48,31,4.51,1.58,38.5,123,,4.37,,Balanced,Explosiveness,,,,,,,,2026-07-26,215,241,73.9
dillon-wade-iol-aub-2026,2026,Dillon Wade,IOL,Auburn,,,Wide Left Consensus Big Board (Arif Hasan) — wideleft.football,6030,316,10.28,31.75,5.02,1.75,28.5,104,,,28,,,,,,,,,,2026-07-26,,,
jordan-hudson-wr-smu-2026,2026,Jordan Hudson,WR,SMU,7,282,Wide Left Consensus Big Board (Arif Hasan) — wideleft.football,6010,199,9,31.38,4.58,1.63,32,122,,4.4,,,,,,,,,,,2026-07-26,304,275,71.6
jeff-caldwell-wr-cin-2026,2026,Jeff Caldwell,WR,Cincinnati,6,185,Wide Left Consensus Big Board (Arif Hasan) — wideleft.football,6052,213,9.38,32.63,4.31,1.48,42,134,,,,Balanced,Speed,Explosiveness,,,,,,,2026-07-26,173,192,85.2
leveon-moss-rb-tex-2026,2026,Le'Veon Moss,RB,Texas A&M,6,190,Wide Left Consensus Big Board (Arif Hasan) — wideleft.football,5106,211,9.18,31.38,4.58,1.56,31.5,119,,,16,Speed,Vision,,,"Explosive, good vision/patience, north/south runner, good runner but not very well-rounded",,,,,2026-07-26,164,201,89.7
eric-rivers-wr-geo-2026,2026,Eric Rivers,WR,Georgia Tech,6,206,Wide Left Consensus Big Board (Arif Hasan) — wideleft.football,5097,178,9,30.5,4.35,1.52,37,127,,,,Speed/Quickness,Speed,Explosiveness,,,,,,,2026-07-26,241,196,95.1
donaven-mcculley-wr-mic-2026,2026,Donaven McCulley,WR,Michigan,,,Wide Left Consensus Big Board (Arif Hasan) — wideleft.football,6040,209,10.25,32.63,4.76,1.65,33,116,,4.38,,Size/Possession,Size/Length,Blocking,,"Long and lean, big hands, willing blocker, wasn't much of an impact player, not much separation",,,,,2026-07-26,,,
jmari-taylor-rb-vir-2026,2026,J'Mari Taylor,RB,Virginia,6,208,Wide Left Consensus Big Board (Arif Hasan) — wideleft.football,5091,197,9.28,30,4.63,1.63,34.5,115,,,20,Power,Vision,Contact Balance,Power,"Good contact balance, vision and patience, tough, pass protection is solid, can cass passes, complete shorter power-RB",,,,,2026-07-26,212,206,99.6
j-michael-sturdivant-wr-flo-2026,2026,J. Michael Sturdivant,WR,Florida,7,239,Wide Left Consensus Big Board (Arif Hasan) — wideleft.football,,207,9.5,32.88,4.4,1.54,39,131,,,,,,,,,,,,,2026-07-26,222,237,81.1
cameron-ball-dt-ark-2026,2026,Cameron Ball,DT,Arkansas,7,252,Wide Left Consensus Big Board (Arif Hasan) — wideleft.football,6033,308,9.48,33.13,5.1,1.81,32,109,,4.76,20,Run Stuffer,Short-Area Quickness,,,,,,,,2026-07-26,225,256,69.8
marvin-jones-jr-edge-okl-2026,2026,Marvin Jones Jr.,EDGE,Oklahoma,,,Wide Left Consensus Big Board (Arif Hasan) — wideleft.football,6046,252,9.28,33,4.69,1.65,34.5,,,4.42,,Speed Rusher,Short-Area Quickness,Pass Rush Skills,,"Good length, moves better than his measurables show",,,,,2026-07-26,,,
dontay-corleone-dt-cin-2026,2026,Dontay Corleone,DT,Cincinnati,5,142,Wide Left Consensus Big Board (Arif Hasan) — wideleft.football,6002,333,9.78,32,,,,,,,,Run Stuffer,Anchor,Strength,,"Huge man who can anchor and push the pocket, very strong, plays over C, not sure about athleticism, no pass rush",,,,,2026-07-26,163,133,109.1
marcus-allen-cb-nor-2026,2026,Marcus Allen,CB,North Carolina,,,Wide Left Consensus Big Board (Arif Hasan) — wideleft.football,6016,191,8.28,32.5,,,,,,4.19,,,,,,,,,,,2026-07-26,,,
jalon-daniels-qb-kan-2026,2026,Jalon Daniels,QB,Kansas,7,292,Wide Left Consensus Big Board (Arif Hasan) — wideleft.football,6005,219,9.63,30.38,4.65,1.63,,,,,,,,,,,,,,,2026-07-26,353,288,63.9
sawyer-robertson-qb-bay-2026,2026,Sawyer Robertson,QB,Baylor,7,223,Wide Left Consensus Big Board (Arif Hasan) — wideleft.football,6036,216,9.38,32.13,4.65,1.59,37.5,123,,4.46,,,,,,,,,,,2026-07-26,224,228,86
eric-gentry-lb-usc-2026,2026,Eric Gentry,LB,USC,7,247,Wide Left Consensus Big Board (Arif Hasan) — wideleft.football,6065,228,10.48,35.75,4.59,1.63,35.5,124,,4.41,13,Balanced,Short-Area Quickness,,,,,,,,2026-07-26,260,245,83.8
jaeden-roberts-iol-ala-2026,2026,Jaeden Roberts,IOL,Alabama,7,225,Wide Left Consensus Big Board (Arif Hasan) — wideleft.football,6051,345,9.78,33.5,5.26,1.85,,,,,,,,,,,,,,,2026-07-26,248,221,101.4
owen-heinecke-lb-okl-2026,2026,Owen Heinecke,LB,Oklahoma,,,Wide Left Consensus Big Board (Arif Hasan) — wideleft.football,6014,229,9.48,30.5,4.62,1.62,34.5,119,,4.27,,Range/Coverage,Short-Area Quickness,,,Backup linebacker,,,,,2026-07-26,,,
khalil-dinkins-te-pen-2026,2026,Khalil Dinkins,TE,Penn State,,,Wide Left Consensus Big Board (Arif Hasan) — wideleft.football,6042,251,9.5,33.25,4.72,1.7,32.5,119,,,,,,,,,,,,,2026-07-26,,,
deshon-singleton-s-neb-2026,2026,DeShon Singleton,S,Nebraska,7,258,Wide Left Consensus Big Board (Arif Hasan) — wideleft.football,6030,206,10,32.88,4.57,1.64,39.5,130,,4.33,12,,,,,,,,,,2026-07-26,244,255,70.7
avery-smith-cb-tol-2026,2026,Avery Smith,CB,Toledo,7,296,Wide Left Consensus Big Board (Arif Hasan) — wideleft.football,5101,192,8.38,29.38,,,34,123,,4.34,14,,,,,,,,,,2026-07-26,270,296,72.5
eric-mcalister-wr-tcu-2026,2026,Eric McAlister,WR,TCU,6,186,Wide Left Consensus Big Board (Arif Hasan) — wideleft.football,6030,210,9.78,32.75,4.53,1.57,28.5,119,,,,,,,,,,,,,2026-07-26,216,172,105.5
noah-whittington-rb-ore-2026,2026,Noah Whittington,RB,Oregon,7,270,Wide Left Consensus Big Board (Arif Hasan) — wideleft.football,5080,206,8.38,29.63,,,,,,,24,Power,Power,Vision,Contact Balance,"Decent RB, somewhat physical, older player 25 yo, good lateral agility, efficient runner",,,,,2026-07-26,276,277,67.1
daequan-wright-te-ole-2026,2026,Dae'Quan Wright,TE,Ole Miss,6,183,Wide Left Consensus Big Board (Arif Hasan) — wideleft.football,6036,252,9.38,31.88,,,,,,,,,,,,,,,,,2026-07-26,209,187,82.9
luke-altmyer-qb-ill-2026,2026,Luke Altmyer,QB,Illinois,7,242,Wide Left Consensus Big Board (Arif Hasan) — wideleft.football,6016,210,9,29.88,4.72,1.66,32,114,,,,,,,,,,,,,2026-07-26,239,243,78.8
zxavian-harris-dt-ole-2026,2026,Zxavian Harris,DT,Ole Miss,5,155,Wide Left Consensus Big Board (Arif Hasan) — wideleft.football,6080,330,10,34.63,,,,,,,,Balanced,Size/Length,,,"Huge man who moves surprisingly well for his size, more of a penetrator than anchor, good bull rush, bats balls down, project",,,,,2026-07-26,138,156,99.6
chris-adams-ot-mem-2026,2026,Chris Adams,OT,Memphis,,,Wide Left Consensus Big Board (Arif Hasan) — wideleft.football,6044,309,9.78,34,6,1.98,24,92,,5.26,11,,,,,,,,,,2026-07-26,,,
joe-fagnano-qb-uco-2026,2026,Joe Fagnano,QB,UConn,,,Wide Left Consensus Big Board (Arif Hasan) — wideleft.football,6032,226,9.25,31.38,4.83,1.67,35,118,,4.35,,,,,,,,,,,2026-07-26,,,
lake-mcree-te-usc-2026,2026,Lake McRee,TE,USC,7,268,Wide Left Consensus Big Board (Arif Hasan) — wideleft.football,6036,248,9.38,32.25,4.79,1.7,31.5,111,,4.68,,,,,,,,,,,2026-07-26,249,283,75.7
garrett-digiorgio-iol-ucl-2026,2026,Garrett DiGiorgio,IOL,UCLA,,,Wide Left Consensus Big Board (Arif Hasan) — wideleft.football,6067,323,10,33.38,5.36,1.86,29.5,106,,4.9,,,,,,,,,,,2026-07-26,,,
vinny-anthony-ii-wr-wis-2026,2026,Vinny Anthony II,WR,Wisconsin,7,300,Wide Left Consensus Big Board (Arif Hasan) — wideleft.football,5115,181,9.18,31.5,4.53,1.59,37,115,,4.07,,Speed/Quickness,Short-Area Quickness,,,,,,,,2026-07-26,298,301,61.2
david-gusta-dt-ken-2026,2026,David Gusta,DT,Kentucky,7,288,Wide Left Consensus Big Board (Arif Hasan) — wideleft.football,6020,307,9.78,30.63,4.88,1.68,32,97,,,37,Run Stuffer,,,,,,,,,2026-07-26,277,291,75.2
chase-roberts-wr-byu-2026,2026,Chase Roberts,WR,BYU,7,261,Wide Left Consensus Big Board (Arif Hasan) — wideleft.football,6031,204,9.38,31.63,4.56,1.61,37,126,,4.33,,,,,,,,,,,2026-07-26,321,247,65.7
caullin-lacy-wr-lou-2026,2026,Caullin Lacy,WR,Louisville,,,Wide Left Consensus Big Board (Arif Hasan) — wideleft.football,5086,192,9.58,29,4.56,1.54,33.5,116,,,,Speed/Quickness,,,,"Another small player, UDFA, returner",,,,,2026-07-26,,,
lander-barton-lb-uta-2026,2026,Lander Barton,LB,Utah,7,217,Wide Left Consensus Big Board (Arif Hasan) — wideleft.football,6042,232,9.58,32.63,4.79,1.64,33,119,,4.4,,,,,,,,,,,2026-07-26,217,220,82.4
alan-herron-ot-mar-2026,2026,Alan Herron,OT,Maryland,,,Wide Left Consensus Big Board (Arif Hasan) — wideleft.football,6047,315,9.38,33,5.09,1.84,32,98,,4.91,23,,,,,,,,,,2026-07-26,,,
xavier-nwankpa-s-iow-2026,2026,Xavier Nwankpa,S,Iowa,7,255,Wide Left Consensus Big Board (Arif Hasan) — wideleft.football,6023,207,8,30.63,4.48,1.62,37.5,,,4.39,14,Free Safety,Speed,Explosiveness,,,,,,,2026-07-26,290,249,69.3
mason-reiger-edge-wis-2026,2026,Mason Reiger,EDGE,Wisconsin,6,188,Wide Left Consensus Big Board (Arif Hasan) — wideleft.football,6050,251,10.38,32.63,4.78,1.61,40,125,,,,Speed Rusher,Explosiveness,,,"Good hand usage, decent athlete, twitchy, weak against run gamee",,,,,2026-07-26,175,195,97.3
wesley-bissainthe-lb-mia-2026,2026,Wesley Bissainthe,LB,Miami,,,Wide Left Consensus Big Board (Arif Hasan) — wideleft.football,6014,224,9.58,32,4.63,1.57,,,,4.52,,,,,,Not much to see here,,,,,2026-07-26,,,
desmond-reid-rb-pit-2026,2026,Desmond Reid,RB,Pittsburgh,7,272,Wide Left Consensus Big Board (Arif Hasan) — wideleft.football,5061,176,8.28,28.5,4.58,1.58,35,120,,4.27,,Speed,,,,Super small guy,,,,,2026-07-26,313,272,68
dj-rogers-te-tcu-2026,2026,DJ Rogers,TE,TCU,,,Wide Left Consensus Big Board (Arif Hasan) — wideleft.football,6027,245,9.28,33.75,4.65,1.7,31.5,120,,4.33,15,,,,,,,,,,2026-07-26,,,
jalen-walthall-wr-inc-2026,2026,Jalen Walthall,WR,Incarnate Word,,,Wide Left Consensus Big Board (Arif Hasan) — wideleft.football,6010,197,9.18,31.38,4.53,1.58,38.5,131,,4.39,,,,,,,,,,,2026-07-26,,,
bryson-eason-dt-ten-2026,2026,Bryson Eason,DT,Tennessee,7,259,Wide Left Consensus Big Board (Arif Hasan) — wideleft.football,6022,330,9.78,32.88,5.09,1.78,30.5,112,,4.76,22,Balanced,Size/Length,,,"Decent bull rush, not that powerful for a guy this size, inconsistent, meh player",,,,,2026-07-26,233,262,77.9
jack-pyburn-edge-lsu-2026,2026,Jack Pyburn,EDGE,LSU,7,299,Wide Left Consensus Big Board (Arif Hasan) — wideleft.football,6034,262,9.68,31.5,,,,109,,4.45,,Speed Rusher,Motor,,,"Does a lot in defense, rushes decently, good power and size, won't take over games",,,,,2026-07-26,266,306,61.2
brent-austin-cb-cal-2026,2026,Brent Austin,CB,California,7,291,Wide Left Consensus Big Board (Arif Hasan) — wideleft.football,5110,180,8.18,30.25,4.45,1.56,31.5,124,,4.54,,,Primary Strength,,,,,,,,2026-07-26,326,282,106.4
tyreek-chappell-cb-tex-2026,2026,Tyreek Chappell,CB,Texas A&M,,,Wide Left Consensus Big Board (Arif Hasan) — wideleft.football,5103,188,8.78,30.25,4.53,1.54,36,122,,4.26,,,Primary Strength,,,,,,,,2026-07-26,,,
michael-coats-jr-cb-wes-2026,2026,Michael Coats Jr.,CB,West Virginia,,,Wide Left Consensus Big Board (Arif Hasan) — wideleft.football,5092,184,9.28,31.5,4.4,1.52,36,128,,4.44,14,,Primary Strength,,,,,,,,2026-07-26,,,
kolbey-taylor-cb-van-2026,2026,Kolbey Taylor,CB,Vanderbilt,,,Wide Left Consensus Big Board (Arif Hasan) — wideleft.football,6026,191,9.48,33.88,4.63,1.54,35,132,,4.34,,,Primary Strength,,,,,,,,2026-07-26,,,
ayden-garnes-cb-ari-2026,2026,Ayden Garnes,CB,Arizona,,,Wide Left Consensus Big Board (Arif Hasan) — wideleft.football,5112,181,8.58,31.25,4.41,1.58,36,129,,4.27,10,,Primary Strength,,,,,,,,2026-07-26,,,
jalen-mcmurray-cb-ten-2026,2026,Jalen McMurray,CB,Tennessee,,,Wide Left Consensus Big Board (Arif Hasan) — wideleft.football,5110,184,8.38,30.5,4.56,1.54,34.5,,,4.55,11,,Primary Strength,,,,,,,,2026-07-26,,,
jeadyn-lukus-cb-cle-2026,2026,Jeadyn Lukus,CB,Clemson,,,Wide Left Consensus Big Board (Arif Hasan) — wideleft.football,6020,205,9.28,32.75,4.41,1.46,35.5,139,,4.36,13,,Primary Strength,,,,,,,,2026-07-26,,,
mory-bamba-cb-byu-2026,2026,Mory Bamba,CB,BYU,,,Wide Left Consensus Big Board (Arif Hasan) — wideleft.football,6020,193,9.38,31,4.29,1.46,36.5,133,,4.41,13,,Primary Strength,,,,,,,,2026-07-26,,,
elijah-culp-cb-jam-2026,2026,Elijah Culp,CB,James Madison,,,Wide Left Consensus Big Board (Arif Hasan) — wideleft.football,5096,189,8.48,29.5,4.39,1.58,36.5,128,,4.38,17,,Primary Strength,,,,,,,,2026-07-26,,,
stephen-hall-cb-mis-2026,2026,Stephen Hall,CB,Missouri,,,Wide Left Consensus Big Board (Arif Hasan) — wideleft.football,6000,210,9.58,30.88,4.43,1.56,34.5,135,,4.4,19,,Primary Strength,,,,,,,,2026-07-26,,,
rene-konga-dt-lou-2026,2026,Rene Konga,DT,Louisville,7,269,Wide Left Consensus Big Board (Arif Hasan) — wideleft.football,6036,298,9.48,33.63,4.79,1.6,37,122,,4.59,20,Balanced,Size/Length,Strength,,,,,,,2026-07-26,292,263,107.3
james-thompson-jr-dt-ill-2026,2026,James Thompson Jr.,DT,Illinois,,,Wide Left Consensus Big Board (Arif Hasan) — wideleft.football,6055,308,9,31.38,5,1.75,28,110,,4.78,36,Balanced,,,,,,,,,2026-07-26,,,
jayden-loving-dt-wak-2026,2026,Jayden Loving,DT,Wake Forest,,,Wide Left Consensus Big Board (Arif Hasan) — wideleft.football,6013,309,9.38,30.25,4.82,1.64,35,111,,4.53,33,Balanced,Motor,,,,,,,,2026-07-26,,,
jalen-hunt-dt-cin-2026,2026,Jalen Hunt,DT,Cincinnati,,,Wide Left Consensus Big Board (Arif Hasan) — wideleft.football,6023,310,9,32.5,4.99,1.71,30,114,,4.41,25,Balanced,Short-Area Quickness,,,,,,,,2026-07-26,,,
tywone-malone-jr-dt-ohi-2026,2026,Tywone Malone Jr.,DT,Ohio State,,,Wide Left Consensus Big Board (Arif Hasan) — wideleft.football,6041,305,8.68,33,5.12,1.87,27,94,,5,22,Run Stuffer,Size/Length,,,,,,,,2026-07-26,,,
david-blay-jr-dt-mia-2026,2026,David Blay Jr.,DT,Miami,,,Wide Left Consensus Big Board (Arif Hasan) — wideleft.football,6023,292,10.28,32,5.07,1.74,,98,,4.81,27,Pass Rusher,Short-Area Quickness,,,,,,,,2026-07-26,,,
michael-heldman-edge-cen-2026,2026,Michael Heldman,EDGE,Central Michigan,7,289,Wide Left Consensus Big Board (Arif Hasan) — wideleft.football,6037,268,9.48,32.5,4.7,1.64,40,123,,4.31,29,Balanced,Motor,,,,,,,,2026-07-26,296,286,92.4
mikail-kamara-edge-ind-2026,2026,Mikail Kamara,EDGE,Indiana,7,220,Wide Left Consensus Big Board (Arif Hasan) — wideleft.football,6005,250,9.58,31.38,4.9,1.7,34,109,,4.75,,Speed Rusher,,,,,,,,,2026-07-26,264,212,91.5
cian-slone-edge-nor-2026,2026,Cian Slone,EDGE,North Carolina State,,,Wide Left Consensus Big Board (Arif Hasan) — wideleft.football,6031,241,9.68,31.13,4.66,1.56,35.5,121,,4.35,23,Speed Rusher,Physicality,Motor,,,,,,,2026-07-26,,,
mitchell-melton-edge-vir-2026,2026,Mitchell Melton,EDGE,Virginia,,,Wide Left Consensus Big Board (Arif Hasan) — wideleft.football,6030,253,9.38,33.13,4.62,1.69,30.5,119,,4.44,22,Speed Rusher,Size/Length,Bend,,,,,,,2026-07-26,,,
khordae-sydnor-edge-van-2026,2026,Khordae Sydnor,EDGE,Vanderbilt,,,Wide Left Consensus Big Board (Arif Hasan) — wideleft.football,6044,264,10,34.75,4.68,1.58,32,121,,4.53,15,Speed Rusher,Size/Length,Bend,,,,,,,2026-07-26,,,
caden-barnett-iol-wyo-2026,2026,Caden Barnett,IOL,Wyoming,7,285,Wide Left Consensus Big Board (Arif Hasan) — wideleft.football,6037,316,9.48,33.38,5.03,1.73,31,105,,4.55,22,,,,,,,,,,2026-07-26,291,284,81.5
josh-gesky-iol-ill-2026,2026,Josh Gesky,IOL,Illinois,,,Wide Left Consensus Big Board (Arif Hasan) — wideleft.football,6051,308,9.58,33,5.03,1.74,33,109,,4.95,30,,,,,,,,,,2026-07-26,,,
james-brockermeyer-iol-mia-2026,2026,James Brockermeyer,IOL,Miami,7,294,Wide Left Consensus Big Board (Arif Hasan) — wideleft.football,6030,298,9.38,32,5.3,1.8,28.5,101,,4.72,26,,,,,,,,,,2026-07-26,327,294,61.2
jordan-white-iol-van-2026,2026,Jordan White,IOL,Vanderbilt,,,Wide Left Consensus Big Board (Arif Hasan) — wideleft.football,6020,293,10.18,31.63,5.09,1.73,27,101,,4.78,29,,,,,,,,,,2026-07-26,,,
jaren-kump-iol-uta-2026,2026,Jaren Kump,IOL,Utah,,,Wide Left Consensus Big Board (Arif Hasan) — wideleft.football,6053,313,11,34,5.27,1.87,27,107,,4.76,31,,,,,,,,,,2026-07-26,,,
delby-lemieux-iol-dar-2026,2026,Delby Lemieux,IOL,Dartmouth,,,Wide Left Consensus Big Board (Arif Hasan) — wideleft.football,6050,309,8.78,31.38,5.02,1.71,26,105,,4.69,25,,,,,,,,,,2026-07-26,,,
nick-dawkins-iol-pen-2026,2026,Nick Dawkins,IOL,Penn State,,,Wide Left Consensus Big Board (Arif Hasan) — wideleft.football,6043,305,9.78,33.75,5.22,1.77,33,112,,,7,,,,,,,,,,2026-07-26,,,
jack-walsh-iol-wyo-2026,2026,Jack Walsh,IOL,Wyoming,,,Wide Left Consensus Big Board (Arif Hasan) — wideleft.football,6034,304,9.38,33.25,5.2,1.76,29.5,105,,4.65,22,,,,,,,,,,2026-07-26,,,
mason-randolph-iol-boi-2026,2026,Mason Randolph,IOL,Boise State,,,Wide Left Consensus Big Board (Arif Hasan) — wideleft.football,6036,311,10.68,33.25,5.25,1.91,27.5,104,,4.84,20,,,,,,,,,,2026-07-26,,,
ernest-hausmann-lb-mic-2026,2026,Ernest Hausmann,LB,Michigan,,,Wide Left Consensus Big Board (Arif Hasan) — wideleft.football,6010,226,9.18,32.63,4.77,1.62,31,112,,4.78,,,,,,,,,,,2026-07-26,,,
khalil-jacobs-lb-mis-2026,2026,Khalil Jacobs,LB,Missouri,,,Wide Left Consensus Big Board (Arif Hasan) — wideleft.football,6010,227,10.28,32.25,4.77,1.65,40,133,,4.54,27,Range/Coverage,Speed,Explosiveness,,,,,,,2026-07-26,,,
shad-banks-jr-lb-uts-2026,2026,Shad Banks Jr.,LB,UTSA,,,Wide Left Consensus Big Board (Arif Hasan) — wideleft.football,5114,230,9.18,31.75,4.62,1.7,32,119,,4.4,16,Power/Tackling,Physicality,,,,,,,,2026-07-26,,,
jack-dingle-lb-cin-2026,2026,Jack Dingle,LB,Cincinnati,,,Wide Left Consensus Big Board (Arif Hasan) — wideleft.football,6041,232,9.28,31.75,4.57,1.57,35.5,124,,4.17,23,Power/Tackling,Motor,Speed,,,,,,,2026-07-26,,,
west-weeks-lb-lsu-2026,2026,West Weeks,LB,LSU,,,Wide Left Consensus Big Board (Arif Hasan) — wideleft.football,6016,230,9.28,30.25,4.56,1.55,31.5,111,,4.51,19,Balanced,Motor,,,,,,,,2026-07-26,,,
javin-wright-lb-neb-2026,2026,Javin Wright,LB,Nebraska,,,Wide Left Consensus Big Board (Arif Hasan) — wideleft.football,6040,232,10,32.88,4.6,1.59,35.5,120,,4.25,12,,,,,,,,,,2026-07-26,,,
tj-quinn-lb-lou-2026,2026,TJ Quinn,LB,Louisville,,,Wide Left Consensus Big Board (Arif Hasan) — wideleft.football,6002,225,9.38,32.5,4.52,1.5,33,122,,4.41,21,,,,,,,,,,2026-07-26,,,
quinn-urwiler-lb-nor-2026,2026,Quinn Urwiler,LB,Northern Illinois,,,Wide Left Consensus Big Board (Arif Hasan) — wideleft.football,5102,230,9.18,30.13,4.69,1.74,33.5,121,,4.27,36,,,,,,,,,,2026-07-26,,,
dominic-deluca-lb-pen-2026,2026,Dominic DeLuca,LB,Penn State,,,Wide Left Consensus Big Board (Arif Hasan) — wideleft.football,6011,228,9.28,30.5,4.63,1.63,32.5,116,,4.3,11,,,,,,,,,,2026-07-26,,,
isaiah-world-ot-ore-2026,2026,Isaiah World,OT,Oregon,5,157,Wide Left Consensus Big Board (Arif Hasan) — wideleft.football,6054,323,9.68,34.5,,,,,,,,,Primary Strength,,,,,,,,2026-07-26,157,158,105
nolan-rucci-ot-pen-2026,2026,Nolan Rucci,OT,Penn State,7,274,Wide Left Consensus Big Board (Arif Hasan) — wideleft.football,6083,314,10.38,34,5.44,1.92,30,108,,4.87,,,Primary Strength,,,,,,,,2026-07-26,349,265,77.9
riley-mahlman-ot-wis-2026,2026,Riley Mahlman,OT,Wisconsin,,,Wide Left Consensus Big Board (Arif Hasan) — wideleft.football,6083,308,9.18,32.25,,,30,106,,4.59,17,,Primary Strength,,,,,,,,2026-07-26,,,
tristan-leigh-ot-cle-2026,2026,Tristan Leigh,OT,Clemson,,,Wide Left Consensus Big Board (Arif Hasan) — wideleft.football,6045,312,9.28,34.38,,,,,,,,,Primary Strength,,,,,,,,2026-07-26,,,
gavin-ortega-ot-web-2026,2026,Gavin Ortega,OT,Weber State,,,Wide Left Consensus Big Board (Arif Hasan) — wideleft.football,6050,304,10,33,5.1,1.76,30,111,,4.69,24,,Primary Strength,,,,,,,,2026-07-26,,,
james-neal-iii-ot-iow-2026,2026,James Neal III,OT,Iowa State,,,Wide Left Consensus Big Board (Arif Hasan) — wideleft.football,6047,323,9.68,34.25,5.18,1.78,33,105,,4.78,26,,Primary Strength,,,,,,,,2026-07-26,,,
kahlil-benson-ot-ind-2026,2026,Kahlil Benson,OT,Indiana,,,Wide Left Consensus Big Board (Arif Hasan) — wideleft.football,6057,321,10.28,34.63,5.08,1.8,30.5,109,,4.78,23,,Primary Strength,,,,,,,,2026-07-26,,,
micah-pettus-ot-flo-2026,2026,Micah Pettus,OT,Florida State,,,Wide Left Consensus Big Board (Arif Hasan) — wideleft.football,6067,335,10.18,34.38,5.52,1.93,28,,,4.95,,,Primary Strength,,,,,,,,2026-07-26,,,
trevonte-sylvester-ot-lou-2026,2026,Trevonte Sylvester,OT,Louisville,,,Wide Left Consensus Big Board (Arif Hasan) — wideleft.football,6052,294,9.38,34,5.11,1.73,29.5,116,,4.69,,,Primary Strength,,,,,,,,2026-07-26,,,
chip-trayanum-rb-tol-2026,2026,Chip Trayanum,RB,Toledo,,,Wide Left Consensus Big Board (Arif Hasan) — wideleft.football,5105,224,9.68,31.5,4.5,1.58,37,119,,4.25,27,,Primary Strength,,,,,,,,2026-07-26,,,
dean-connors-rb-hou-2026,2026,Dean Connors,RB,Houston,,,Wide Left Consensus Big Board (Arif Hasan) — wideleft.football,5113,206,9.28,29.63,4.45,1.57,39.5,122,,4.29,21,,Primary Strength,,,,,,,,2026-07-26,,,
cash-jones-rb-geo-2026,2026,Cash Jones,RB,Georgia,,,Wide Left Consensus Big Board (Arif Hasan) — wideleft.football,5110,185,8.68,31.13,4.44,1.54,33.5,121,,4.31,20,,Primary Strength,,,,,,,,2026-07-26,,,
barika-kpeenu-rb-nor-2026,2026,Barika Kpeenu,RB,North Dakota State,,,Wide Left Consensus Big Board (Arif Hasan) — wideleft.football,5095,213,9.38,32.25,4.66,1.59,33.5,123,,4.33,28,,Primary Strength,,,,,,,,2026-07-26,,,
star-thomas-rb-ten-2026,2026,Star Thomas,RB,Tennessee,,,Wide Left Consensus Big Board (Arif Hasan) — wideleft.football,5106,200,8.68,31.13,4.65,1.63,30,,,4.5,,,Primary Strength,,,,,,,,2026-07-26,,,
kentrel-bullock-rb-sou-2026,2026,Kentrel Bullock,RB,South Alabama,,,Wide Left Consensus Big Board (Arif Hasan) — wideleft.football,5097,196,10.68,30.63,4.53,1.63,33.5,128,,4.27,,,Primary Strength,,,,,,,,2026-07-26,,,
kejon-owens-rb-flo-2026,2026,Kejon Owens,RB,Florida International,,,Wide Left Consensus Big Board (Arif Hasan) — wideleft.football,5100,203,9.18,29.25,4.71,1.57,30.5,116,,4.64,15,,Primary Strength,,,,,,,,2026-07-26,,,
coleman-bennett-rb-ken-2026,2026,Coleman Bennett,RB,Kennesaw State,,,Wide Left Consensus Big Board (Arif Hasan) — wideleft.football,5111,203,9.28,31.13,4.68,1.61,31.5,124,,4.25,17,,Primary Strength,,,,,,,,2026-07-26,,,
greg-desrosiers-jr-rb-mem-2026,2026,Greg Desrosiers Jr.,RB,Memphis,,,Wide Left Consensus Big Board (Arif Hasan) — wideleft.football,5102,202,8.78,29,4.52,1.5,34.5,121,,4.21,18,,Primary Strength,,,,,,,,2026-07-26,,,
tj-harden-rb-smu-2026,2026,TJ Harden,RB,SMU,,,Wide Left Consensus Big Board (Arif Hasan) — wideleft.football,6002,218,9.28,31.5,4.59,1.68,30,119,,4.46,14,,Primary Strength,,,,,,,,2026-07-26,,,
austin-brown-s-wis-2026,2026,Austin Brown,S,Wisconsin,,,Wide Left Consensus Big Board (Arif Hasan) — wideleft.football,5116,199,9.28,32.13,4.5,1.61,43,129,,4.21,20,,Primary Strength,,,,,,,,2026-07-26,,,
jalen-stroman-s-not-2026,2026,Jalen Stroman,S,Notre Dame,7,298,Wide Left Consensus Big Board (Arif Hasan) — wideleft.football,6003,203,8.78,31.63,4.7,1.67,36,123,,4.41,14,,Primary Strength,,,,,,,,2026-07-26,337,297,78.8
jacob-thomas-s-jam-2026,2026,Jacob Thomas,S,James Madison,,,Wide Left Consensus Big Board (Arif Hasan) — wideleft.football,6004,215,9.28,31.25,4.44,1.63,36.5,121,,4.21,15,,Primary Strength,,,,,,,,2026-07-26,,,
cam-smith-s-mar-2026,2026,Cam Smith,S,Marshall,,,Wide Left Consensus Big Board (Arif Hasan) — wideleft.football,6022,204,8.48,31.63,4.57,1.49,32.5,121,,4.45,14,,Primary Strength,,,,,,,,2026-07-26,,,
ike-larsen-s-uta-2026,2026,Ike Larsen,S,Utah State,,,Wide Left Consensus Big Board (Arif Hasan) — wideleft.football,5103,198,9.18,32.5,4.56,1.58,37,121,,4.21,,,Primary Strength,,,,,,,,2026-07-26,,,
gunner-maldonado-s-kan-2026,2026,Gunner Maldonado,S,Kansas State,,,Wide Left Consensus Big Board (Arif Hasan) — wideleft.football,5105,191,9.28,30.5,4.62,1.61,34.5,116,,4.29,18,,Primary Strength,,,,,,,,2026-07-26,,,
larry-worth-iii-s-ark-2026,2026,Larry Worth III,S,Arkansas,,,Wide Left Consensus Big Board (Arif Hasan) — wideleft.football,6036,220,8.78,33.13,4.62,1.57,37.5,134,,,17,,Primary Strength,,,,,,,,2026-07-26,,,
lance-mason-te-wis-2026,2026,Lance Mason,TE,Wisconsin,,,Wide Left Consensus Big Board (Arif Hasan) — wideleft.football,6030,243,10,31.38,4.71,1.67,32.5,111,,4.36,22,,Primary Strength,,,,,,,,2026-07-26,,,
dan-villari-te-syr-2026,2026,Dan Villari,TE,Syracuse,,,Wide Left Consensus Big Board (Arif Hasan) — wideleft.football,6037,243,9.68,32.25,4.77,1.66,,,,4.31,,,Primary Strength,,,,,,,,2026-07-26,,,
hayden-large-te-iow-2026,2026,Hayden Large,TE,Iowa,,,Wide Left Consensus Big Board (Arif Hasan) — wideleft.football,6036,255,9,31.13,4.72,1.57,34.5,120,,4.32,17,,Primary Strength,,,,,,,,2026-07-26,,,
fernando-mendoza-qb-ind-2026,2026,Fernando Mendoza,QB,Indiana,1,1,Wide Left Consensus Big Board (Arif Hasan) — wideleft.football,6046,236,9.5,31.88,,,,,,,,Pocket Passer,Accuracy,Quick-Release,,"Quick, accurate delivery, not the most mobile guy",1,1,Las Vegas,,2026-07-26,1,1,99.1
david-bailey-edge-tex-2026,2026,David Bailey,EDGE,Texas Tech,1,7,Wide Left Consensus Big Board (Arif Hasan) — wideleft.football,6031,254,10.18,34,4.5,1.62,35,129,,,,Speed Rusher,Explosiveness,Pass Rush Skills,Motor,"Violent burst and speed, special player, game wrecker, high upside (aka Von Miller)",1,2,New York Jets,,2026-07-26,4,7,86
jeremiyah-love-rb-not-2026,2026,Jeremiyah Love,RB,Notre Dame,1,3,Wide Left Consensus Big Board (Arif Hasan) — wideleft.football,6010,212,9.28,32.13,4.36,1.55,,,,,,Speed,Speed,Vision,Football IQ,,1,3,Arizona,,2026-07-26,3,2,76.5
carnell-tate-wr-ohi-2026,2026,Carnell Tate,WR,Ohio State,1,9,Wide Left Consensus Big Board (Arif Hasan) — wideleft.football,6022,192,10.18,32,4.53,1.61,,,,,,Size/Possession,Route Running,Football IQ,Size/Length,"Good route runner, expected more with Smith getting so much attention",1,4,Tennessee,,2026-07-26,9,9,79.2
arvell-reese-edge-ohi-2026,2026,Arvell Reese,EDGE,Ohio State,1,2,Wide Left Consensus Big Board (Arif Hasan) — wideleft.football,6041,246,9.5,32.5,4.46,1.58,,,,,,Speed Rusher,Short-Area Quickness,Explosiveness,Motor,"Physical player, played a lot of MLB and edge, decent reaction speed, athleticism",1,5,New York Giants,,2026-07-26,2,3,75.7
mansoor-delane-cb-lsu-2026,2026,Mansoor Delane,CB,LSU,1,10,Wide Left Consensus Big Board (Arif Hasan) — wideleft.football,5116,182,9,30.75,4.38,1.5,39,124,,,,Outside,Man Coverage,Short-Area Quickness,Football IQ,"Very good, gamer, all around the ball, good in coverage, Thorpe Award winner",1,6,Kansas City,,2026-07-26,10,8,71.1
sonny-styles-lb-ohi-2026,2026,Sonny Styles,LB,Ohio State,1,5,Wide Left Consensus Big Board (Arif Hasan) — wideleft.football,6045,247,10,32.88,4.46,1.56,43.5,134,,4.26,,Balanced,Short-Area Quickness,Explosiveness,Tackling,"Dude is a chess piece, playing nickle, LB, edge, fantastic athlete, strong too taking on OL, not sure about his instincts",1,7,Washington,,2026-07-26,6,5,76.5
jordyn-tyson-wr-ari-2026,2026,Jordyn Tyson,WR,Arizona State,1,15,Wide Left Consensus Big Board (Arif Hasan) — wideleft.football,6021,203,9.13,30.25,,,,,,,,Speed/Quickness,Speed,Short-Area Quickness,Route Running,"Quick and sudden WR, one of those guys that is both quick and fast, decent but not great hands, gadget + could be very good",1,8,New Orleans,,2026-07-26,15,12,83.3
spencer-fano-ot-uta-2026,2026,Spencer Fano,OT,Utah,1,11,Wide Left Consensus Big Board (Arif Hasan) — wideleft.football,6053,313,9.28,32.88,4.91,1.72,32,111,,4.67,30,Balanced,Short-Area Quickness,Strength,Football IQ,Outland finalist (best lineman),1,9,Cleveland,,2026-07-26,11,11,84.2
francis-mauigoa-ot-mia-2026,2026,Francis Mauigoa,OT,Miami,1,8,Wide Left Consensus Big Board (Arif Hasan) — wideleft.football,6054,327,10.63,33.25,5.13,1.78,29,106,,4.59,,Balanced,Short-Area Quickness,Hand Fighting,Strength,"Good mover, solid player all around, stays square and rarely beat, knows how to use leverage, power",1,10,New York Giants,,2026-07-26,7,10,79.2
caleb-downs-s-ohi-2026,2026,Caleb Downs,S,Ohio State,1,4,Wide Left Consensus Big Board (Arif Hasan) — wideleft.football,5116,208,9.5,30.25,,,,,,,,Balanced,Football IQ,Coverage,Motor,"Outstanding player, one of top prospects in country; Jim Thorpe Award winner, finalist for top defensive players in nation",1,11,Dallas,,2026-07-26,5,4,79.7
kadyn-proctor-ot-ala-2026,2026,Kadyn Proctor,OT,Alabama,1,19,Wide Left Consensus Big Board (Arif Hasan) — wideleft.football,6064,358,9.78,33.38,5.21,1.84,32.5,109,,4.78,,Power/Strength,Strength,Size/Length,Explosiveness,"Huge man, physical and gap mauler, not very mobile to get up to second level",1,12,Miami,,2026-07-26,18,19,106.4
ty-simpson-qb-ala-2026,2026,Ty Simpson,QB,Alabama,2,38,Wide Left Consensus Big Board (Arif Hasan) — wideleft.football,6011,211,9.38,30.88,,,,,,,,Balanced,Decision-Making,Pocket Presence,Toughness,"Plays hard, ultimately not super impressed, athletic",1,13,LA Rams,,2026-07-26,35,38,105.1
olaivavega-ioane-iol-pen-2026,2026,Olaivavega Ioane,IOL,Penn State,1,13,Wide Left Consensus Big Board (Arif Hasan) — wideleft.football,6042,326,10.5,32.75,,,31.5,104,,,,Power/Strength,Strength,Anchor,Explosiveness,"Big and physical IOL with a nasty streak, best IOL in draft",1,14,Baltimore,,2026-07-26,13,15,84.2
rueben-bain-jr-edge-mia-2026,2026,Rueben Bain Jr.,EDGE,Miami,1,6,Wide Left Consensus Big Board (Arif Hasan) — wideleft.football,6022,265,9.13,30.88,,,,,,,,Power Rusher,Physicality,Strength,Motor,"Extremely physical, smart, takes over games, gives all he's got, motor never stops. Short arms a problem",1,15,Tampa Bay,,2026-07-26,8,6,84.3
kenyon-sadiq-te-ore-2026,2026,Kenyon Sadiq,TE,Oregon,1,16,Wide Left Consensus Big Board (Arif Hasan) — wideleft.football,6031,244,10,31.5,4.39,1.54,43.5,133,,,,Receiving,Speed,Explosiveness,Motor,"Incredibly athletic TE, a bit light but rocked up (Mackey Award finalist)",1,16,New York Jets,,2026-07-26,16,16,81.1
blake-miller-ot-cle-2026,2026,Blake Miller,OT,Clemson,1,31,Wide Left Consensus Big Board (Arif Hasan) — wideleft.football,6065,318,9.68,34.38,5.04,1.75,32,113,,4.65,,Zone/Agility,Explosiveness,Short-Area Quickness,Size/Length,"Not best lateral mover, see Louisville game, perhaps teachable but don't see top level talent, strange stance",1,17,Detroit,,2026-07-26,28,31,91
caleb-banks-dt-flo-2026,2026,Caleb Banks,DT,Florida,2,37,Wide Left Consensus Big Board (Arif Hasan) — wideleft.football,6062,327,10.78,35.25,5.05,1.76,32,114,,,,Balanced,Size/Length,Explosiveness,Strength,"Huge man, long bullish arms/hands, motor is meh for me",1,18,Minnesota,,2026-07-26,40,36,91.9
monroe-freeling-ot-geo-2026,2026,Monroe Freeling,OT,Georgia,1,18,Wide Left Consensus Big Board (Arif Hasan) — wideleft.football,6067,318,10.68,34.75,4.93,1.71,33.5,115,,,,Balanced,Short-Area Quickness,Explosiveness,Size/Length,"Good tackle, reliable, big, can move, doesn't panic, good length, could be good starter",1,19,Carolina,,2026-07-26,17,18,99.2
makai-lemon-wr-usc-2026,2026,Makai Lemon,WR,USC,1,12,Wide Left Consensus Big Board (Arif Hasan) — wideleft.football,5110,194,9,30.63,4.5,1.59,,,,,,Speed/Quickness,Route Running,Football IQ,Hands,"Finalist for Biletnikoff award, quick AND fast, good hands catcher, contested ball guy, not great on scramble drill",1,20,Philadelphia,,2026-07-26,12,14,82.4
max-iheanachor-ot-ari-2026,2026,Max Iheanachor,OT,Arizona State,2,33,Wide Left Consensus Big Board (Arif Hasan) — wideleft.football,6054,322,9,33.75,4.91,1.73,30.5,115,,,,Balanced,Size/Length,Explosiveness,Short-Area Quickness,"Decent athlete, moves ok, getting beat on the reg by Romello Height from TT",1,21,Pittsburgh,,2026-07-26,36,33,92.4
akheem-mesidor-edge-mia-2026,2026,Akheem Mesidor,EDGE,Miami,1,22,Wide Left Consensus Big Board (Arif Hasan) — wideleft.football,6025,260,10,32.5,,,,,,,,Balanced,Pass Rush Skills,Motor,,"Quickish, right place/right time kind of guy, get's overwhelmed by good OL, drops in coverage, not very physical, good motor tho",1,22,LA Chargers,,2026-07-26,21,22,108.7
malachi-lawrence-edge-ucf-2026,2026,Malachi Lawrence,EDGE,UCF,2,48,Wide Left Consensus Big Board (Arif Hasan) — wideleft.football,6040,253,9.25,33.63,4.52,1.59,40,130,,,,Speed Rusher,Explosiveness,Motor,Size/Length,"Fantastic effort, natural pass rusher, disruptive, weak vs. run, not overly strong",1,23,Dallas,,2026-07-26,49,48,94.2
kc-concepcion-wr-tex-2026,2026,KC Concepcion,WR,Texas A&M,1,23,Wide Left Consensus Big Board (Arif Hasan) — wideleft.football,5114,191,9.18,30.63,,,,,,,,Speed/Quickness,Speed,Short-Area Quickness,Football IQ,"Returner, dangerous w/ball, twitchy in open space, good hands, high volume WR, big time gamer",1,24,Cleveland,,2026-07-26,24,24,92.8
dillon-thieneman-s-ore-2026,2026,Dillon Thieneman,S,Oregon,1,17,Wide Left Consensus Big Board (Arif Hasan) — wideleft.football,6001,206,9.18,31.88,4.35,1.52,41,125,,,18,Free Safety,Speed,Explosiveness,Tackling,Crazy athlete,1,25,Chicago,,2026-07-26,19,17,87.4
keylan-rutledge-iol-geo-2026,2026,Keylan Rutledge,IOL,Georgia Tech,2,59,Wide Left Consensus Big Board (Arif Hasan) — wideleft.football,6034,318,10,33.38,5.05,1.81,32.5,104,,,27,Power/Strength,Strength,Hand Fighting,,"Very strong player, mauler, violent hands, decent mover, power/gap scheme fit",1,26,Houston,,2026-07-26,57,61,93.7
chris-johnson-cb-san-2026,2026,Chris Johnson,CB,San Diego State,2,34,Wide Left Consensus Big Board (Arif Hasan) — wideleft.football,6003,194,9.68,31.25,4.49,1.59,40,134,,4.12,16,Balanced,Short-Area Quickness,Speed,Man Coverage,,1,27,Miami,,2026-07-26,33,35,92.8
caleb-lomu-ot-uta-2026,2026,Caleb Lomu,OT,Utah,1,28,Wide Left Consensus Big Board (Arif Hasan) — wideleft.football,6057,310,9.58,33.75,4.99,1.74,32.5,113,,,25,Balanced,Size/Length,Hand Fighting,Explosiveness,,1,28,New England,,2026-07-26,26,28,87.4
peter-woods-dt-cle-2026,2026,Peter Woods,DT,Clemson,1,26,Wide Left Consensus Big Board (Arif Hasan) — wideleft.football,6021,302,9.18,31.13,,1.67,29,104,,4.54,,Balanced,Short-Area Quickness,Pass Rush Skills,Motor,"Powerful, quick, sheds blocks, a bit light and can get moved in run game, don't think he'll be a game wrecker in NFL.",1,29,Kansas City,,2026-07-26,34,23,99.1
omar-cooper-jr-wr-ind-2026,2026,Omar Cooper Jr.,WR,Indiana,1,25,Wide Left Consensus Big Board (Arif Hasan) — wideleft.football,5115,201,9.68,30.5,4.42,1.55,37,,,,,Balanced,Speed,Route Running,YAC,"Speedy WR Mendoza favorite, slot WR",1,30,New York Jets,,2026-07-26,22,26,99.2
keldric-faulk-edge-aub-2026,2026,Keldric Faulk,EDGE,Auburn,1,20,Wide Left Consensus Big Board (Arif Hasan) — wideleft.football,6051,274,9.78,35,4.67,1.68,35,117,,,17,Power Rusher,Strength,Motor,Size/Length,"More power than speed rusher, good motor, good pass rusher",1,31,Tennessee,,2026-07-26,20,20,118.1
jadarian-price-rb-not-2026,2026,Jadarian Price,RB,Notre Dame,2,53,Wide Left Consensus Big Board (Arif Hasan) — wideleft.football,5103,208,9.58,31.38,4.49,1.61,35,124,,4.28,21,Balanced,Vision,Explosiveness,Contact Balance,"Has all the physical tools to be a great back, good vision, speed, physicality. Just hasn't shown it as full time back.",1,32,Seattle,,2026-07-26,42,55,89.7
dezhaun-stribling-wr-ole-2026,2026,De'Zhaun Stribling,WR,Ole Miss,3,99,Wide Left Consensus Big Board (Arif Hasan) — wideleft.football,6022,205,9.78,31.38,4.36,1.53,36,127,,4.36,,Speed/Quickness,Speed,Size/Length,Hands,"Great speed, hands catcher, goes over the middle",2,33,San Fransisco,,2026-07-26,89,100,119.5
chase-bisontis-iol-tex-2026,2026,Chase Bisontis,IOL,Texas A&M,2,46,Wide Left Consensus Big Board (Arif Hasan) — wideleft.football,6050,319,9.58,32,5.02,1.76,32,105,,4.78,,Balanced,Hand Fighting,Short-Area Quickness,,"Good power, decent movement",2,34,Arizona,,2026-07-26,43,46,84.7
tj-parker-edge-cle-2026,2026,T.J. Parker,EDGE,Clemson,1,30,Wide Left Consensus Big Board (Arif Hasan) — wideleft.football,6034,263,9.5,33.13,4.68,1.61,34,121,,,,Power Rusher,Short-Area Quickness,Size/Length,Strength,"Good speed to power, powerful end, runs down for the ball, did more setting edge, plays high, needs to grow in pass rush",2,35,Buffalo,,2026-07-26,31,30,93.7
kayden-mcdonald-dt-ohi-2026,2026,Kayden McDonald,DT,Ohio State,1,29,Wide Left Consensus Big Board (Arif Hasan) — wideleft.football,6022,327,10,32.38,,,,,,,27,Run Stuffer,Anchor,Motor,Strength,"Big man, leader, regularly double-teamed but fights through, stout and attacks downhill, great motor; Outland finalist",2,36,Houston,,2026-07-26,30,29,82.5
colton-hood-cb-ten-2026,2026,Colton Hood,CB,Tennessee,1,32,Wide Left Consensus Big Board (Arif Hasan) — wideleft.football,5115,192,9,31.75,4.49,1.58,39,123,,,,Outside,Physicality,Man Coverage,Strength,"All around the ball, physical tackler, plays the run, plays the ball, baller",2,37,New York Giants,,2026-07-26,27,32,87
treydan-stukes-s-ari-2026,2026,Treydan Stukes,S,Arizona,2,60,Wide Left Consensus Big Board (Arif Hasan) — wideleft.football,6027,202,9.48,31,4.62,1.64,33,124,,4.11,,Free Safety,Speed,Explosiveness,Ball Skills,"Big nickle, good zone, smart, plays LB, S, CB, nickel - hybrid FS/Nickel",2,38,Las Vegas,,2026-07-26,66,57,99.2
denzel-boston-wr-was-2026,2026,Denzel Boston,WR,Washington,1,27,Wide Left Consensus Big Board (Arif Hasan) — wideleft.football,6035,210,9.58,32.38,,,37.5,,,4.3,,Size/Possession,Explosiveness,Size/Length,Physicality,"Big and physical WR, good hands, decent athlete, tough",2,39,Cleveland,,2026-07-26,25,27,84.7
r-mason-thomas-edge-okl-2026,2026,R Mason Thomas,EDGE,Oklahoma,2,47,Wide Left Consensus Big Board (Arif Hasan) — wideleft.football,6024,244,8.58,31.75,4.67,1.63,34,119,,,,Speed Rusher,Motor,Short-Area Quickness,,"Top pass rusher for OK, smallish arms, not best testing, strong, good bull rush, boom or bust player",2,40,Kansas City,,2026-07-26,51,47,85.6
cashius-howell-edge-tex-2026,2026,Cashius Howell,EDGE,Texas A&M,2,36,Wide Left Consensus Big Board (Arif Hasan) — wideleft.football,6022,262,9,31,4.59,1.58,32.5,115,,,,Speed Rusher,Motor,Short-Area Quickness,Bend,"Speed, beast off the edge, decent size, legit blue chip pick, Chuck Bednarik finalist (top Def player award)",2,41,Cincinnati,,2026-07-26,32,37,91
christen-miller-dt-geo-2026,2026,Christen Miller,DT,Georgia,2,42,Wide Left Consensus Big Board (Arif Hasan) — wideleft.football,6035,328,9.78,33,,,,,,,,Balanced,Size/Length,Football IQ,Motor,"Surprisingly quick for his size, long arms, good tackler, good power, good motor, flexible, should be 3 tech (not nose)",2,42,New Orleans,,2026-07-26,44,44,90.2
jacob-rodriguez-lb-tex-2026,2026,Jacob Rodriguez,LB,Texas Tech,2,43,Wide Left Consensus Big Board (Arif Hasan) — wideleft.football,6007,233,9.28,31.13,4.57,1.6,38.5,121,,4.19,23,Range/Coverage,Short-Area Quickness,Explosiveness,Football IQ,"One of best LBs in nation, more quick than fast, instinctual, stopping power, explosive quickness, up for all awards",2,43,Miami,,2026-07-26,41,43,87.4
derrick-moore-edge-mic-2026,2026,Derrick Moore,EDGE,Michigan,2,63,Wide Left Consensus Big Board (Arif Hasan) — wideleft.football,6033,257,9.13,33.38,,,30,115,,,,Balanced,Size/Length,Physicality,,"Strong, long and lean OLB but not quick (good get off), goes back to championship team, high motor, plays too high",2,44,Detroit,,2026-07-26,61,62,96
zion-young-edge-mis-2026,2026,Zion Young,EDGE,Missouri,2,39,Wide Left Consensus Big Board (Arif Hasan) — wideleft.football,6055,267,9.38,33.38,4.75,1.72,31,117,,,,Power Rusher,Strength,Motor,Size/Length,"Huge guy, very strong, stiff, bigger OTs can handle him, not twitchy, will need better pass rush plans, high potential",2,45,Baltimore,,2026-07-26,37,39,93.8
josiah-trotter-lb-mis-2026,2026,Josiah Trotter,LB,Missouri,2,62,Wide Left Consensus Big Board (Arif Hasan) — wideleft.football,6016,240,10.18,32.13,,,,,,,27,Power/Tackling,Strength,Physicality,Tackling,"Great instincts, thumper, good power, speed is a question, classic MLB",2,46,Tampa Bay,,2026-07-26,60,63,88.8
germie-bernard-wr-ala-2026,2026,Germie Bernard,WR,Alabama,2,51,Wide Left Consensus Big Board (Arif Hasan) — wideleft.football,6011,207,9.78,30.88,4.45,1.52,32.5,125,,4.31,,Speed/Quickness,Short-Area Quickness,Size/Length,Hands,Quick and twitchy WR,2,47,Pittsburgh,,2026-07-26,50,51,84.2
avieon-terrell-cb-cle-2026,2026,Avieon Terrell,CB,Clemson,1,21,Wide Left Consensus Big Board (Arif Hasan) — wideleft.football,5110,184,8.58,31.5,4.64,1.59,37,123,,,,Balanced,Physicality,Short-Area Quickness,Speed,"Good tackler in space (avoids blocks), hunts the ball, great speed to stay with receiver, impacts game at all levels, chess piece",2,48,Atlanta,,2026-07-26,29,21,109.6
lee-hunter-dt-tex-2026,2026,Lee Hunter,DT,Texas Tech,2,45,Wide Left Consensus Big Board (Arif Hasan) — wideleft.football,6030,322,9,32.63,5.18,1.79,21.5,100,,,,Run Stuffer,Anchor,Strength,Size/Length,"Big physical long arms, good power, high motor, takes on double teams well, odd body shape, lacking athleticism",2,49,Carolina,,2026-07-26,47,45,94.6
dangelo-ponds-cb-ind-2026,2026,D'Angelo Ponds,CB,Indiana,2,40,Wide Left Consensus Big Board (Arif Hasan) — wideleft.football,5080,180,9.38,29.38,4.36,1.52,39,,,4.27,,Balanced,Physicality,Explosiveness,Speed,"Physical scrappy CB who pays way bigger than his size, explosive athlete but unsure about speed, very small",2,50,New York Jets,,2026-07-26,46,40,88.3
jake-golday-lb-cin-2026,2026,Jake Golday,LB,Cincinnati,2,52,Wide Left Consensus Big Board (Arif Hasan) — wideleft.football,6045,236,9.58,31.88,4.62,1.6,39,125,,4.32,22,Balanced,Strength,Short-Area Quickness,Tackling,,2,51,Minnesota,,2026-07-26,53,53,81.5
brandon-cisse-cb-sou-2026,2026,Brandon Cisse,CB,South Carolina,2,44,Wide Left Consensus Big Board (Arif Hasan) — wideleft.football,5114,189,8.48,31.38,4.41,1.53,34,121,,4.33,15,Outside,Explosiveness,Man Coverage,Physicality,"Very explosive, fast trigger downhill, COD and mirror, fast enough, 20yo player, lacking ball skills",2,52,Green Bay,,2026-07-26,45,42,89.7
cj-allen-lb-geo-2026,2026,CJ Allen,LB,Georgia,2,35,Wide Left Consensus Big Board (Arif Hasan) — wideleft.football,6003,233,10.18,32,,,,,,,,Power/Tackling,Physicality,Tackling,Football IQ,"Decent job filling holes, Butkus Award finalist, not most athletic, great instincts, thumper, good tackler",2,53,Indianapolis,,2026-07-26,38,34,96.4
eli-stowers-te-van-2026,2026,Eli Stowers,TE,Vanderbilt,2,58,Wide Left Consensus Big Board (Arif Hasan) — wideleft.football,6034,242,9.48,32.88,4.51,1.59,45.5,135,,,,Receiving,Speed,Explosiveness,YAC,"Mackey Award finalist, explosive TE, really just a big WR, great YAC, physical",2,54,Philadelphia,,2026-07-26,55,60,101
gabe-jacas-edge-ill-2026,2026,Gabe Jacas,EDGE,Illinois,2,50,Wide Left Consensus Big Board (Arif Hasan) — wideleft.football,6040,261,10,33,4.65,1.59,,,,,30,Power Rusher,Strength,Size/Length,,"Big and strong, long arms, some speed but can get overwhelmed by bigger linemen, good motor, very inconsistent",2,55,New England,,2026-07-26,52,50,86.5
nate-boerkircher-te-tex-2026,2026,Nate Boerkircher,TE,Texas A&M,5,163,Wide Left Consensus Big Board (Arif Hasan) — wideleft.football,6054,245,10.48,32.38,4.78,1.58,32,,,4.32,,Blocking,Motor,Short-Area Quickness,,,2,56,Jacksonville,,2026-07-26,153,173,87.9
logan-jones-iol-iow-2026,2026,Logan Jones,IOL,Iowa,3,95,Wide Left Consensus Big Board (Arif Hasan) — wideleft.football,6026,301,9.58,30.88,4.9,1.75,34.5,110,,4.45,,Zone/Agility,Short-Area Quickness,Football IQ,Motor,"Outland finalist (best lineman), agility is a huge plus, may be too small for NFL, tough as hell, never gets pushed back",2,57,Chicago,,2026-07-26,78,97,97.3
emmanuel-mcneilwarren-s-tol-2026,2026,Emmanuel McNeil-Warren,S,Toledo,1,24,Wide Left Consensus Big Board (Arif Hasan) — wideleft.football,6005,193,8.58,31.5,4.33,1.5,38,130,,,16,Strong Safety,Physicality,Ball Skills,,"Good length, willing tackler, fluid hips, not best angles, robber SS, versatile",2,58,Cleveland,,2026-07-26,23,25,88.8
marlin-klein-te-mic-2026,2026,Marlin Klein,TE,Michigan,5,158,Wide Left Consensus Big Board (Arif Hasan) — wideleft.football,6056,249,9.25,32.38,4.61,1.64,36,117,,,,Balanced,Size/Length,Hands,Blocking,"Big frame, middling explosion, captain, good blocker and pass catcher, hands catcher",2,59,Houston,,2026-07-26,168,171,94.6
anthony-hill-lb-tex-2026,2026,Anthony Hill,LB,Texas,2,49,Wide Left Consensus Big Board (Arif Hasan) — wideleft.football,6020,238,9.63,32.38,4.51,1.58,37,125,,,21,Power/Tackling,Physicality,Tackling,Explosiveness,"Butkus Award finalist, highly athletic, thumper, sideline to sideline, good instincts, comes downhill",2,60,Tennessee,,2026-07-26,39,49,101
max-klare-te-ohi-2026,2026,Max Klare,TE,Ohio State,3,71,Wide Left Consensus Big Board (Arif Hasan) — wideleft.football,6045,247,8.78,32.63,,,,,,,,Balanced,Blocking,Motor,,"Understands blocking angles and plays a big part in that part of game, late round ST",2,61,LA Rams,,2026-07-26,71,69,91
davison-igbinosun-cb-ohi-2026,2026,Davison Igbinosun,CB,Ohio State,3,81,Wide Left Consensus Big Board (Arif Hasan) — wideleft.football,6020,191,9,33,4.41,1.55,35,124,,4.32,,Outside,Size/Length,Physicality,Man Coverage,"Willing tackler, long and lean, great speed, read react downhill",2,62,Buffalo,,2026-07-26,85,80,97.8
jake-slaughter-iol-flo-2026,2026,Jake Slaughter,IOL,Florida,3,93,Wide Left Consensus Big Board (Arif Hasan) — wideleft.football,6045,304,10,32.5,5.1,1.74,32.5,110,,,22,Zone/Agility,Short-Area Quickness,Hand Fighting,Motor,"Plays Center, great mobility, used in screen games, not most powerful",2,63,LA Rams,,2026-07-26,100,93,101.9
bud-clark-s-tcu-2026,2026,Bud Clark,S,TCU,3,79,Wide Left Consensus Big Board (Arif Hasan) — wideleft.football,6001,197,9.18,31.63,4.41,1.56,38,127,,,,Free Safety,Speed,Explosiveness,Ball Skills,"Great speed, 3 yr captain, versatile, good instincts, will take chances, could improve tackling, hybrid - FS/Nickel",2,64,Seattle,,2026-07-26,70,81,91.9
carson-beck-qb-mia-2026,2026,Carson Beck,QB,Miami,4,114,Wide Left Consensus Big Board (Arif Hasan) — wideleft.football,6046,233,10,30.63,,,,,,,,Pocket Passer,Accuracy,,,Veteran CFB QB,3,65,Arizona,,2026-07-26,102,120,92.8
tyler-onyedim-dt-tex-2026,2026,Tyler Onyedim,DT,Texas A&M,4,129,Wide Left Consensus Big Board (Arif Hasan) — wideleft.football,6033,290,10.18,34.25,5.07,1.69,32,111,,4.65,24,Pass Rusher,Size/Length,Short-Area Quickness,,,3,66,Denver,,2026-07-26,125,135,116.3
keyron-crawford-edge-aub-2026,2026,Keyron Crawford,EDGE,Auburn,3,90,Wide Left Consensus Big Board (Arif Hasan) — wideleft.football,6037,252,9,32.5,,,,,,,,Speed Rusher,Explosiveness,,,"Explosive w/strong hands, can rush or play off line, weak in run game",3,67,Las Vegas,,2026-07-26,80,91,99.2
markel-bell-ot-mia-2026,2026,Markel Bell,OT,Miami,4,116,Wide Left Consensus Big Board (Arif Hasan) — wideleft.football,6092,349,9,36.38,5.36,1.84,,,,,,Power/Strength,Size/Length,,,"Huge lumbering OT, could be good in gap scheme",3,68,Philadelphia,,2026-07-26,124,114,107.3
sam-roush-te-sta-2026,2026,Sam Roush,TE,Stanford,4,103,Wide Left Consensus Big Board (Arif Hasan) — wideleft.football,6054,266,9.68,30.75,4.7,1.61,38.5,126,,4.27,,,,,,,3,69,Chicago,,2026-07-26,119,102,91
romello-height-edge-tex-2026,2026,Romello Height,EDGE,Texas Tech,3,78,Wide Left Consensus Big Board (Arif Hasan) — wideleft.football,6023,238,9.48,32.38,4.64,1.63,39,125,,,,Balanced,Pass Rush Skills,Explosiveness,Motor,"Explosive edge player but not twitchy, polished pass rush moves, uses hands well, can pass rush day 1",3,70,San Fransisco,,2026-07-26,86,79,93.7
antonio-williams-wr-cle-2026,2026,Antonio Williams,WR,Clemson,3,66,Wide Left Consensus Big Board (Arif Hasan) — wideleft.football,5114,189,9.38,31.13,4.41,1.55,39.5,124,,4.1,,Speed/Quickness,Explosiveness,Speed,Route Running,"Explosive, willing blocker, returner",3,71,Washington,,2026-07-26,67,66,90.1
tacario-davis-cb-was-2026,2026,Tacario Davis,CB,Washington,4,120,Wide Left Consensus Big Board (Arif Hasan) — wideleft.football,6033,191,9.18,33.88,4.4,1.55,36.5,130,,,10,Outside,Explosiveness,Speed,,,3,72,Cincinnati,,2026-07-26,112,119,96.9
oscar-delp-te-geo-2026,2026,Oscar Delp,TE,Georgia,3,101,Wide Left Consensus Big Board (Arif Hasan) — wideleft.football,6046,245,9.38,32.25,4.49,1.61,38,125,,,23,Receiving,Explosiveness,Speed,,"Good overall player for depth, a bit light but receiving threat, mediocre blocker",3,73,New Orleans,,2026-07-26,99,103,113.2
malachi-fields-wr-not-2026,2026,Malachi Fields,WR,Notre Dame,3,73,Wide Left Consensus Big Board (Arif Hasan) — wideleft.football,6042,220,8.68,32.5,4.61,1.63,38,124,,4.37,15,Size/Possession,Size/Length,Hands,Explosiveness,,3,74,Miami,,2026-07-26,68,75,96.5
caleb-douglas-wr-tex-2026,2026,Caleb Douglas,WR,Texas Tech,7,219,Wide Left Consensus Big Board (Arif Hasan) — wideleft.football,6027,207,9.68,33,4.39,1.55,31.5,126,,,,Balanced,Speed,Size/Length,,Wasn't very impressed,3,75,Miami,,2026-07-26,205,224,104.1
drew-allar-qb-pen-2026,2026,Drew Allar,QB,Penn State,4,121,Wide Left Consensus Big Board (Arif Hasan) — wideleft.football,6052,228,9.88,32.75,,,,,,,,Pocket Passer,Arm-Strength,Pocket Presence,,,3,76,Pittsburgh,,2026-07-26,120,122,91.9
chris-mcclellan-dt-mis-2026,2026,Chris McClellan,DT,Missouri,4,108,Wide Left Consensus Big Board (Arif Hasan) — wideleft.football,6037,313,11,33.88,5.05,1.8,29.5,109,,5,25,Balanced,Size/Length,Strength,,"Long arms, strong hands, decent athlete, hot and cold effort, raw pass rusher, some versatility",3,77,Green Bay,,2026-07-26,104,111,101.9
aj-haulcy-s-lsu-2026,2026,A.J. Haulcy,S,LSU,2,56,Wide Left Consensus Big Board (Arif Hasan) — wideleft.football,6017,205,9.28,32.88,4.5,1.53,42.5,130,,4.25,16,Strong Safety,Physicality,Football IQ,Ball Skills,"Mixes things up, physical player, not very quick in space, smart player though, almost LB, playmaker",3,78,Indianapolis,,2026-07-26,59,54,82.9
zachariah-branch-wr-geo-2026,2026,Zachariah Branch,WR,Georgia,2,64,Wide Left Consensus Big Board (Arif Hasan) — wideleft.football,5084,176,9,29.63,4.35,1.5,38,125,,,,Speed/Quickness,Speed,Explosiveness,YAC,Speedster gadget player,3,79,Atlanta,,2026-07-26,56,64,108.6
jakobi-lane-wr-usc-2026,2026,Ja'Kobi Lane,WR,USC,4,113,Wide Left Consensus Big Board (Arif Hasan) — wideleft.football,6041,208,10.38,33.13,4.47,1.58,40,129,,,11,Size/Possession,Size/Length,Hands,Explosiveness,,3,80,Baltimore,,2026-07-26,109,109,105.5
albert-regis-dt-tex-2026,2026,Albert Regis,DT,Texas A&M,5,150,Wide Left Consensus Big Board (Arif Hasan) — wideleft.football,6013,295,9.28,32,4.88,1.72,34,116,,4.85,27,Run Stuffer,Strength,Explosiveness,,"Good run defender, strong leverage and hands, weak against doubles, not much pass rush, shorter arms, run stopping 1/3 tech",3,81,Jacksonville,,2026-07-26,169,165,88.8
domonique-orange-dt-iow-2026,2026,Domonique Orange,DT,Iowa State,3,70,Wide Left Consensus Big Board (Arif Hasan) — wideleft.football,6020,322,10.25,33.38,,,,,,,,Run Stuffer,Anchor,Motor,Size/Length,"Classic NT over C, heavy hands and powerful anchor, great motor to the ball, size/strength/base, not athletic",3,82,Minnesota,,2026-07-26,74,68,90.6
chris-brazzell-ii-wr-ten-2026,2026,Chris Brazzell II,WR,Tennessee,2,57,Wide Left Consensus Big Board (Arif Hasan) — wideleft.football,6041,199,9,33.13,4.37,1.52,,,,,,Speed/Quickness,Speed,Size/Length,Route Running,"Quick, in control, fast off the line, beat press with speed, hand catcher, like him a lot, great size, tracks ball well, wins 1:1s",3,83,Carolina,,2026-07-26,58,56,97.8
ted-hurst-wr-geo-2026,2026,Ted Hurst,WR,Georgia State,3,75,Wide Left Consensus Big Board (Arif Hasan) — wideleft.football,6034,207,9.48,32.38,4.42,1.55,36.5,135,,,,Balanced,Route Running,Hands,Speed,,3,84,Tampa Bay,,2026-07-26,81,73,94.2
daylen-everette-cb-geo-2026,2026,Daylen Everette,CB,Georgia,3,102,Wide Left Consensus Big Board (Arif Hasan) — wideleft.football,6007,198,9.48,31.88,4.46,1.57,31.5,119,,,,Outside,Short-Area Quickness,Size/Length,Physicality,"Tough, physical, plays in control",3,85,Pittsburgh,,2026-07-26,101,101,102.8
austin-barber-ot-flo-2026,2026,Austin Barber,OT,Florida,4,105,Wide Left Consensus Big Board (Arif Hasan) — wideleft.football,6066,317,9.58,33.75,5.12,1.77,32,111,,,,Zone/Agility,Short-Area Quickness,,,"Left Tackle, good technique, good mover on his feet, not most powerful",3,86,Cleveland,,2026-07-26,103,106,94.6
will-kacmarek-te-ohi-2026,2026,Will Kacmarek,TE,Ohio State,6,205,Wide Left Consensus Big Board (Arif Hasan) — wideleft.football,6052,260,9.58,32.63,4.74,1.7,36,119,,4.47,18,Receiving,,,,Seemed more in receiving game,3,87,Miami,,2026-07-26,149,216,99.2
emmanuel-pregnon-iol-ore-2026,2026,Emmanuel Pregnon,IOL,Oregon,2,41,Wide Left Consensus Big Board (Arif Hasan) — wideleft.football,6043,316,11,34.13,5.21,1.82,35,111,,4.81,30,Balanced,Size/Length,Short-Area Quickness,Strength,"LG, great athlete, a bit uncoordinated and stiff, weak dealing with quicker athletes",3,88,Jacksonville,,2026-07-26,48,41,90.1
zavion-thomas-wr-lsu-2026,2026,Zavion Thomas,WR,LSU,7,265,Wide Left Consensus Big Board (Arif Hasan) — wideleft.football,5097,194,8.68,30.25,4.28,1.52,36,,,,16,,,,,,3,89,Chicago,,2026-07-26,259,271,68
kaelon-black-rb-ind-2026,2026,Kaelon Black,RB,Indiana,6,214,Wide Left Consensus Big Board (Arif Hasan) — wideleft.football,5092,211,8.78,29.13,4.45,1.53,37.5,125,,4.55,27,Power,Primary Strength,,,,3,90,San Fransisco,,2026-07-26,238,209,91.9
trey-zuhn-iii-iol-tex-2026,2026,Trey Zuhn III,IOL,Texas A&M,4,110,Wide Left Consensus Big Board (Arif Hasan) — wideleft.football,6062,312,9.48,33,5,1.7,32,111,,,,Zone/Agility,Football IQ,Motor,,"Good footwork playing LT, like his smarts, grit, not super athletic though, aggressive, poor technique",3,91,Las Vegas,,2026-07-26,92,118,97.8
jaishawn-barham-edge-mic-2026,2026,Jaishawn Barham,EDGE,Michigan,3,85,Wide Left Consensus Big Board (Arif Hasan) — wideleft.football,6032,251,10.58,32.88,4.64,1.61,33,123,,,,Speed Rusher,Explosiveness,Size/Length,,"Long and lean player, some questionable traits, explosive, effort looks hot then cold",3,92,Dallas,,2026-07-26,79,90,101
keagen-trost-iol-mis-2026,2026,Keagen Trost,IOL,Missouri,5,164,Wide Left Consensus Big Board (Arif Hasan) — wideleft.football,6045,313,9.28,32.38,,,31,,,,26,Zone/Agility,Explosiveness,Hand Fighting,,,3,93,LA Rams,,2026-07-26,130,166,95.1
chris-bell-wr-lou-2026,2026,Chris Bell,WR,Louisville,2,54,Wide Left Consensus Big Board (Arif Hasan) — wideleft.football,6017,222,10,31.75,,,,,,,,Balanced,Size/Length,YAC,Physicality,"Will be physical with CBs, gave Clemson all kinds of trouble, great hands and route runner. Will be good player in NFL",3,94,Miami,,2026-07-26,63,52,94.6
eli-raridon-te-not-2026,2026,Eli Raridon,TE,Notre Dame,4,126,Wide Left Consensus Big Board (Arif Hasan) — wideleft.football,6057,250,10.68,33,4.62,1.6,36,123,,4.38,22,,,,,,3,95,New England,,2026-07-26,142,121,95.6
gennings-dunker-iol-iow-2026,2026,Gennings Dunker,IOL,Iowa,3,65,Wide Left Consensus Big Board (Arif Hasan) — wideleft.football,6046,319,10.18,33.63,5.18,1.83,32.5,109,,4.63,29,Balanced,Short-Area Quickness,Motor,Strength,"Physical mover of men, not amazing lateral agility, great strength, probably not best in zone, better in gap, bit stiff",3,96,Pittsburgh,,2026-07-26,64,65,86.1
caleb-tiernan-ot-nor-2026,2026,Caleb Tiernan,OT,Northwestern,3,67,Wide Left Consensus Big Board (Arif Hasan) — wideleft.football,6074,323,9,32.38,,,35.5,111,,4.71,,Zone/Agility,Explosiveness,,,"Does a job, decent hands, plays tall and not best feet, not most aggressive player",3,97,Minnesota,,2026-07-26,69,67,89.7
jakobe-thomas-s-mia-2026,2026,Jakobe Thomas,S,Miami,5,177,Wide Left Consensus Big Board (Arif Hasan) — wideleft.football,6010,214,10.58,31.75,4.57,1.63,33,119,,4.32,,Free Safety,Ball Skills,Physicality,,"Good hitter, can play center field, later round FS",3,98,Minnesota,,2026-07-26,152,184,106.8
julian-neal-cb-ark-2026,2026,Julian Neal,CB,Arkansas,4,104,Wide Left Consensus Big Board (Arif Hasan) — wideleft.football,6014,206,9.48,33.25,,,39.5,125,,4.29,,Outside,Size/Length,Strength,Ball Skills,"Decent size and athleticism, can be grabby but solid CB. Would be good UDFA pickup, good ST player.",3,99,Seattle,,2026-07-26,114,104,97.3
jalen-huskey-s-mar-2026,2026,Jalen Huskey,S,Maryland,6,187,Wide Left Consensus Big Board (Arif Hasan) — wideleft.football,6004,192,10.28,30.88,4.55,1.54,36.5,121,,4.3,11,,,,,,3,100,Jacksonville,,2026-07-26,201,188,103.2
jermod-mccoy-cb-ten-2026,2026,Jermod McCoy,CB,Tennessee,1,14,Wide Left Consensus Big Board (Arif Hasan) — wideleft.football,6006,192,8.78,31.63,4.4,1.52,38,127,,,,Outside,Explosiveness,Speed,Zone Coverage,"Physical corner, good instincts to read and react, was out most of 2025 with injury",4,101,Las Vegas,,2026-07-26,14,13,81.1
jude-bowry-ot-bos-2026,2026,Jude Bowry,OT,Boston College,4,132,Wide Left Consensus Big Board (Arif Hasan) — wideleft.football,6046,316,10.68,34,5.08,1.75,34.5,115,,,24,Zone/Agility,Explosiveness,Short-Area Quickness,,"Good mover, weak power, not most coordinated",4,102,Buffalo,,2026-07-26,134,130,78.4
darrell-jackson-jr-dt-flo-2026,2026,Darrell Jackson Jr.,DT,Florida State,3,98,Wide Left Consensus Big Board (Arif Hasan) — wideleft.football,6052,315,11.18,35.25,,,26.5,,,,,Run Stuffer,Anchor,Size/Length,Strength,"Classic 2-gapping NT with long amrs and huge hands, stacks and sheds, pretty much no pass rush",4,103,New York Jets,,2026-07-26,93,98,92.4
kaleb-proctor-dt-sou-2026,2026,Kaleb Proctor,DT,Southeastern Louisiana,4,123,Wide Left Consensus Big Board (Arif Hasan) — wideleft.football,6017,295,9.48,32.75,4.79,1.69,33,113,,4.71,,Pass Rusher,Motor,,,,4,104,Arizona,,2026-07-26,129,126,104.6
brenen-thompson-wr-mis-2026,2026,Brenen Thompson,WR,Mississippi State,4,109,Wide Left Consensus Big Board (Arif Hasan) — wideleft.football,5091,166,8.78,29.5,4.26,1.54,,,,,,Speed/Quickness,Speed,Short-Area Quickness,,"Tiny player, gadget options, too small to block",4,105,LA Chargers,,2026-07-26,98,113,101
febechi-nwaiwu-iol-okl-2026,2026,Febechi Nwaiwu,IOL,Oklahoma,6,191,Wide Left Consensus Big Board (Arif Hasan) — wideleft.football,6042,316,9.38,34.75,5.32,1.89,24.5,105,,4.73,29,Balanced,Size/Length,Motor,,"Long arms, decent mover, not bad player, nasty demeanor",4,106,Houston,,2026-07-26,147,203,107.8
gracen-halton-dt-okl-2026,2026,Gracen Halton,DT,Oklahoma,3,83,Wide Left Consensus Big Board (Arif Hasan) — wideleft.football,6023,300,10,31.5,4.82,1.7,36.5,114,,4.79,25,Pass Rusher,Explosiveness,Short-Area Quickness,Pass Rush Skills,"Good athleticism, more of a penetrator, short arms impact play, backup, gets pushed back in run game, high effort guy",4,107,San Fransisco,,2026-07-26,96,83,104.6
jonah-coleman-rb-was-2026,2026,Jonah Coleman,RB,Washington,3,94,Wide Left Consensus Big Board (Arif Hasan) — wideleft.football,5081,222,9.18,29.38,,,,,,,22,Power,Vision,Explosiveness,Power,"Not sure he was best back on his own team, short and stocky, good size, a complete back old school",4,108,Denver,,2026-07-26,122,92,98.7
jadon-canady-cb-ore-2026,2026,Jadon Canady,CB,Oregon,5,143,Wide Left Consensus Big Board (Arif Hasan) — wideleft.football,5102,182,9.48,30.38,4.47,1.67,37.5,127,,4.21,14,Nickel/Slot,Ball Skills,Football IQ,Explosiveness,"Smaller CB but has good instincts and decent range overcoming his size, may play safety in NFL",4,109,Kansas City,,2026-07-26,162,142,94.6
cade-klubnik-qb-cle-2026,2026,Cade Klubnik,QB,Clemson,5,171,Wide Left Consensus Big Board (Arif Hasan) — wideleft.football,6020,207,9.25,31.13,,,,,,,,Pocket Passer,Accuracy,Quick-Release,Decision-Making,,4,110,New York Jets,,2026-07-26,178,169,96.9
kage-casey-ot-boi-2026,2026,Kage Casey,OT,Boise State,4,131,Wide Left Consensus Big Board (Arif Hasan) — wideleft.football,6053,309,10,33.25,5.2,1.85,31,103,,4.85,20,Power/Strength,Strength,,,"Potential OG, somewhat stiff, powerful, drive blocker, stiff legged, prob an OG",4,111,Denver,,2026-07-26,115,131,84.2
drew-shelton-ot-pen-2026,2026,Drew Shelton,OT,Penn State,5,156,Wide Left Consensus Big Board (Arif Hasan) — wideleft.football,6050,313,9.63,33.38,5.16,1.79,31,112,,,,,,,,,4,112,Dallas,,2026-07-26,143,163,88.3
jalen-farmer-iol-ken-2026,2026,Jalen Farmer,IOL,Kentucky,4,106,Wide Left Consensus Big Board (Arif Hasan) — wideleft.football,6047,320,9.25,34.25,4.93,1.75,27,109,,,37,Power/Strength,Strength,Size/Length,,Good power,4,113,Indianapolis,,2026-07-26,95,105,88.8
devin-moore-cb-flo-2026,2026,Devin Moore,CB,Florida,4,107,Wide Left Consensus Big Board (Arif Hasan) — wideleft.football,6031,195,8.58,31.88,4.62,1.58,34.5,121,,,,Nickel/Slot,Size/Length,Speed,,"Not an aggressive tackler, potential liability in run game",4,114,Dallas,,2026-07-26,113,107,89.2
elijah-sarratt-wr-ind-2026,2026,Elijah Sarratt,WR,Indiana,3,69,Wide Left Consensus Big Board (Arif Hasan) — wideleft.football,6020,207,10,31.13,4.53,1.64,33.5,124,,4.38,12,Size/Possession,Size/Length,Route Running,Hands,"Bigger IU WR, gets open, another Mendoza favorite",4,115,Baltimore,,2026-07-26,76,70,88.7
keionte-scott-cb-mia-2026,2026,Keionte Scott,CB,Miami,2,55,Wide Left Consensus Big Board (Arif Hasan) — wideleft.football,5110,191,9.78,31.75,4.33,1.53,34,123,,4.18,,Balanced,Physicality,Speed,Zone Coverage,"Good ball skills, great int in FBS playoffs, blitzes frequently, good straight line speed, can play nickle, very physical- takes on OL",4,116,Tampa Bay,,2026-07-26,54,58,84.3
travis-burke-ot-mem-2026,2026,Travis Burke,OT,Memphis,4,136,Wide Left Consensus Big Board (Arif Hasan) — wideleft.football,6087,332,9.78,35.13,5.17,1.79,27,107,,,24,,,,,,4,117,LA Chargers,,2026-07-26,139,138,146.2
jimmy-rolder-lb-mic-2026,2026,Jimmy Rolder,LB,Michigan,5,167,Wide Left Consensus Big Board (Arif Hasan) — wideleft.football,6020,238,9.63,30.5,,,36,119,,4.28,17,Power/Tackling,Short-Area Quickness,Tackling,Strength,"Physical player, good short area quickness, shorter arms",4,118,Detroit,,2026-07-26,136,177,111.8
wesley-williams-edge-duk-2026,2026,Wesley Williams,EDGE,Duke,7,236,Wide Left Consensus Big Board (Arif Hasan) — wideleft.football,6036,260,9.68,32,4.9,1.62,35.5,121,,4.47,22,Power Rusher,Motor,,,,4,119,Jacksonville,,2026-07-26,179,254,100.1
dani-dennissutton-edge-pen-2026,2026,Dani Dennis-Sutton,EDGE,Penn State,3,72,Wide Left Consensus Big Board (Arif Hasan) — wideleft.football,6054,261,10.38,33.5,4.63,1.63,39.5,131,,,26,Speed Rusher,Explosiveness,Size/Length,Motor,"Great athlete and frame, great motor, strong, a bit stiff, not bendy, more DE than Edge",4,120,Green Bay,,2026-07-26,73,72,93.7
kaden-wetjen-wr-iow-2026,2026,Kaden Wetjen,WR,Iowa,7,253,Wide Left Consensus Big Board (Arif Hasan) — wideleft.football,5092,194,8.48,30,4.47,1.58,35.5,110,,4.45,,Balanced,Football IQ,Physicality,Motor,"Electric player, chess piece, ST, does everything, Tez Johnson type",4,121,Pittsburgh,,2026-07-26,236,257,85.2
mike-washington-rb-ark-2026,2026,Mike Washington,RB,Arkansas,3,74,Wide Left Consensus Big Board (Arif Hasan) — wideleft.football,6010,223,9.25,33.63,4.33,1.51,39,128,,4.32,,Balanced,Speed,Power,Contact Balance,"Very fast, good at setting up angles, great latereal agility, home run hitter, physical, good receiver, mixed vision",4,122,Las Vegas,,2026-07-26,72,78,96.9
wade-woodaz-lb-cle-2026,2026,Wade Woodaz,LB,Clemson,7,281,Wide Left Consensus Big Board (Arif Hasan) — wideleft.football,6033,234,10.18,32.75,4.56,1.55,,117,,4.5,,Range/Coverage,Speed,Physicality,,,4,123,Houston,,2026-07-26,223,292,72.9
malik-muhammad-cb-tex-2026,2026,Malik Muhammad,CB,Texas,3,89,Wide Left Consensus Big Board (Arif Hasan) — wideleft.football,5116,190,9.58,32.5,4.38,1.54,37.5,124,,4.19,,Outside,Speed,Physicality,,"Willing tackler, long and lean, great speed, read react downhill",4,124,Chicago,,2026-07-26,77,89,92.4
skyler-bell-wr-uco-2026,2026,Skyler Bell,WR,UConn,3,84,Wide Left Consensus Big Board (Arif Hasan) — wideleft.football,5112,196,10,30.75,4.4,1.53,41,133,,4.11,,Speed/Quickness,Speed,Explosiveness,Short-Area Quickness,"Finalist for Biletnikoff award, Josh Downs type player, great body control, decent route runner, speed in field",4,125,Buffalo,,2026-07-26,94,85,100.5
kaleb-elarmsorr-lb-tcu-2026,2026,Kaleb Elarms-Orr,LB,TCU,4,138,Wide Left Consensus Big Board (Arif Hasan) — wideleft.football,6014,233,9.28,31.63,4.47,1.59,40,124,,4.32,19,Range/Coverage,Coverage,Explosiveness,Tackling,"Dude can run, good speed, good agility, overall lack of instincts though",4,126,Buffalo,,2026-07-26,141,139,100.5
carver-willis-iol-was-2026,2026,Carver Willis,IOL,Washington,7,232,Wide Left Consensus Big Board (Arif Hasan) — wideleft.football,6050,303,9.5,32.5,5.11,1.84,26.5,109,,4.71,23,,,,,,4,127,San Fransisco,,2026-07-26,213,232,82.5
connor-lew-iol-aub-2026,2026,Connor Lew,IOL,Auburn,3,76,Wide Left Consensus Big Board (Arif Hasan) — wideleft.football,6032,309,9.28,32.25,,,,,,,,Zone/Agility,Short-Area Quickness,Football IQ,,,4,128,Cincinnati,,2026-07-26,82,74,96.4
will-lee-iii-cb-tex-2026,2026,Will Lee III,CB,Texas A&M,4,119,Wide Left Consensus Big Board (Arif Hasan) — wideleft.football,6007,200,8.68,32.5,4.49,1.56,35,129,,4.28,,Outside,Size/Length,Explosiveness,Man Coverage,"Great size, length, smart player, explosive player even if slow 40",4,129,Carolina,,2026-07-26,111,117,83.8
trey-moore-edge-tex-2026,2026,Trey Moore,EDGE,Texas,6,207,Wide Left Consensus Big Board (Arif Hasan) — wideleft.football,6013,245,10.28,31.5,4.54,1.6,38.5,121,,4.21,,Balanced,Explosiveness,Short-Area Quickness,,"Twitchy without elite burst, violent tackler, should be edge player full time",4,130,Miami,,2026-07-26,172,215,89.2
genesis-smith-s-ari-2026,2026,Genesis Smith,S,Arizona,3,97,Wide Left Consensus Big Board (Arif Hasan) — wideleft.football,5110,201,9.58,31.25,4.55,1.58,34,,,4.23,12,Free Safety,Explosiveness,Short-Area Quickness,Ball Skills,"More FS, good range, not best/most physical tackler",4,131,LA Chargers,,2026-07-26,97,95,97.8
jeremiah-wright-iol-aub-2026,2026,Jeremiah Wright,IOL,Auburn,6,180,Wide Left Consensus Big Board (Arif Hasan) — wideleft.football,6047,330,10,33.5,,,,,,,,,,,,,4,132,New Orleans,,2026-07-26,159,185,86.5
matthew-hibner-te-smu-2026,2026,Matthew Hibner,TE,SMU,7,241,Wide Left Consensus Big Board (Arif Hasan) — wideleft.football,6037,250,9.18,32.75,4.57,1.61,37,116,,4.37,,Receiving,Explosiveness,,,,4,133,Baltimore,,2026-07-26,247,234,73.4
kendal-daniels-lb-okl-2026,2026,Kendal Daniels,LB,Oklahoma,7,234,Wide Left Consensus Big Board (Arif Hasan) — wideleft.football,6046,242,9.48,32.75,4.76,1.7,29.5,,,4.37,,Balanced,Physicality,Motor,,"Good instincts, big game against Michigan, plays on the edge, in coverage, bit of a chess piece",4,134,Atlanta,,2026-07-26,252,231,78.8
bryce-boettcher-lb-ore-2026,2026,Bryce Boettcher,LB,Oregon,5,147,Wide Left Consensus Big Board (Arif Hasan) — wideleft.football,6011,230,9.28,31.25,4.69,1.63,34.5,116,,4.3,21,Power/Tackling,Football IQ,Tackling,Motor,"Good tackler, team leader, mixes it upp",4,135,Indianapolis,,2026-07-26,131,145,91
bryce-lance-wr-nor-2026,2026,Bryce Lance,WR,North Dakota State,3,87,Wide Left Consensus Big Board (Arif Hasan) — wideleft.football,6032,206,9.38,33.25,4.34,1.49,41.5,133,,,,Speed/Quickness,Size/Length,Speed,Explosiveness,"Tall and long player, fires out of stance, fantastic speed, small school guy, great hands and route runner",4,136,New Orleans,,2026-07-26,91,87,87
lt-overton-edge-ala-2026,2026,LT Overton,EDGE,Alabama,4,112,Wide Left Consensus Big Board (Arif Hasan) — wideleft.football,6030,287,10.28,33.25,4.94,1.78,26,108,,4.75,,Pass Rusher,Size/Length,Strength,,"Long arms, hot and cold showing, lack of athleticism, bit of a tweener, underwhelming, low ceiling",4,137,Dallas,,2026-07-26,107,108,100.5
kyle-louis-lb-pit-2026,2026,Kyle Louis,LB,Pittsburgh,3,68,Wide Left Consensus Big Board (Arif Hasan) — wideleft.football,5116,224,9.38,31.5,4.53,1.58,39.5,129,,4.26,20,Range/Coverage,Short-Area Quickness,Explosiveness,Coverage,"Good athlete and tackler, smaller player at LB, sideline to sideline, keeps square, great in coverage, chess piece (may be a safety)",4,138,Miami,,2026-07-26,62,71,89.7
ephesians-prysock-cb-was-2026,2026,Ephesians Prysock,CB,Washington,5,141,Wide Left Consensus Big Board (Arif Hasan) — wideleft.football,6032,193,9.78,33.5,4.4,1.54,38,126,,4.15,17,Outside,Physicality,Man Coverage,Zone Coverage,"Long player, plays physical, has decent speeed and agility, lots of upside",4,139,San Fransisco,,2026-07-26,177,134,94.6
colbie-young-wr-geo-2026,2026,Colbie Young,WR,Georgia,7,233,Wide Left Consensus Big Board (Arif Hasan) — wideleft.football,6037,221,9.48,32.25,4.49,,33,,,,18,Size/Possession,Physicality,,,"Tough, reliable but more of a depth WR or ST",4,140,Cincinnati,,2026-07-26,195,250,80.2
kamari-ramsey-s-usc-2026,2026,Kamari Ramsey,S,USC,3,92,Wide Left Consensus Big Board (Arif Hasan) — wideleft.football,6000,203,9.18,31,4.47,1.57,36,121,,,16,Balanced,Physicality,Coverage,Tackling,"Versatile, good athlete, physical tackler, cover TE, playmaker, tough",5,141,Houston,,2026-07-26,117,86,101
fernando-carmona-iol-ark-2026,2026,Fernando Carmona,IOL,Arkansas,7,243,Wide Left Consensus Big Board (Arif Hasan) — wideleft.football,6043,315,9.48,32.75,5.22,1.85,29,103,,4.6,,,,,,,5,142,Tennessee,,2026-07-26,235,244,74.8
reggie-virgil-wr-tex-2026,2026,Reggie Virgil,WR,Texas Tech,5,178,Wide Left Consensus Big Board (Arif Hasan) — wideleft.football,6020,191,9.28,31.25,4.61,1.68,33.5,127,,,,Speed/Quickness,Explosiveness,,,"TT speed guy, doesn't show up at combine, small frame, gadget player?",5,143,Arizona,,2026-07-26,174,181,84.7
sam-hecht-iol-kan-2026,2026,Sam Hecht,IOL,Kansas State,3,80,Wide Left Consensus Big Board (Arif Hasan) — wideleft.football,6040,303,9.78,31.75,5.1,1.73,28,101,,4.71,20,Balanced,Short-Area Quickness,Hand Fighting,Motor,,5,144,Carolina,,2026-07-26,90,77,91.5
nick-barrett-dt-sou-2026,2026,Nick Barrett,DT,South Carolina,5,174,Wide Left Consensus Big Board (Arif Hasan) — wideleft.football,6025,313,9.68,33.5,5.1,1.7,31.5,109,,4.83,31,Balanced,Size/Length,Strengthh,,,5,145,LA Chargers,,2026-07-26,176,178,105.9
parker-brailsford-iol-ala-2026,2026,Parker Brailsford,IOL,Alabama,5,172,Wide Left Consensus Big Board (Arif Hasan) — wideleft.football,6017,290,9.48,32,4.95,1.7,32.5,118,,4.72,,Zone/Agility,Explosiveness,,,"Center prospect, decent mover",5,146,Cleveland,,2026-07-26,183,168,100.5
joshua-josephs-edge-ten-2026,2026,Joshua Josephs,EDGE,Tennessee,3,77,Wide Left Consensus Big Board (Arif Hasan) — wideleft.football,6030,243,9.68,34.75,4.73,1.68,38.5,129,,,,Speed Rusher,Explosiveness,Size/Length,Short-Area Quickness,"A little light in the shorts, good effort, can get blocked by TE, can speed rush off the outside, beat good OT (Freeling)",5,147,Washington,,2026-07-26,84,76,91.1
beau-stephens-iol-iow-2026,2026,Beau Stephens,IOL,Iowa,5,146,Wide Left Consensus Big Board (Arif Hasan) — wideleft.football,6053,313,9.38,31.63,5.35,1.82,30,102,,4.85,,Balanced,,,,,5,148,Seattle,,2026-07-26,145,147,89.7
justin-jefferson-lb-ala-2026,2026,Justin Jefferson,LB,Alabama,6,198,Wide Left Consensus Big Board (Arif Hasan) — wideleft.football,6000,215,10,31.88,4.53,1.55,38.5,125,,4.25,,Power/Tackling,Short-Area Quickness,Speed,,"Decent athlete, didn't stand out on tape",5,149,Cleveland,,2026-07-26,148,205,92.4
dalton-johnson-s-ari-2026,2026,Dalton Johnson,S,Arizona,7,226,Wide Left Consensus Big Board (Arif Hasan) — wideleft.football,5103,192,9.48,30.75,4.41,1.59,36,119,,4.53,12,,,,,,5,150,Las Vegas,,2026-07-26,192,236,91.5
zakee-wheatley-s-pen-2026,2026,Zakee Wheatley,S,Penn State,3,88,Wide Left Consensus Big Board (Arif Hasan) — wideleft.football,6032,213,9.28,32.5,4.52,1.58,35.5,122,,,,Free Safety,Short-Area Quickness,Coverage,Ball Skills,"Rangy and smart player, good coverage player, tackles well, ball skills",5,151,Carolina,,2026-07-26,88,88,89.2
justin-joly-te-nc-2026,2026,Justin Joly,TE,NC State,4,115,Wide Left Consensus Big Board (Arif Hasan) — wideleft.football,6034,241,10.5,32.25,,,30.5,114,,4.65,,,,,,,5,152,Denver,,2026-07-26,110,112,82.9
jager-burton-iol-ken-2026,2026,Jager Burton,IOL,Kentucky,5,176,Wide Left Consensus Big Board (Arif Hasan) — wideleft.football,6040,312,10,32.63,4.94,1.76,30.5,115,,4.52,28,,,,,,5,153,Green Bay,,2026-07-26,206,175,99.2
jaden-dugger-lb-lou-2026,2026,Jaden Dugger,LB,Louisiana,7,284,Wide Left Consensus Big Board (Arif Hasan) — wideleft.football,6046,242,9.6,35,4.6,1.61,34.5,126,,4.45,17,,,,,,5,154,San Fransisco,,2026-07-26,305,281,90.6
demonte-capehart-dt-cle-2026,2026,DeMonte Capehart,DT,Clemson,5,170,Wide Left Consensus Big Board (Arif Hasan) — wideleft.football,6045,312,10.18,34.5,4.85,1.72,33.5,107,,,,Run Stuffer,Size/Length,Short-Area Quickness,Explosiveness,"Big man who can move, sheds blocks",5,155,Tampa Bay,,2026-07-26,166,170,89.6
george-gumbs-edge-flo-2026,2026,George Gumbs,EDGE,Florida,7,235,Wide Left Consensus Big Board (Arif Hasan) — wideleft.football,6040,245,9,33.63,4.66,1.67,41,121,,,,Power Rusher,Size/Length,Motor,,,5,156,Indianapolis,,2026-07-26,221,238,79.7
keith-abney-cb-ari-2026,2026,Keith Abney,CB,Arizona State,2,61,Wide Left Consensus Big Board (Arif Hasan) — wideleft.football,5100,189,9.5,30,4.45,1.62,36,,,4.19,,Nickel/Slot,Zone Coverage,Short-Area Quickness,Physicality,"Willing tackler, decent cover guy, small shifty in space, lack of straight-line speed, comes downhill fast tho",5,157,Detroit,,2026-07-26,65,59,96.9
michael-taaffe-s-tex-2026,2026,Michael Taaffe,S,Texas,5,145,Wide Left Consensus Big Board (Arif Hasan) — wideleft.football,5115,192,9.28,29.5,4.5,1.58,34.5,122,,4.15,,,,,,,5,158,Miami,,2026-07-26,181,155,86.1
max-bredeson-rb-mic-2026,2026,Max Bredeson,RB,Michigan,7,317,Wide Left Consensus Big Board (Arif Hasan) — wideleft.football,6014,248,9.78,30.13,,,,,,,22,Power,Blocking,Motor,,"Fullback, good blocker, good size",5,159,Minnesota,,2026-07-26,282,310,71.6
billy-schrauth-iol-not-2026,2026,Billy Schrauth,IOL,Notre Dame,4,125,Wide Left Consensus Big Board (Arif Hasan) — wideleft.football,6043,310,10.18,33.13,,,,,,,,Power/Strength,Strength,Anchor,Hand Fighting,,5,160,Tampa Bay,,2026-07-26,140,125,83.4
emmett-johnson-rb-neb-2026,2026,Emmett Johnson,RB,Nebraska,3,100,Wide Left Consensus Big Board (Arif Hasan) — wideleft.football,5104,205,9.68,30.25,4.49,1.6,35.5,121,,4.29,16,Balanced,Vision,Football IQ,Receiving,"Shifty back that does most things well for his size, great stop/start stutter step moves, north/south runner, tough",5,161,Kansas City,,2026-07-26,108,99,89.2
chandler-rivers-cb-duk-2026,2026,Chandler Rivers,CB,Duke,3,86,Wide Left Consensus Big Board (Arif Hasan) — wideleft.football,5091,185,9.48,29,4.41,1.58,,,,4.18,15,Balanced,Explosiveness,Zone Coverage,Man Coverage,,5,162,Baltimore,,2026-07-26,106,84,91.5
charles-demmings-cb-ste-2026,2026,Charles Demmings,CB,Stephen F. Austin,5,151,Wide Left Consensus Big Board (Arif Hasan) — wideleft.football,6012,194,10,32.13,,,,,,4.25,13,,,,,,5,163,Minnesota,,2026-07-26,160,149,89.2
tanner-koziol-te-hou-2026,2026,Tanner Koziol,TE,Houston,5,153,Wide Left Consensus Big Board (Arif Hasan) — wideleft.football,6062,250,9.68,33.75,4.7,1.62,36.5,122,,4.43,,Receiving,Explosiveness,Size/Length,Hands,,5,164,Jacksonville,,2026-07-26,189,152,94.2
nicholas-singleton-rb-pen-2026,2026,Nicholas Singleton,RB,Penn State,,,Wide Left Consensus Big Board (Arif Hasan) — wideleft.football,6010,219,9.38,31,,,,,,,25,Balanced,Speed,Power,Motor,"Great production in 2024, good back that could pop, boom/bust potential.",5,165,Tennessee,,2026-07-26,,,
keyshaun-elliott-lb-ari-2026,2026,Keyshaun Elliott,LB,Arizona State,4,134,Wide Left Consensus Big Board (Arif Hasan) — wideleft.football,6014,233,9,31.25,4.58,1.66,38,125,,4.38,21,Range/Coverage,Short-Area Quickness,Football IQ,Coverage,"Nothing special, plays somewhat physical, great against the run, played edge, not most athletic (short area explosive though)",5,166,Chicago,,2026-07-26,155,132,108.7
jalon-kilgore-s-sou-2026,2026,Jalon Kilgore,S,South Carolina,3,91,Wide Left Consensus Big Board (Arif Hasan) — wideleft.football,6010,215,9.25,30.88,4.52,1.62,,,,,,Strong Safety,Speed,Explosiveness,Physicality,"Big nickle, SS type, physical, good measurables, ball skills, somewhat of a project w/instincts",5,167,Buffalo,,2026-07-26,75,94,97.4
kendrick-law-wr-ken-2026,2026,Kendrick Law,WR,Kentucky,6,200,Wide Left Consensus Big Board (Arif Hasan) — wideleft.football,5110,208,9.48,31.25,4.45,1.56,42,128,,,,Speed,Explosiveness,Speed,YAC,,5,168,Detroit,,2026-07-26,231,193,99.6
riley-nowakowski-te-ind-2026,2026,Riley Nowakowski,TE,Indiana,7,240,Wide Left Consensus Big Board (Arif Hasan) — wideleft.football,6020,250,8.58,31.25,4.66,1.7,33.5,119,,4.61,,Blocking,Blocking,Physicality,Motor,"Scrappy TE, not very athletic but willing blocker",5,169,Pittsburgh,,2026-07-26,240,242,75.7
joe-royer-te-cin-2026,2026,Joe Royer,TE,Cincinnati,5,169,Wide Left Consensus Big Board (Arif Hasan) — wideleft.football,6050,250,10.58,31.88,,,,,,,,,,,,,5,170,Cleveland,,2026-07-26,156,154,93.3
karon-prunty-cb-wak-2026,2026,Karon Prunty,CB,Wake Forest,7,512,Wide Left Consensus Big Board (Arif Hasan) — wideleft.football,6014,190,9.25,31.75,4.45,1.54,33,123,,4.2,11,,Primary Strength,,,,5,171,New England,,2026-07-26,502,480,60.3
lorenzo-styles-s-ohi-2026,2026,Lorenzo Styles,S,Ohio State,7,263,Wide Left Consensus Big Board (Arif Hasan) — wideleft.football,6004,194,9.5,31.63,4.27,1.49,39,,,,,Free Safety,Speed,Explosiveness,,,5,172,New Orleans,,2026-07-26,254,267,72.1
josh-cuevas-te-ala-2026,2026,Josh Cuevas,TE,Alabama,6,196,Wide Left Consensus Big Board (Arif Hasan) — wideleft.football,6032,246,9.48,31.13,4.65,1.65,34,118,,,19,Blocking,Route Running,Motor,,FB/TE Blocker,5,173,Baltimore,,2026-07-26,204,194,88.7
adam-randall-rb-cle-2026,2026,Adam Randall,RB,Clemson,6,204,Wide Left Consensus Big Board (Arif Hasan) — wideleft.football,6031,231,9.68,32.88,4.5,1.6,37,124,,4.31,26,Power,Power,Vision,Explosiveness,"Big powerful back, Derrick Henry lite, patient, falls forward, not the best hands",5,174,Baltimore,,2026-07-26,185,207,81.1
hezekiah-masses-cb-cal-2026,2026,Hezekiah Masses,CB,California,5,166,Wide Left Consensus Big Board (Arif Hasan) — wideleft.football,6003,181,8.18,31.25,4.52,1.56,29.5,121,,4.51,,Outside,Ball Skills,Zone Coverage,,"Good length, outstanding ball skills, not fastest straight-line speed but savy and explosive in short areas",5,175,Las Vegas,,2026-07-26,167,162,92.8
cyrus-allen-wr-cin-2026,2026,Cyrus Allen,WR,Cincinnati,6,184,Wide Left Consensus Big Board (Arif Hasan) — wideleft.football,5112,183,9.18,30.88,4.49,1.56,36,132,,4.17,14,,Primary Strength,,,,5,176,Kansas City,,2026-07-26,220,179,105.1
kevin-coleman-jr-wr-mis-2026,2026,Kevin Coleman Jr.,WR,Missouri,5,152,Wide Left Consensus Big Board (Arif Hasan) — wideleft.football,5103,178,9.38,30.13,4.41,1.57,38.5,126,,,,Speed/Quickness,Explosiveness,Motor,,,5,177,Miami,,2026-07-26,150,151,82.9
cole-payton-qb-nor-2026,2026,Cole Payton,QB,North Dakota State,4,127,Wide Left Consensus Big Board (Arif Hasan) — wideleft.football,6025,232,10.25,31.63,4.56,1.55,40,130,,4.36,,Running QB,,,,,5,178,Philadelphia,,2026-07-26,127,124,101
enrique-cruz-jr-ot-kan-2026,2026,Enrique Cruz Jr.,OT,Kansas,7,280,Wide Left Consensus Big Board (Arif Hasan) — wideleft.football,6052,310,10.38,34.88,4.94,1.74,35,116,,,,,,,,,5,179,San Fransisco,,2026-07-26,246,287,80.2
seydou-traore-te-mis-2026,2026,Seydou Traore,TE,Mississippi State,7,309,Wide Left Consensus Big Board (Arif Hasan) — wideleft.football,6036,244,9.58,33.13,4.64,1.65,40,127,,4.38,25,,Primary Strength,,,,5,180,Miami,,2026-07-26,322,318,74.3
zane-durant-dt-pen-2026,2026,Zane Durant,DT,Penn State,4,140,Wide Left Consensus Big Board (Arif Hasan) — wideleft.football,6010,290,10.63,31.88,4.75,1.66,33.5,112,,,,Pass Rusher,Pass Rush Skills,Explosiveness,Short-Area Quickness,"Quick-twitch interior DT, strength is penetration, can't anchor at his size, elite speed, poor length and size for DT",5,181,Buffalo,,2026-07-26,128,141,97.8
taylen-green-qb-ark-2026,2026,Taylen Green,QB,Arkansas,5,148,Wide Left Consensus Big Board (Arif Hasan) — wideleft.football,6057,227,9.88,34.75,4.36,1.55,43.5,134,,,,,,,,,6,182,Cleveland,,2026-07-26,132,153,105
karson-sharar-lb-iow-2026,2026,Karson Sharar,LB,Iowa,7,301,Wide Left Consensus Big Board (Arif Hasan) — wideleft.football,6014,232,10.38,31.75,4.56,1.59,40,123,,4.2,13,Power/Tackling,Short-Area Quickness,Explosiveness,,"Good measurables, stays square",6,183,Arizona,,2026-07-26,303,299,72
jackie-marshall-dt-bay-2026,2026,Jackie Marshall,DT,Baylor,7,326,Wide Left Consensus Big Board (Arif Hasan) — wideleft.football,6020,294,9.58,32,4.88,1.69,,,,4.68,,Balanced,,,,,6,184,Tennessee,,2026-07-26,320,343,67.1
bauer-sharp-te-lsu-2026,2026,Bauer Sharp,TE,LSU,7,355,Wide Left Consensus Big Board (Arif Hasan) — wideleft.football,6045,253,9.78,31.63,4.63,1.68,,121,,4.3,,,,,,,6,185,Tampa Bay,,2026-07-26,371,336,64.4
bobby-jamisontravis-dt-aub-2026,2026,Bobby Jamison-Travis,DT,Auburn,7,351,Wide Left Consensus Big Board (Arif Hasan) — wideleft.football,6032,335,9.78,34.38,5.25,1.8,25,105,,4.64,25,Run Stuffer,Size/Length,Anchor,,,6,186,New York Giants,,2026-07-26,379,350,65.3
kaytron-allen-rb-pen-2026,2026,Kaytron Allen,RB,Penn State,4,130,Wide Left Consensus Big Board (Arif Hasan) — wideleft.football,5110,218,9.5,29.5,,,,,,,,Power,Power,Contact Balance,Vision,"Strong and tough runner, lack of burst, inconsistent WR and blocker out of backfield",6,187,Washington,,2026-07-26,135,129,81.1
anez-cooper-iol-mia-2026,2026,Anez Cooper,IOL,Miami,6,212,Wide Left Consensus Big Board (Arif Hasan) — wideleft.football,6054,342,10,34.25,5.52,1.94,,,,,,Power/Strength,Size/Length,,,Power IOL does a job,6,188,New York Jets,,2026-07-26,171,213,88.3
brian-parker-ii-iol-duk-2026,2026,Brian Parker II,IOL,Duke,4,111,Wide Left Consensus Big Board (Arif Hasan) — wideleft.football,6051,311,9.78,33.25,5.14,1.78,,109,,4.8,,Balanced,Strength,Explosiveness,Short-Area Quickness,,6,189,Cincinnati,,2026-07-26,105,110,87.4
barion-brown-wr-lsu-2026,2026,Barion Brown,WR,LSU,7,249,Wide Left Consensus Big Board (Arif Hasan) — wideleft.football,5106,186,8.68,32,4.4,1.62,32,118,,,,Speed/Quickness,Speed,Physicality,,"Long speed, light frame, a main target for LSU, not sure about short area quickness, tough player",6,190,New Orleans,,2026-07-26,228,253,70.7
josh-cameron-wr-bay-2026,2026,Josh Cameron,WR,Baylor,5,159,Wide Left Consensus Big Board (Arif Hasan) — wideleft.football,6011,221,10.28,33.38,,,,,,,,Size/Possession,Size/Length,Route Running,,,6,191,Jacksonville,,2026-07-26,133,160,96.9
jc-davis-ot-ill-2026,2026,J.C. Davis,OT,Illinois,5,154,Wide Left Consensus Big Board (Arif Hasan) — wideleft.football,6043,322,10.13,34.25,5.16,1.78,30.5,99,,,,Power/Strength,Size/Length,Strength,,"Big player, powerful IOL, decent feet and agility, strong hands but can't always sustain blocks, prob OG",6,192,New York Giants,,2026-07-26,187,150,90.6
jack-kelly-lb-byu-2026,2026,Jack Kelly,LB,BYU,6,189,Wide Left Consensus Big Board (Arif Hasan) — wideleft.football,6015,239,9.18,31.38,4.57,1.61,37,125,,4.19,19,Power/Tackling,Speed,Short-Area Quickness,Physicality,,6,193,New York Giants,,2026-07-26,186,197,98.7
pat-coogan-iol-ind-2026,2026,Pat Coogan,IOL,Indiana,6,192,Wide Left Consensus Big Board (Arif Hasan) — wideleft.football,6051,310,9.38,32,5.19,1.87,29,107,,4.93,22,Zone/Agility,Short-Area Quickness,,,"Center for IU, good player, prob best OL, good mover on tape",6,194,Tennessee,,2026-07-26,203,191,92.4
malik-benson-wr-ore-2026,2026,Malik Benson,WR,Oregon,7,229,Wide Left Consensus Big Board (Arif Hasan) — wideleft.football,6002,197,8.78,32.38,4.37,1.55,32.5,122,,4.45,,,,,,,6,195,Las Vegas,,2026-07-26,198,233,94.6
dametrious-crownover-ot-tex-2026,2026,Dametrious Crownover,OT,Texas A&M,4,124,Wide Left Consensus Big Board (Arif Hasan) — wideleft.football,6070,321,9.68,35.75,5.14,1.79,,,,4.98,,Power/Strength,Size/Length,Hand Fighting,,"Good size and length, not a great mover, power scheme late rounder/UDFA",6,196,New England,,2026-07-26,116,128,94.2
cj-daniels-wr-mia-2026,2026,CJ Daniels,WR,Miami,6,202,Wide Left Consensus Big Board (Arif Hasan) — wideleft.football,6021,200,9.18,32.5,4.58,1.61,34.5,123,,4.27,,Size/Possession,Route Running,,,"Decent WR, can run routes, not a speedster, didn't dominate at FBS",6,197,LA Rams,,2026-07-26,251,189,110.9
demond-claiborne-rb-wak-2026,2026,Demond Claiborne,RB,Wake Forest,5,144,Wide Left Consensus Big Board (Arif Hasan) — wideleft.football,5092,195,8.68,29.75,4.37,1.59,,122,,,,Speed,Speed,Vision,Explosiveness,"Great COD, very small RB, not bad contact balance, fumbled a lot, explosive runner is what he can do though",6,198,Minnesota,,2026-07-26,154,148,84.7
emmanuel-henderson-jr-wr-kan-2026,2026,Emmanuel Henderson Jr.,WR,Kansas,7,338,Wide Left Consensus Big Board (Arif Hasan) — wideleft.football,6010,186,8.48,31,4.44,1.56,35,121,,4.33,,,,,,,6,199,Seattle,,2026-07-26,347,342,67.1
dj-campbell-iol-tex-2026,2026,DJ Campbell,IOL,Texas,6,195,Wide Left Consensus Big Board (Arif Hasan) — wideleft.football,6026,319,10.28,33.88,5.01,1.76,26.5,104,,4.78,20,,,,,,6,200,Miami,,2026-07-26,182,199,85.6
domani-jackson-cb-ala-2026,2026,Domani Jackson,CB,Alabama,6,211,Wide Left Consensus Big Board (Arif Hasan) — wideleft.football,6006,193,9,31.13,4.45,1.55,33.5,131,,,19,Outside,Explosiveness,,,"Good athlete, benched at one point for play responded nicely, not super impressed",6,201,Green Bay,,2026-07-26,191,211,95.1
logan-taylor-iol-bos-2026,2026,Logan Taylor,IOL,Boston College,7,218,Wide Left Consensus Big Board (Arif Hasan) — wideleft.football,6064,316,10.28,34.38,5.19,1.82,31,109,,4.84,,,,,,,6,202,LA Chargers,,2026-07-26,211,223,79.7
cj-williams-wr-sta-2026,2026,CJ Williams,WR,Stanford,7,678,Wide Left Consensus Big Board (Arif Hasan) — wideleft.football,6007,203,9.75,30.6,4.53,1.58,35,128,,4.47,14,,Primary Strength,,,,6,203,Jacksonville,,2026-07-26,584,682,68.9
lewis-bond-wr-bos-2026,2026,Lewis Bond,WR,Boston College,7,264,Wide Left Consensus Big Board (Arif Hasan) — wideleft.football,5106,190,9.78,29.25,4.59,1.52,35,123,,4.34,15,,Primary Strength,,,,6,204,Houston,,2026-07-26,317,264,79.3
skyler-gillhoward-dt-tex-2026,2026,Skyler Gill-Howard,DT,Texas Tech,7,227,Wide Left Consensus Big Board (Arif Hasan) — wideleft.football,6000,280,9.28,31.13,5.06,1.8,30.5,108,,4.73,27,Pass Rusher,Pass Rush Skills,Motor,Explosiveness,"Sudden and explosive, high motor, good pass rush plan, smallish frame impacts run defense, pass rushing 3 tech",6,205,Detroit,,2026-07-26,269,217,87
alex-harkey-iol-ore-2026,2026,Alex Harkey,IOL,Oregon,7,246,Wide Left Consensus Big Board (Arif Hasan) — wideleft.football,6053,313,10.28,32.5,5.2,1.79,31,99,,4.9,21,Balanced,,,,Can play OT (not sure how well),6,206,LA Chargers,,2026-07-26,184,260,82
micah-morris-iol-geo-2026,2026,Micah Morris,IOL,Georgia,7,221,Wide Left Consensus Big Board (Arif Hasan) — wideleft.football,6050,350,10.28,33.75,5.09,1.73,29.5,112,,,,Power/Strength,Size/Length,Strength,,"Very solid guard, physical, can move, doesn't get bull rushed, powerful, gap/duo scheme great fit",6,207,Philadelphia,,2026-07-26,253,222,72.5
anterio-thompson-dt-was-2026,2026,Anterio Thompson,DT,Washington,7,433,Wide Left Consensus Big Board (Arif Hasan) — wideleft.football,6017,306,10,33.5,4.73,1.74,29.5,114,,4.38,30,Run Stuffer,,,,,6,208,Atlanta,,2026-07-26,350,459,84.2
matt-gulbin-iol-mic-2026,2026,Matt Gulbin,IOL,Michigan State,5,168,Wide Left Consensus Big Board (Arif Hasan) — wideleft.football,6031,302,9.5,31.75,,,28,101,,4.96,21,Power/Strength,Strength,Anchor,,,6,209,Washington,,2026-07-26,196,161,91.9
gabe-rubio-dt-not-2026,2026,Gabe Rubio,DT,Notre Dame,,,Wide Left Consensus Big Board (Arif Hasan) — wideleft.football,6051,321,10,33.6,5.26,1.85,26,105,,4.87,26,,Primary Strength,,,,6,210,Pittsburgh,,2026-07-26,,,
ryan-eckley-st-mic-2026,2026,Ryan Eckley,ST,Michigan State,7,360,Wide Left Consensus Big Board (Arif Hasan) — wideleft.football,6002,200,9.4,31.5,,,,,,,,,,,,Punter,6,211,Baltimore,,2026-07-26,256,425,83.4
namdi-obiazor-lb-tcu-2026,2026,Namdi Obiazor,LB,TCU,7,297,Wide Left Consensus Big Board (Arif Hasan) — wideleft.football,6021,232,10.28,31.13,4.53,1.56,37,119,,4.36,21,,,,,,6,212,New England,,2026-07-26,255,304,67.1
jordan-van-den-berg-dt-geo-2026,2026,Jordan van den Berg,DT,Georgia Tech,7,244,Wide Left Consensus Big Board (Arif Hasan) — wideleft.football,6032,310,9.38,32.13,4.94,1.61,36,119,,4.19,35,Balanced,Strength,Motor,,,6,213,Chicago,,2026-07-26,226,235,103.7
caden-curry-edge-ohi-2026,2026,Caden Curry,EDGE,Ohio State,5,161,Wide Left Consensus Big Board (Arif Hasan) — wideleft.football,6023,261,9.38,30.63,,,,,,4.51,26,Balanced,Motor,,,"Shorter arms, very disruptive despite lacking explosiveness, can play inside, not great vs. run, great motor, impacts game",6,214,Indianapolis,,2026-07-26,161,167,91.9
harold-perkins-jr-lb-lsu-2026,2026,Harold Perkins Jr.,LB,LSU,4,139,Wide Left Consensus Big Board (Arif Hasan) — wideleft.football,6005,220,8.28,31.5,4.45,1.56,35,124,,,20,Power/Tackling,Motor,Physicality,,"Good motor/hussle, took green dot away from him, explosive, smallish guy, pass rusher?",6,215,Atlanta,,2026-07-26,121,146,88.8
trey-smack-st-flo-2026,2026,Trey Smack,ST,Florida,7,352,Wide Left Consensus Big Board (Arif Hasan) — wideleft.football,6011,189,8.4,30.5,,,,,,,,,,,,Kicker,6,216,Green Bay,,2026-07-26,289,359,83.8
jayden-williams-ot-mis-2026,2026,Jayden Williams,OT,Mississippi,7,386,Wide Left Consensus Big Board (Arif Hasan) — wideleft.football,6044,307,9.48,33.5,5,1.8,29.5,107,,4.8,21,,Primary Strength,,,,7,217,Arizona,,2026-07-26,368,375,64.4
anthony-smith-wr-eas-2026,2026,Anthony Smith,WR,East Carolina,7,438,Wide Left Consensus Big Board (Arif Hasan) — wideleft.football,6022,197,8.78,31.88,4.4,1.49,36,123,,4.28,12,,Primary Strength,,,,7,218,Dallas,,2026-07-26,396,447,66.2
tj-hall-cb-iow-2026,2026,TJ Hall,CB,Iowa,6,209,Wide Left Consensus Big Board (Arif Hasan) — wideleft.football,6005,188,9.58,29.63,4.55,1.62,40.5,121,,4.12,12,Outside,Short-Area Quickness,Physicality,Football IQ,"Quick and fast, good attitude, comes downhill fast, they asked him to set the edge",7,219,New Orleans,,2026-07-26,199,210,96
toriano-pride-jr-cb-mis-2026,2026,Toriano Pride Jr.,CB,Missouri,7,262,Wide Left Consensus Big Board (Arif Hasan) — wideleft.football,5103,189,9.28,31,,,,,,,,,,,,,7,220,Buffalo,,2026-07-26,243,266,72.5
jack-endries-te-tex-2026,2026,Jack Endries,TE,Texas,4,128,Wide Left Consensus Big Board (Arif Hasan) — wideleft.football,6042,245,9.48,31.13,4.62,1.59,36,119,,4.47,19,,,,,,7,221,Cincinnati,,2026-07-26,158,127,101.4
tyre-west-dt-ten-2026,2026,Tyre West,DT,Tennessee,7,378,Wide Left Consensus Big Board (Arif Hasan) — wideleft.football,6017,283,10.25,33.4,4.84,1.68,33,111,,4.84,20,,,,,,7,222,Detroit,,2026-07-26,389,381,68
athan-kaliakmanis-qb-rut-2026,2026,Athan Kaliakmanis,QB,Rutgers,7,382,Wide Left Consensus Big Board (Arif Hasan) — wideleft.football,6024,216,9.15,32.9,4.92,1.74,29.5,114,,4.33,,,Primary Strength,,,,7,223,Washington,,2026-07-26,429,371,64.4
robert-spearsjennings-s-okl-2026,2026,Robert Spears-Jennings,S,Oklahoma,6,210,Wide Left Consensus Big Board (Arif Hasan) — wideleft.football,6015,207,10.38,32.5,4.32,1.51,38,125,,4.38,14,Balanced,Speed,Explosiveness,,"Not impressed by his football IQ, good measurables and size though",7,224,Pittsburgh,,2026-07-26,146,219,91
jaren-kanak-te-okl-2026,2026,Jaren Kanak,TE,Oklahoma,7,273,Wide Left Consensus Big Board (Arif Hasan) — wideleft.football,6016,235,9.28,30.75,4.52,1.61,36,119,,4.27,,Balanced,Blocking,Motor,Physicality,"Good blocker, can catch, average athletcism, short arms, very tough player",7,225,Tennessee,,2026-07-26,284,269,76.1
landon-robinson-dt-nav-2026,2026,Landon Robinson,DT,Navy,6,215,Wide Left Consensus Big Board (Arif Hasan) — wideleft.football,5112,293,9.18,31.75,4.87,1.65,32.5,110,,4.48,30,Balanced,Motor,Strength,,,7,226,Cincinnati,,2026-07-26,293,204,90.1
jackson-kuwatch-lb-mia-2026,2026,Jackson Kuwatch,LB,Miami (OH),7,346,Wide Left Consensus Big Board (Arif Hasan) — wideleft.football,6040,232,9.18,30.5,4.64,1.5,36.5,120,,4.4,15,,,,,,7,227,Carolina,,2026-07-26,369,333,68
vj-payne-s-kan-2026,2026,VJ Payne,S,Kansas State,,,Wide Left Consensus Big Board (Arif Hasan) — wideleft.football,6033,205,9.38,33.75,4.4,1.52,35,127,,4.33,,Free Safety,Speed,Short-Area Quickness,,,7,228,New York Jets,,2026-07-26,,,
brandon-cleveland-dt-nc-2026,2026,Brandon Cleveland,DT,NC State,7,254,Wide Left Consensus Big Board (Arif Hasan) — wideleft.football,6030,307,9.25,32.38,5.12,1.78,26.5,,,4.91,37,Run Stuffer,Strength,Anchor,,"Stays square, violent hands, anchors very well against double teams, strong despite weight, 2 down NT",7,229,Las Vegas,,2026-07-26,245,261,68
eli-heidenreich-rb-nav-2026,2026,Eli Heidenreich,RB,Navy,6,201,Wide Left Consensus Big Board (Arif Hasan) — wideleft.football,6010,202,9.5,29.25,4.44,1.55,36,121,,4.22,16,Speed,Speed,Short-Area Quickness,,,7,230,Pittsburgh,,2026-07-26,230,200,93.3
ethan-onianwa-iol-ohi-2026,2026,Ethan Onianwa,IOL,Ohio State,7,376,Wide Left Consensus Big Board (Arif Hasan) — wideleft.football,6063,333,10,34.4,5.21,1.84,30,100,,4.69,24,,,,,,7,231,Atlanta,,2026-07-26,385,377,58.5
tim-keenan-dt-ala-2026,2026,Tim Keenan,DT,Alabama,5,165,Wide Left Consensus Big Board (Arif Hasan) — wideleft.football,6010,327,8.63,30.5,5.31,1.84,30,100,,,21,Run Stuffer,Anchor,Football IQ,Motor,"Huge man at nose, moves well, alpha dog leader on defense, can rush passer",7,232,LA Rams,,2026-07-26,188,159,93.3
zach-durfee-edge-was-2026,2026,Zach Durfee,EDGE,Washington,7,412,Wide Left Consensus Big Board (Arif Hasan) — wideleft.football,6046,247,9.68,31.5,4.58,1.64,39,123,,4.4,,Speed Rusher,,,,,7,233,Jacksonville,,2026-07-26,436,403,72.5
behren-morton-qb-tex-2026,2026,Behren Morton,QB,Texas Tech,7,293,Wide Left Consensus Big Board (Arif Hasan) — wideleft.football,6020,221,9.5,30.63,,,,,,,,,,,,,7,234,New England,,2026-07-26,268,298,61.2
gavin-gerhardt-iol-cin-2026,2026,Gavin Gerhardt,IOL,Cincinnati,7,612,Wide Left Consensus Big Board (Arif Hasan) — wideleft.football,6043,309,9.25,32.5,5.21,1.84,25.5,103,,4.67,27,,,,,,7,235,Minnesota,,2026-07-26,588,599,76.6
andre-fuller-cb-tol-2026,2026,Andre Fuller,CB,Toledo,7,260,Wide Left Consensus Big Board (Arif Hasan) — wideleft.football,6010,202,9.25,30.13,,,,,,,,,,,,Seahawks visit,7,236,Seattle,,2026-07-26,281,259,71.1
seth-mcgowan-rb-ken-2026,2026,Seth McGowan,RB,Kentucky,6,182,Wide Left Consensus Big Board (Arif Hasan) — wideleft.football,6000,222,9,31.38,4.49,1.6,42.5,131,,4.4,,Balanced,,,,,7,237,Indianapolis,,2026-07-26,207,182,89.7
max-llewellyn-edge-iow-2026,2026,Max Llewellyn,EDGE,Iowa,4,135,Wide Left Consensus Big Board (Arif Hasan) — wideleft.football,6054,260,9,32.5,4.83,1.69,32.5,115,,4.48,26,Balanced,Motor,Pass Rush Skills,,"Dude is a playmaker, showed up huge against Oregon, relentless motor, not bendy or super athletic",7,238,Miami,,2026-07-26,151,137,81.1
tommy-doman-jr-st-flo-2026,2026,Tommy Doman Jr.,ST,Florida,7,401,Wide Left Consensus Big Board (Arif Hasan) — wideleft.football,6041,213,9.6,31.4,,,,,,,,,,,,,7,239,Buffalo,,2026-07-26,376,440,65.7
parker-hughes-lb-mid-2026,2026,Parker Hughes,LB,Middle Tennessee State,7,679,Wide Left Consensus Big Board (Arif Hasan) — wideleft.football,6006,228,8.9,31.4,4.39,1.53,35.5,114,,4.41,25,,,,,,7,240,Jacksonville,,2026-07-26,661,676,69.8
armaj-reedadams-iol-tex-2026,2026,Ar'maj Reed-Adams,IOL,Texas A&M,6,193,Wide Left Consensus Big Board (Arif Hasan) — wideleft.football,6054,324,9.58,34.5,5.28,1.85,29.5,110,,5.03,25,,,,,,7,241,Buffalo,,2026-07-26,170,198,83.8
deven-eastern-dt-min-2026,2026,Deven Eastern,DT,Minnesota,7,266,Wide Left Consensus Big Board (Arif Hasan) — wideleft.football,6046,320,10,34,,,27.5,112,,4.81,25,Run Stuffer,Anchor,,,,7,242,Seattle,,2026-07-26,273,270,69.3
aiden-fisher-lb-ind-2026,2026,Aiden Fisher,LB,Indiana,5,149,Wide Left Consensus Big Board (Arif Hasan) — wideleft.football,6005,230,9.58,31.63,4.76,1.63,37.5,123,,4.51,18,Range/Coverage,Explosiveness,Football IQ,Coverage,Physical but didn't see too many plays on tape (Butkus Award finalist),7,243,Houston,,2026-07-26,165,157,90.6
cole-wisniewski-s-tex-2026,2026,Cole Wisniewski,S,Texas Tech,7,228,Wide Left Consensus Big Board (Arif Hasan) — wideleft.football,6032,219,9.58,30.5,,,36.5,122,,,22,,Primary Strength,,,,7,244,Philadelphia,,2026-07-26,262,226,85.2
jam-miller-rb-ala-2026,2026,Jam Miller,RB,Alabama,7,248,Wide Left Consensus Big Board (Arif Hasan) — wideleft.football,5100,208,8.58,30.38,4.42,1.53,30.5,115,,,,Speed,Speed,,,,7,245,New England,,2026-07-26,218,258,74.3
miles-scott-s-ill-2026,2026,Miles Scott,S,Illinois,7,361,Wide Left Consensus Big Board (Arif Hasan) — wideleft.football,6002,203,10.38,31,4.62,1.63,37.5,123,,4.12,18,,Primary Strength,,,,7,246,Denver,,2026-07-26,472,347,80.2
quintayvious-hutchins-edge-bos-2026,2026,Quintayvious Hutchins,EDGE,Boston College,7,250,Wide Left Consensus Big Board (Arif Hasan) — wideleft.football,6024,243,9.28,33,4.74,1.73,37,112,,4.61,,Speed Rusher,,,,,7,247,New England,,2026-07-26,261,246,71.6
carsen-ryan-te-byu-2026,2026,Carsen Ryan,TE,BYU,7,283,Wide Left Consensus Big Board (Arif Hasan) — wideleft.football,6033,255,10,31.38,4.71,1.6,33.5,115,,4.22,23,,Primary Strength,,,,7,248,Cleveland,,2026-07-26,325,274,131.7
garrett-nussmeier-qb-lsu-2026,2026,Garrett Nussmeier,QB,LSU,3,82,Wide Left Consensus Big Board (Arif Hasan) — wideleft.football,6020,203,9.13,30.38,,,,,,,,Pocket Passer,Accuracy,Pocket Presence,,,7,249,Kansas City,,2026-07-26,83,82,93.8
rayshaun-benny-dt-mic-2026,2026,Rayshaun Benny,DT,Michigan,4,137,Wide Left Consensus Big Board (Arif Hasan) — wideleft.football,6026,305,9.25,33.38,,,,,,4.89,,Balanced,Strength,,,"Decent size, decent power, stoutish run defense, strong hands, good length, can get tall, 3 tech run defender",7,250,Baltimore,,2026-07-26,123,140,96.9
uar-bernard-dt-nig-2026,2026,Uar Bernard,DT,Nigeria,7,358,Wide Left Consensus Big Board (Arif Hasan) — wideleft.football,6045,306,11,35.75,4.66,1.6,39,130,,4.59,31,,,,,,7,251,Philadelphia,,2026-07-26,383,357,96.4
keyshawn-jamesnewby-edge-new-2026,2026,Keyshawn James-Newby,EDGE,New Mexico,7,303,Wide Left Consensus Big Board (Arif Hasan) — wideleft.football,6020,238,9.38,33.13,4.53,1.63,33.5,120,,,21,Speed Rusher,Size/Length,Bend,,,7,252,Philadelphia,,2026-07-26,275,314,81.1
evan-beerntsen-iol-nor-2026,2026,Evan Beerntsen,IOL,Northwestern,7,315,Wide Left Consensus Big Board (Arif Hasan) — wideleft.football,6033,302,9.28,32.25,5.25,1.82,32.5,105,,4.8,22,,,,,,7,253,Baltimore,,2026-07-26,274,326,72.5
deion-burks-wr-okl-2026,2026,Deion Burks,WR,Oklahoma,3,96,Wide Left Consensus Big Board (Arif Hasan) — wideleft.football,5093,184,9.58,29.5,4.3,1.49,42.5,131,,4.22,,Speed/Quickness,Speed,Explosiveness,Football IQ,"Very small player but lightning fast and super athletic, playmaker, Tez Johnson type player",7,254,Indianapolis,,2026-07-26,87,96,88.8
michael-dansby-cb-ari-2026,2026,Michael Dansby,CB,Arizona,7,733,Wide Left Consensus Big Board (Arif Hasan) — wideleft.football,5114,185,9.5,30.15,,,,,,,12,,,,,,7,255,Seattle,,2026-07-26,767,707,99.1
dallen-bentley-te-uta-2026,2026,Dallen Bentley,TE,Utah,5,173,Wide Left Consensus Big Board (Arif Hasan) — wideleft.football,6035,253,9.78,32.88,4.59,1.59,35,118,,4.18,,Receiving,Size/Length,Hands,,,7,256,Denver,,2026-07-26,200,164,79.7
red-murdock-lb-buf-2026,2026,Red Murdock,LB,Buffalo,6,197,Wide Left Consensus Big Board (Arif Hasan) — wideleft.football,6016,233,10.28,31.13,4.75,1.63,31.5,114,,,22,Power/Tackling,Physicality,Football IQ,,"Very physical, good instincts",7,257,Denver,,2026-07-26,229,190,91.9
kyle-romenick-st-duq-2025,2025,Kyle Romenick,ST,Duquesne,,,Wide Left Consensus Big Board (Arif Hasan) — wideleft.football,6013,223,9.375,32.38,,,28,,,,18,P,,,,,,,,,2026-07-26,,,
ethan-klapatch-st-mil-2025,2025,Ethan Klapatch,ST,Millsaps,,,Wide Left Consensus Big Board (Arif Hasan) — wideleft.football,6013,188,8.875,30.38,4.83,,,108,,4.53,,P,,,,,,,,,2026-07-26,,,
brian-buschini-st-neb-2025,2025,Brian Buschini,ST,Nebraska,,,Wide Left Consensus Big Board (Arif Hasan) — wideleft.football,6005,245,9.25,30.68,,,,,,,,P,,,,,,,,,2026-07-26,,,
braxston-blackwell-st-sou-2025,2025,Braxston Blackwell,ST,Southern,,,Wide Left Consensus Big Board (Arif Hasan) — wideleft.football,5092,191,8.875,29.48,5.22,,23.5,93,,,,LS,,,,,,,,,2026-07-26,,,
beaux-collins-wr-not-2025,2025,Beaux Collins,WR,Notre Dame,,,Wide Left Consensus Big Board (Arif Hasan) — wideleft.football,6030,201,9.5,31.5,,,,,,,,,,,,,,,,,2026-07-26,,,
nick-marino-st-flo-2025,2025,Nick Marino,ST,Florida Atlantic,,,Wide Left Consensus Big Board (Arif Hasan) — wideleft.football,,,,,,,30.5,,,,20,LS,,,,,,,,,2026-07-26,,,
terrence-spence-cb-jam-2025,2025,Terrence Spence,CB,James Madison,,,Wide Left Consensus Big Board (Arif Hasan) — wideleft.football,6006,190,8.5,30.48,4.52,,40,118,,4.21,15,,,,,,,,,,2026-07-26,,,
josh-williams-rb-lsu-2025,2025,Josh Williams,RB,LSU,,,Wide Left Consensus Big Board (Arif Hasan) — wideleft.football,5083,196,9.75,30,4.45,,42,122,,4.32,23,,,,,,,,,,2026-07-26,,,
fraser-masin-st-mis-2025,2025,Fraser Masin,ST,Mississippi,,,Wide Left Consensus Big Board (Arif Hasan) — wideleft.football,6042,244,9.125,32.58,,,,,,,,P,,,,,,,,,2026-07-26,,,
griffin-crosa-st-nor-2025,2025,Griffin Crosa,ST,North Dakota State,,,Wide Left Consensus Big Board (Arif Hasan) — wideleft.football,6007,170,9.375,31.48,,,,,,,,K,,,,,,,,,2026-07-26,,,
conner-maynard-st-app-2025,2025,Conner Maynard,ST,Appalachian State,,,Wide Left Consensus Big Board (Arif Hasan) — wideleft.football,6021,170,8.875,31,,,,,,,,P,,,,,,,,,2026-07-26,,,
peter-moore-st-vir-2025,2025,Peter Moore,ST,Virginia Tech,,,Wide Left Consensus Big Board (Arif Hasan) — wideleft.football,6005,206,8.5,29.48,,,,,,,,P,,,,,,,,,2026-07-26,,,
michael-davidson-st-bro-2025,2025,Michael Davidson,ST,Brown,,,Wide Left Consensus Big Board (Arif Hasan) — wideleft.football,6001,210,8.5,29.58,5.05,,26,98,,4.7,8,LS,,,,,,,,,2026-07-26,,,
howard-cross-iii-dt-not-2025,2025,Howard Cross III,DT,Notre Dame,7,245,Wide Left Consensus Big Board (Arif Hasan) — wideleft.football,6013,285,10.5,32.25,,,29,104,,,,,,,,,,,,,2026-07-26,252,247,90.1
daquan-felton-wr-vir-2025,2025,Da'Quan Felton,WR,Virginia Tech,7,289,Wide Left Consensus Big Board (Arif Hasan) — wideleft.football,6046,213,9,32.25,4.5,1.52,32.5,122,,4.3,16,Blocker/Project,,,,,,,,,2026-07-26,234,307,78.4
marshall-lang-te-nor-2025,2025,Marshall Lang,TE,Northwestern,,,Wide Left Consensus Big Board (Arif Hasan) — wideleft.football,6041,249,9.75,32.68,4.85,,31.5,119,,4.25,18,,,,,,,,,,2026-07-26,,,
brant-kuithe-te-uta-2025,2025,Brant Kuithe,TE,Utah,,,Wide Left Consensus Big Board (Arif Hasan) — wideleft.football,6020,236,10.5,31.5,,,,,,,,,,,,,,,,,2026-07-26,,,
ivan-mora-st-wak-2025,2025,Ivan Mora,ST,Wake Forest,,,Wide Left Consensus Big Board (Arif Hasan) — wideleft.football,5113,192,8.375,30.68,,,,,,,,P,,,,,,,,,2026-07-26,,,
antwane-wells-jr-wr-mis-2025,2025,Antwane Wells Jr.,WR,Mississippi,7,260,Wide Left Consensus Big Board (Arif Hasan) — wideleft.football,6006,201,8.875,31.5,4.58,1.53,34,124,,,,Z Balanced,,,,,,,,,2026-07-26,246,262,81.8
jalen-kimber-cb-pen-2025,2025,Jalen Kimber,CB,Penn State,,,Wide Left Consensus Big Board (Arif Hasan) — wideleft.football,6001,190,9,31.38,4.39,,33.5,123,,4.15,13,,,,,,,,,,2026-07-26,,,
amari-kight-ot-ucf-2025,2025,Amari Kight,OT,UCF,,,Wide Left Consensus Big Board (Arif Hasan) — wideleft.football,,,,,5.26,,28.5,109,,5.01,17,,,,,,,,,,2026-07-26,,,
brendan-hall-st-mon-2025,2025,Brendan Hall,ST,Montana State,,,Wide Left Consensus Big Board (Arif Hasan) — wideleft.football,6083,232,9.25,32.38,4.75,,29,108,,,11,P,,,,,,,,,2026-07-26,,,
mitch-jeter-st-not-2025,2025,Mitch Jeter,ST,Notre Dame,,,Wide Left Consensus Big Board (Arif Hasan) — wideleft.football,5101,190,9.125,30.48,,,,,,,,K,,,,,,,,,2026-07-26,,,
nash-hutmacher-dt-neb-2025,2025,Nash Hutmacher,DT,Nebraska,,,Wide Left Consensus Big Board (Arif Hasan) — wideleft.football,,,,,,,,,,,26,3 Tech/Pass Rusher,,,,,,,,,2026-07-26,,,
jonata-loria-st-ipp-2025,2025,Jonata Loria,ST,IPP,,,Wide Left Consensus Big Board (Arif Hasan) — wideleft.football,5097,161,8.625,29.18,,,,,,,,K,,,,,,,,,2026-07-26,,,
rory-bell-st-uc-2025,2025,Rory Bell,ST,UC Davis,,,Wide Left Consensus Big Board (Arif Hasan) — wideleft.football,5076,179,8.5,28.38,,,,,,,,K,,,,,,,,,2026-07-26,,,
federico-maranges-iol-flo-2025,2025,Federico Maranges,IOL,Florida Atlantic,,,Wide Left Consensus Big Board (Arif Hasan) — wideleft.football,,,,,,,31,,,,28,,,,,,,,,,2026-07-26,,,
jackson-woodard-lb-unl-2025,2025,Jackson Woodard,LB,UNLV,7,292,Wide Left Consensus Big Board (Arif Hasan) — wideleft.football,6020,234,9,31,,,36,,,,21,,,,,,,,,,2026-07-26,266,291,85.1
jalan-gaines-edge-ill-2025,2025,Jalan Gaines,EDGE,Illinois State,,,Wide Left Consensus Big Board (Arif Hasan) — wideleft.football,6030,242,10.5,33.48,4.73,,30.5,116,,4.45,17,,,,,,,,,,2026-07-26,,,
isaiah-bond-wr-tex-2025,2025,Isaiah Bond,WR,Texas,4,106,Wide Left Consensus Big Board (Arif Hasan) — wideleft.football,5105,180,8.5,30.5,4.39,1.51,34,,,,,Deep/Slot,,,,,,,,,2026-07-26,97,104,139.2
christian-johnstone-st-app-2025,2025,Christian Johnstone,ST,Appalachian State,,,Wide Left Consensus Big Board (Arif Hasan) — wideleft.football,6020,248,9.625,32,5.25,,29.5,,,,14,LS,,,,,,,,,2026-07-26,,,
lliam-davis-st-mer-2025,2025,Lliam Davis,ST,Merrimack,,,Wide Left Consensus Big Board (Arif Hasan) — wideleft.football,5081,177,8.5,28.28,,,,,,,14,K,,,,,,,,,2026-07-26,,,
seth-coleman-edge-ill-2025,2025,Seth Coleman,EDGE,Illinois,,,Wide Left Consensus Big Board (Arif Hasan) — wideleft.football,6034,246,9.875,34,4.68,,36.5,123,,4.59,20,,,,,,,,,,2026-07-26,,,
devin-versteegen-st-win-2025,2025,Devin Versteegen,ST,Winston-Salem State,,,Wide Left Consensus Big Board (Arif Hasan) — wideleft.football,6004,196,8.875,32.18,,,,,,,,P,,,,,,,,,2026-07-26,,,
cj-kolodziey-st-uma-2025,2025,CJ Kolodziey,ST,UMass,,,Wide Left Consensus Big Board (Arif Hasan) — wideleft.football,6010,214,9,31,,,30,108,,,,K,,,,,,,,,2026-07-26,,,
connor-otoole-edge-uta-2025,2025,Connor O'Toole,EDGE,Utah,,,Wide Left Consensus Big Board (Arif Hasan) — wideleft.football,,,,,4.66,,37.5,121,,4.3,,,,,,,,,,,2026-07-26,,,
isas-waxter-cb-vil-2025,2025,Isas Waxter,CB,Villanova,,,Wide Left Consensus Big Board (Arif Hasan) — wideleft.football,6012,209,9.5,31.625,4.56,1.53,35,124,,,,Press,,,,,,,,,2026-07-26,,,
lenny-krieg-st-ipp-2025,2025,Lenny Krieg,ST,IPP,,,Wide Left Consensus Big Board (Arif Hasan) — wideleft.football,6007,210,9,31.28,,,,,,,,K,,,,,,,,,2026-07-26,,,
deryk-jackson-lb-ken-2025,2025,D'Eryk Jackson,LB,Kentucky,,,Wide Left Consensus Big Board (Arif Hasan) — wideleft.football,6014,237,9.25,33,4.96,,32.5,112,,4.68,,,,,,,,,,,2026-07-26,,,
isaiah-neyor-wr-neb-2025,2025,Isaiah Neyor,WR,Nebraska,7,293,Wide Left Consensus Big Board (Arif Hasan) — wideleft.football,6042,218,9.5,34.375,4.4,1.51,38,133,,,,,,,,,,,,,2026-07-26,271,293,90.1
andrew-stokes-st-usf-2025,2025,Andrew Stokes,ST,USF,,,Wide Left Consensus Big Board (Arif Hasan) — wideleft.football,6061,229,8.5,32.38,,,,,,,,P,,,,,,,,,2026-07-26,,,
coziah-izzard-dt-pen-2025,2025,Coziah Izzard,DT,Penn State,,,Wide Left Consensus Big Board (Arif Hasan) — wideleft.football,6025,298,9.625,34,4.85,,33.5,113,,4.52,25,,,,,,,,,,2026-07-26,,,
nate-mccollum-wr-nor-2025,2025,Nate McCollum,WR,North Carolina,,,Wide Left Consensus Big Board (Arif Hasan) — wideleft.football,5080,184,9.375,28.78,4.45,,33,113,,4.07,16,,,,,,,,,,2026-07-26,,,
wykevious-thomas-dt-sou-2025,2025,Wy'Kevious Thomas,DT,South Alabama,,,Wide Left Consensus Big Board (Arif Hasan) — wideleft.football,,,,,,,,,,,30,,,,,,,,,,2026-07-26,,,
jr-singleton-dt-iow-2025,2025,JR Singleton,DT,Iowa State,,,Wide Left Consensus Big Board (Arif Hasan) — wideleft.football,6012,299,9.625,32.58,5.16,,29.5,108,,4.66,26,,,,,,,,,,2026-07-26,,,
jake-majors-iol-tex-2025,2025,Jake Majors,IOL,Texas,6,201,Wide Left Consensus Big Board (Arif Hasan) — wideleft.football,6033,306,9.875,30.375,,,36.5,,,,,Balanced C,,,,,,,,,2026-07-26,210,197,89.6
isaiah-hamilton-cb-mis-2025,2025,Isaiah Hamilton,CB,Mississippi,,,Wide Left Consensus Big Board (Arif Hasan) — wideleft.football,6001,174,8.875,31.48,4.53,,32.5,119,,4.31,8,,,,,,,,,,2026-07-26,,,
bj-mayes-cb-tex-2025,2025,BJ Mayes,CB,Texas A&M,,,Wide Left Consensus Big Board (Arif Hasan) — wideleft.football,6004,187,8.625,31.48,4.54,,30.5,118,,4.15,10,,,,,,,,,,2026-07-26,,,
caden-davis-st-mis-2025,2025,Caden Davis,ST,Mississippi,,,Wide Left Consensus Big Board (Arif Hasan) — wideleft.football,6015,208,9.5,30.78,,,,,,,,K,,,,,,,,,2026-07-26,,,
brandon-crenshawdickson-ot-flo-2025,2025,Brandon Crenshaw-Dickson,OT,Florida,7,249,Wide Left Consensus Big Board (Arif Hasan) — wideleft.football,6072,316,10.5,34,5.33,1.87,24.5,96,,4.91,15,,,,,,,,,,2026-07-26,307,246,86.5
montorie-foster-wr-mic-2025,2025,Montorie Foster,WR,Michigan State,,,Wide Left Consensus Big Board (Arif Hasan) — wideleft.football,5115,188,9.25,29.28,4.63,,35,116,,4.47,14,,,,,,,,,,2026-07-26,,,
josh-griffin-st-sou-2025,2025,Josh Griffin,ST,Southern,,,Wide Left Consensus Big Board (Arif Hasan) — wideleft.football,6011,177,8.5,32.48,4.72,,34,,,,8,K,,,,,,,,,2026-07-26,,,
dillon-fedor-st-hou-2025,2025,Dillon Fedor,ST,Houston Christian,,,Wide Left Consensus Big Board (Arif Hasan) — wideleft.football,5096,175,8.75,31,,,,,,,,K,,,,,,,,,2026-07-26,,,
montrell-johnson-jr-rb-flo-2025,2025,Montrell Johnson Jr.,RB,Florida,7,291,Wide Left Consensus Big Board (Arif Hasan) — wideleft.football,5113,212,9.25,30.625,4.41,1.55,35.5,123,,4.29,17,1st/2nd down,,,,,,,,,2026-07-26,270,290,75.5
juan-velarde-vasquez-st-nor-2025,2025,Juan Velarde Vasquez,ST,North Carolina Central,,,Wide Left Consensus Big Board (Arif Hasan) — wideleft.football,5093,195,8.625,29.48,,,,,,,,P,,,,,,,,,2026-07-26,,,
ben-sauls-st-pit-2025,2025,Ben Sauls,ST,Pittsburgh,,,Wide Left Consensus Big Board (Arif Hasan) — wideleft.football,,182,,,,,,,,,,K,,,,,,,,,2026-07-26,,,
ryan-hanson-st-jam-2025,2025,Ryan Hanson,ST,James Madison,,,Wide Left Consensus Big Board (Arif Hasan) — wideleft.football,6015,229,9,33,,,,,,,,P,,,,,,,,,2026-07-26,,,
nate-matlack-edge-pit-2025,2025,Nate Matlack,EDGE,Pitt,,,Wide Left Consensus Big Board (Arif Hasan) — wideleft.football,6047,254,10.25,33.18,4.71,,36.5,122,,4.3,,,,,,,,,,,2026-07-26,,,
bryce-lofton-st-sou-2025,2025,Bryce Lofton,ST,Southern Miss,,,Wide Left Consensus Big Board (Arif Hasan) — wideleft.football,6016,209,9.25,31.48,,,,,,,,P,,,,,,,,,2026-07-26,,,
paris-shand-edge-lsu-2025,2025,Paris Shand,EDGE,LSU,,,Wide Left Consensus Big Board (Arif Hasan) — wideleft.football,6036,268,9.75,34,4.82,,33.5,115,,4.52,17,,,,,,,,,,2026-07-26,,,
jakobie-keeneyjames-wr-uma-2025,2025,Jakobie Keeney-James,WR,UMass,,,Wide Left Consensus Big Board (Arif Hasan) — wideleft.football,,,,,4.37,,40.5,126,,4.05,17,,,,,,,,,,2026-07-26,,,
ulysses-bentley-iv-rb-mis-2025,2025,Ulysses Bentley IV,RB,Mississippi,,,Wide Left Consensus Big Board (Arif Hasan) — wideleft.football,5097,201,8.625,29,4.62,1.59,32.5,117,,,,,,,,,,,,,2026-07-26,,,
lan-larison-rb-uc-2025,2025,Lan Larison,RB,UC Davis,,,Wide Left Consensus Big Board (Arif Hasan) — wideleft.football,,,,,,,,,,,,Every-Down Back,,,,,,,,,2026-07-26,,,
torricelli-simpkins-iii-iol-sou-2025,2025,Torricelli Simpkins III,IOL,South Carolina,,,Wide Left Consensus Big Board (Arif Hasan) — wideleft.football,6045,312,10.125,32.375,5.45,1.84,29,110,,,,,,,,,,,,,2026-07-26,,,
sean-lehane-st-new-2025,2025,Sean Lehane,ST,New Hampshire,,,Wide Left Consensus Big Board (Arif Hasan) — wideleft.football,5116,216,9.375,29.78,,,,,,,17,P,,,,,,,,,2026-07-26,,,
brennen-milliron-st-sou-2025,2025,Brennen Milliron,ST,Southern Miss,,,Wide Left Consensus Big Board (Arif Hasan) — wideleft.football,5070,221,9,29.18,4.98,,29,,,4.76,23,LS,,,,,,,,,2026-07-26,,,
maddux-trujillo-st-tem-2025,2025,Maddux Trujillo,ST,Temple,,,Wide Left Consensus Big Board (Arif Hasan) — wideleft.football,6003,172,10,30.68,,,,,,,,K,,,,,,,,,2026-07-26,,,
josh-fryar-iol-ohi-2025,2025,Josh Fryar,IOL,Ohio State,,,Wide Left Consensus Big Board (Arif Hasan) — wideleft.football,6047,318,9.75,34.78,5.09,,34,107,,4.69,,,,,,,,,,,2026-07-26,,,
tim-horn-st-ric-2025,2025,Tim Horn,ST,Rice,,,Wide Left Consensus Big Board (Arif Hasan) — wideleft.football,6023,235,9.75,33.48,,,,,,,24,K,,,,,,,,,2026-07-26,,,
chris-esqueda-st-lam-2025,2025,Chris Esqueda,ST,Lamar,,,Wide Left Consensus Big Board (Arif Hasan) — wideleft.football,5073,195,8.25,28.68,5,,25,97,,4.78,9,P,,,,,,,,,2026-07-26,,,
tyrone-broden-wr-ark-2025,2025,Tyrone Broden,WR,Arkansas,,,Wide Left Consensus Big Board (Arif Hasan) — wideleft.football,6051,194,9.5,33.48,4.37,,35,136,,4.4,,,,,,,,,,,2026-07-26,,,
jared-ivey-edge-mis-2025,2025,Jared Ivey,EDGE,Mississippi,4,122,Wide Left Consensus Big Board (Arif Hasan) — wideleft.football,6057,274,9.125,33.5,,,,,,,,Tweener DT/DE,,,,,,,,,2026-07-26,137,111,123.7
elijhah-badger-wr-flo-2025,2025,Elijhah Badger,WR,Florida,7,227,Wide Left Consensus Big Board (Arif Hasan) — wideleft.football,6013,200,9.5,32.375,4.43,1.53,35.5,,,,,,,,,,,,,,2026-07-26,260,219,100.3
jamaal-pritchett-wr-sou-2025,2025,Jamaal Pritchett,WR,South Alabama,,,Wide Left Consensus Big Board (Arif Hasan) — wideleft.football,,,,,4.42,,,117,,,,Gadget/Slot,,,,,,,,,2026-07-26,,,
glendon-miller-cb-mar-2025,2025,Glendon Miller,CB,Maryland,,,Wide Left Consensus Big Board (Arif Hasan) — wideleft.football,6027,207,8.375,32.28,4.44,,38,118,,4.25,15,,,,,,,,,,2026-07-26,,,
christian-ais-cb-new-2025,2025,Christian Ais,CB,New Haven,,,Wide Left Consensus Big Board (Arif Hasan) — wideleft.football,5115,202,9.75,31.48,4.65,,36,121,,4.22,15,,,,,,,,,,2026-07-26,,,
carlin-vigers-cb-ul-2025,2025,Car'lin Vigers,CB,UL Monroe,,,Wide Left Consensus Big Board (Arif Hasan) — wideleft.football,6012,205,9.25,32.68,4.52,,38,130,,4.47,,,,,,,,,,,2026-07-26,,,
donato-crisanti-st-rho-2025,2025,Donato Crisanti,ST,Rhode Island,,,Wide Left Consensus Big Board (Arif Hasan) — wideleft.football,6044,236,9.5,32,5.2,,29,107,,4.58,12,LS,,,,,,,,,2026-07-26,,,
michael-oshaughnessy-st-cha-2025,2025,Michael O'Shaughnessy,ST,Charlotte,,,Wide Left Consensus Big Board (Arif Hasan) — wideleft.football,6040,217,9,31.58,,,,,,,,P,,,,,,,,,2026-07-26,,,
seth-mclaughlin-iol-ohi-2025,2025,Seth McLaughlin,IOL,Ohio State,5,166,Wide Left Consensus Big Board (Arif Hasan) — wideleft.football,6040,304,9.5,31,,,,,,,,,,,,,,,,,2026-07-26,186,156,84.5
jacardia-wright-rb-mis-2025,2025,Jacardia Wright,RB,Missouri State,,,Wide Left Consensus Big Board (Arif Hasan) — wideleft.football,5116,218,8,33.48,4.64,,35.5,121,,4.44,19,,,,,,,,,,2026-07-26,,,
ethan-hudak-st-tul-2025,2025,Ethan Hudak,ST,Tulane,,,Wide Left Consensus Big Board (Arif Hasan) — wideleft.football,6000,233,9,30.18,4.91,,,110,,4.56,24,LS,,,,,,,,,2026-07-26,,,
tom-ellard-st-nor-2025,2025,Tom Ellard,ST,Northern State,,,Wide Left Consensus Big Board (Arif Hasan) — wideleft.football,5114,165,8.375,30,,,,,,,,P,,,,,,,,,2026-07-26,,,
ross-bolger-st-ipp-2025,2025,Ross Bolger,ST,IPP,,,Wide Left Consensus Big Board (Arif Hasan) — wideleft.football,5102,213,9,31.58,,,,,,,,K,,,,,,,,,2026-07-26,,,
taren-schive-st-boi-2025,2025,Taren Schive,ST,Boise State,,,Wide Left Consensus Big Board (Arif Hasan) — wideleft.football,5104,183,8.875,30.18,4.68,,31.5,,,,,K,,,,,,,,,2026-07-26,,,
bastian-roppelt-st-ipp-2025,2025,Bastian Roppelt,ST,IPP,,,Wide Left Consensus Big Board (Arif Hasan) — wideleft.football,6046,230,9.125,31.78,,,,,,,,K,,,,,,,,,2026-07-26,,,
donovan-mcmillon-s-pit-2025,2025,Donovan McMillon,S,Pitt,,,Wide Left Consensus Big Board (Arif Hasan) — wideleft.football,6015,203,9.5,31.38,4.47,,35,125,,4.13,21,,,,,,,,,,2026-07-26,,,
blake-ochsendorf-st-lsu-2025,2025,Blake Ochsendorf,ST,LSU,,,Wide Left Consensus Big Board (Arif Hasan) — wideleft.football,6060,219,10.125,33.48,,,,,,,,P,,,,,,,,,2026-07-26,,,
jacorey-brooks-wr-lou-2025,2025,Ja'Corey Brooks,WR,Louisville,7,247,Wide Left Consensus Big Board (Arif Hasan) — wideleft.football,6020,184,9,31.625,,,,,,,,Deep/Z,,,,,,,,,2026-07-26,241,249,87.5
giye-jenkins-rb-new-2025,2025,Giye Jenkins,RB,New Haven,,,Wide Left Consensus Big Board (Arif Hasan) — wideleft.football,5095,200,9,30.48,4.57,,34.5,113,,4.35,14,FB,,,,,,,,,2026-07-26,,,
tommi-hill-cb-neb-2025,2025,Tommi Hill,CB,Nebraska,5,175,Wide Left Consensus Big Board (Arif Hasan) — wideleft.football,6004,213,9,32.75,,,,,,,,Zone,,,,,,,,,2026-07-26,180,177,87.9
zy-alexander-cb-lsu-2025,2025,Zy Alexander,CB,LSU,5,147,Wide Left Consensus Big Board (Arif Hasan) — wideleft.football,6013,187,9.25,31,4.56,1.53,31.5,116,,,,Press/Cover 2,,,,,,,,,2026-07-26,169,145,82.7
sam-brown-jr-wr-mia-2025,2025,Sam Brown Jr.,WR,Miami,7,277,Wide Left Consensus Big Board (Arif Hasan) — wideleft.football,6022,200,9.375,31.5,4.44,1.52,41.5,,,,,Outside,,,,,,,,,2026-07-26,273,276,82.3
gabe-pugh-st-lou-2025,2025,Gabe Pugh,ST,Louisiana Tech,,,Wide Left Consensus Big Board (Arif Hasan) — wideleft.football,6033,245,9.25,32.48,5.15,,29,106,,4.62,21,LS,,,,,,,,,2026-07-26,,,
keegan-vaughan-st-tow-2025,2025,Keegan Vaughan,ST,Towson,,,Wide Left Consensus Big Board (Arif Hasan) — wideleft.football,5103,161,8.5,30.58,,,,,,,,K,,,,,,,,,2026-07-26,,,
ethan-gettman-st-vil-2025,2025,Ethan Gettman,ST,Villanova,,,Wide Left Consensus Big Board (Arif Hasan) — wideleft.football,6023,211,9,30.78,,,,,,,,K,,,,,,,,,2026-07-26,,,
bj-adams-cb-ucf-2025,2025,BJ Adams,CB,UCF,7,273,Wide Left Consensus Big Board (Arif Hasan) — wideleft.football,6016,182,8.75,31.325,4.53,1.6,32.5,117,,,,Press,,,,,,,,,2026-07-26,237,287,79.5
alex-harper-st-eas-2025,2025,Alex Harper,ST,East Carolina,,,Wide Left Consensus Big Board (Arif Hasan) — wideleft.football,6001,214,8.25,31.68,5.79,,20.5,95,,5.05,4,LS,,,,,,,,,2026-07-26,,,
aj-gillie-iol-lou-2025,2025,AJ Gillie,IOL,Louisiana,,,Wide Left Consensus Big Board (Arif Hasan) — wideleft.football,6014,284,9.625,33.28,5.24,,27.5,100,,4.76,12,,,,,,,,,,2026-07-26,,,
mark-mcnamee-st-ipp-2025,2025,Mark McNamee,ST,IPP,,,Wide Left Consensus Big Board (Arif Hasan) — wideleft.football,6040,208,9.125,31.58,,,,,,,,K,,,,,,,,,2026-07-26,,,
andy-day-st-uta-2025,2025,Andy Day,ST,Utah Tech,,,Wide Left Consensus Big Board (Arif Hasan) — wideleft.football,6013,199,8.875,29.78,4.95,,30,103,,,7,P,,,,,,,,,2026-07-26,,,
riley-riethman-st-nav-2025,2025,Riley Riethman,ST,Navy,,,Wide Left Consensus Big Board (Arif Hasan) — wideleft.football,5111,194,8.5,31,,,26,,,,,P,,,,,,,,,2026-07-26,,,
jack-wilson-st-ohi-2025,2025,Jack Wilson,ST,Ohio,,,Wide Left Consensus Big Board (Arif Hasan) — wideleft.football,5101,225,8.375,28.78,,,,,,,,P,,,,,,,,,2026-07-26,,,
jonah-dalmas-st-boi-2025,2025,Jonah Dalmas,ST,Boise State,,,Wide Left Consensus Big Board (Arif Hasan) — wideleft.football,5077,166,8,28.58,4.81,,,,,,,K,,,,,,,,,2026-07-26,,,
aidan-clark-st-cen-2025,2025,Aidan Clark,ST,Central Connecticut,,,Wide Left Consensus Big Board (Arif Hasan) — wideleft.football,6021,267,9.5,31.68,,,,,,,,P,,,,,,,,,2026-07-26,,,
brock-travelstead-st-lou-2025,2025,Brock Travelstead,ST,Louisville,,,Wide Left Consensus Big Board (Arif Hasan) — wideleft.football,6003,218,8.5,29.48,,,,,,,,K,,,,,,,,,2026-07-26,,,
at-ntantang-cb-laf-2025,2025,AT Ntantang,CB,Lafayette,,,Wide Left Consensus Big Board (Arif Hasan) — wideleft.football,5074,199,9.5,30.38,4.69,,36,124,,4.24,15,,,,,,,,,,2026-07-26,,,
slade-roy-st-lsu-2025,2025,Slade Roy,ST,LSU,,,Wide Left Consensus Big Board (Arif Hasan) — wideleft.football,6022,233,8.75,31.48,,,,,,,,LS,,,,,,,,,2026-07-26,,,
michael-hughes-st-app-2025,2025,Michael Hughes,ST,Appalachian State,,,Wide Left Consensus Big Board (Arif Hasan) — wideleft.football,6017,180,8.25,31.28,,,,,,,,K,,,,,,,,,2026-07-26,,,
cam-ward-qb-mia-2025,2025,Cam Ward,QB,Miami,1,8,Wide Left Consensus Big Board (Arif Hasan) — wideleft.football,6015,219,9,30.5,,,,,,,,,,,,,1,1,Tennessee,,2026-07-26,9,7,173.1
travis-hunter-cb-col-2025,2025,Travis Hunter,CB,Colorado,1,1,Wide Left Consensus Big Board (Arif Hasan) — wideleft.football,6003,188,9.125,31.375,,,,,,,,Man/Cover 2,,,,,1,2,Jacksonville,,2026-07-26,1,1,76.3
abdul-carter-edge-pen-2025,2025,Abdul Carter,EDGE,Penn State,1,2,Wide Left Consensus Big Board (Arif Hasan) — wideleft.football,,250,,,,,,,,,,Speed Rusher/Bend,,,,,1,3,New York Giants,,2026-07-26,2,2,78.1
will-campbell-ot-lsu-2025,2025,Will Campbell,OT,LSU,1,5,Wide Left Consensus Big Board (Arif Hasan) — wideleft.football,6057,319,9.5,,4.98,,32,113,,,,OT/OG Gap/Zone,,,,,1,4,New England,,2026-07-26,7,5,96.6
mason-graham-dt-mic-2025,2025,Mason Graham,DT,Michigan,1,4,Wide Left Consensus Big Board (Arif Hasan) — wideleft.football,6034,296,9.125,32,,,,,,,24,3 Tech/Well Rounded,,,,,1,5,Cleveland,,2026-07-26,4,4,98.4
ashton-jeanty-rb-boi-2025,2025,Ashton Jeanty,RB,Boise State,1,3,Wide Left Consensus Big Board (Arif Hasan) — wideleft.football,5084,211,9.25,29.25,,,,,,,,Every-Down Back,,,,,1,6,Las Vegas,,2026-07-26,3,3,106.5
armand-membou-ot-mis-2025,2025,Armand Membou,OT,Missouri,1,6,Wide Left Consensus Big Board (Arif Hasan) — wideleft.football,6042,332,9.75,33.5,4.91,1.74,34,115,,,,OT/OG Gap,,,,,1,7,New York Jets,,2026-07-26,8,6,110
tetairoa-mcmillan-wr-ari-2025,2025,Tetairoa McMillan,WR,Arizona,1,10,Wide Left Consensus Big Board (Arif Hasan) — wideleft.football,6041,219,10,31.5,4.53,,,,,,,Possession/Slot,,,,,1,8,Carolina,,2026-07-26,13,8,133.6
kelvin-banks-jr-ot-tex-2025,2025,Kelvin Banks Jr.,OT,Texas,1,15,Wide Left Consensus Big Board (Arif Hasan) — wideleft.football,6051,315,10.375,32.6,5.16,,32,104,,4.66,,OT/OG Pass Blocker,,,,,1,9,New Orleans,,2026-07-26,16,15,109.8
colston-loveland-te-mic-2025,2025,Colston Loveland,TE,Michigan,1,12,Wide Left Consensus Big Board (Arif Hasan) — wideleft.football,6056,248,10,32.625,,,,,,,,Receiver,,,,,1,10,Chicago,,2026-07-26,11,12,101.8
mykel-williams-edge-geo-2025,2025,Mykel Williams,EDGE,Georgia,1,18,Wide Left Consensus Big Board (Arif Hasan) — wideleft.football,6051,260,10.25,34.375,4.77,,,,,,,5 Tech/Well Rounded,,,,,1,11,San Fransisco,,2026-07-26,14,21,140.2
tyler-booker-iol-ala-2025,2025,Tyler Booker,IOL,Alabama,1,31,Wide Left Consensus Big Board (Arif Hasan) — wideleft.football,6045,321,11,34.5,5.38,,27,94,,4.84,,OG Gap/Power,,,,,1,12,Dallas,,2026-07-26,26,32,102.4
kenneth-grant-dt-mic-2025,2025,Kenneth Grant,DT,Michigan,1,23,Wide Left Consensus Big Board (Arif Hasan) — wideleft.football,6035,331,10.125,33.5,5.11,,31,105,,,22,Nose/Disruptor,,,,,1,13,Miami,,2026-07-26,33,22,94.9
tyler-warren-te-pen-2025,2025,Tyler Warren,TE,Penn State,1,7,Wide Left Consensus Big Board (Arif Hasan) — wideleft.football,6054,256,9.5,31.625,,,,,,,,Receiver/Blocker,,,,,1,14,Indianapolis,,2026-07-26,5,9,125.5
jalon-walker-lb-geo-2025,2025,Jalon Walker,LB,Georgia,1,11,Wide Left Consensus Big Board (Arif Hasan) — wideleft.football,6010,243,10.25,32,,,,,,,,Blitz Weapon,,,,,1,15,Atlanta,,2026-07-26,6,11,143.2
walter-nolen-dt-mis-2025,2025,Walter Nolen,DT,Mississippi,1,20,Wide Left Consensus Big Board (Arif Hasan) — wideleft.football,6036,296,9.5,32.5,,,,,,,,3 Tech/Disruptor,,,,,1,16,Arizona,,2026-07-26,22,20,95.4
shemar-stewart-edge-tex-2025,2025,Shemar Stewart,EDGE,Texas A&M,1,19,Wide Left Consensus Big Board (Arif Hasan) — wideleft.football,6050,267,9.625,34.125,4.59,1.58,40,131,,,,5 Tech/Power,,,,,1,17,Cincinnati,,2026-07-26,19,19,132.4
grey-zabel-iol-nor-2025,2025,Grey Zabel,IOL,North Dakota State,2,33,Wide Left Consensus Big Board (Arif Hasan) — wideleft.football,6057,312,9.5,32,,,36.5,111,,,,OG/C Gap/Zone,,,,,1,18,Seattle,,2026-07-26,32,33,78.3
emeka-egbuka-wr-ohi-2025,2025,Emeka Egbuka,WR,Ohio State,1,25,Wide Left Consensus Big Board (Arif Hasan) — wideleft.football,6007,202,9.625,31.5,4.45,,38,,,4.12,,Balanced/Technician,,,,,1,19,Tampa Bay,,2026-07-26,27,23,82.2
jahdae-barron-cb-tex-2025,2025,Jahdae Barron,CB,Texas,1,13,Wide Left Consensus Big Board (Arif Hasan) — wideleft.football,5106,194,9.5,29.5,4.39,1.5,35,123,,,,Hybrid CB/Nickel/S,,,,,1,20,Denver,,2026-07-26,12,14,95.4
derrick-harmon-dt-ore-2025,2025,Derrick Harmon,DT,Oregon,1,28,Wide Left Consensus Big Board (Arif Hasan) — wideleft.football,6044,313,10.375,34.375,4.95,1.74,,,,,,3 Tech/Well Rounded,,,,,1,21,Pittsburgh,,2026-07-26,25,29,85.4
omarion-hampton-rb-nor-2025,2025,Omarion Hampton,RB,North Carolina,1,27,Wide Left Consensus Big Board (Arif Hasan) — wideleft.football,5116,221,9.375,30.5,4.46,1.54,38,130,,4.4,18,Every-Down Back/Gap,,,,,1,22,LA Chargers,,2026-07-26,24,26,108.6
matthew-golden-wr-tex-2025,2025,Matthew Golden,WR,Texas,1,24,Wide Left Consensus Big Board (Arif Hasan) — wideleft.football,5110,191,9.5,30.5,4.29,1.49,,,,,,Well Rounded Z,,,,,1,23,Green Bay,,2026-07-26,18,27,118
donovan-jackson-iol-ohi-2025,2025,Donovan Jackson,IOL,Ohio State,2,36,Wide Left Consensus Big Board (Arif Hasan) — wideleft.football,6035,315,10.75,33.5,,1.79,32.5,,,4.6,32,OG Gap/Zone,,,,,1,24,Minnesota,,2026-07-26,38,36,84.7
jaxson-dart-qb-mis-2025,2025,Jaxson Dart,QB,Mississippi,2,49,Wide Left Consensus Big Board (Arif Hasan) — wideleft.football,6022,223,9.5,30,,,,,,,,,,,,,1,25,New York Giants,,2026-07-26,36,52,138.8
james-pearce-jr-edge-ten-2025,2025,James Pearce Jr.,EDGE,Tennessee,1,26,Wide Left Consensus Big Board (Arif Hasan) — wideleft.football,6052,245,10,32.625,4.47,1.58,31,123,,,,Linear Speed Rusher,,,,,1,26,Atlanta,,2026-07-26,31,24,109.5
malaki-starks-s-geo-2025,2025,Malaki Starks,S,Georgia,1,16,Wide Left Consensus Big Board (Arif Hasan) — wideleft.football,6007,197,9.5,31.5,4.5,1.51,33,,,4.45,,Chess Piece,,,,,1,27,Baltimore,,2026-07-26,23,16,129.3
tyleik-williams-dt-ohi-2025,2025,Tyleik Williams,DT,Ohio State,2,41,Wide Left Consensus Big Board (Arif Hasan) — wideleft.football,6027,334,10.25,32,,,,,,,,Nose/Disruptor,,,,,1,28,Detroit,,2026-07-26,47,41,114.8
josh-conerly-jr-ot-ore-2025,2025,Josh Conerly Jr.,OT,Oregon,2,34,Wide Left Consensus Big Board (Arif Hasan) — wideleft.football,6045,311,10.375,,5.05,,34.5,103,,,24,OT Gap/Zone,,,,,1,29,Washington,,2026-07-26,35,34,76.5
maxwell-hairston-cb-ken-2025,2025,Maxwell Hairston,CB,Kentucky,2,39,Wide Left Consensus Big Board (Arif Hasan) — wideleft.football,5112,183,8.75,31,4.28,1.5,39.5,129,,,,Zone/Ballhawk,,,,,1,30,Buffalo,,2026-07-26,34,39,87.3
jihaad-campbell-lb-ala-2025,2025,Jihaad Campbell,LB,Alabama,1,14,Wide Left Consensus Big Board (Arif Hasan) — wideleft.football,6027,235,10.5,32.5,4.52,1.53,,127,,,,Chess Piece,,,,,1,31,Philadelphia,,2026-07-26,17,13,100.5
josh-simmons-ot-ohi-2025,2025,Josh Simmons,OT,Ohio State,1,21,Wide Left Consensus Big Board (Arif Hasan) — wideleft.football,6047,317,10,33,5.46,,21,,,5.2,18,OT Gap/Zone,,,,,1,32,Kansas City,,2026-07-26,28,18,120.4
carson-schwesinger-lb-ucl-2025,2025,Carson Schwesinger,LB,UCLA,2,44,Wide Left Consensus Big Board (Arif Hasan) — wideleft.football,6024,242,9.25,31.5,,,39.5,,,,20,Will (run and chase),,,,,2,33,Cleveland,,2026-07-26,42,45,88
jayden-higgins-wr-iow-2025,2025,Jayden Higgins,WR,Iowa State,2,45,Wide Left Consensus Big Board (Arif Hasan) — wideleft.football,6041,214,9.125,33.125,4.47,1.53,39,128,,4.28,16,Possession/X,,,,,2,34,Houston,,2026-07-26,51,44,93.7
nick-emmanwori-s-sou-2025,2025,Nick Emmanwori,S,South Carolina,1,30,Wide Left Consensus Big Board (Arif Hasan) — wideleft.football,6031,220,9,32.5,4.38,1.49,43,138,,,20,Nickel/Box,,,,,2,35,Seattle,,2026-07-26,21,30,127.4
quinshon-judkins-rb-ohi-2025,2025,Quinshon Judkins,RB,Ohio State,2,50,Wide Left Consensus Big Board (Arif Hasan) — wideleft.football,5115,221,9.25,30.25,4.48,1.51,38.5,132,,,24,Power Back,,,,,2,36,Cleveland,,2026-07-26,46,48,92.5
jonah-savaiinaea-ot-ari-2025,2025,Jonah Savaiinaea,OT,Arizona,2,55,Wide Left Consensus Big Board (Arif Hasan) — wideleft.football,6041,324,10.25,33.75,4.95,1.72,29,106,,4.66,26,OG Gap/Zone,,,,,2,37,Miami,,2026-07-26,57,55,97.3
treveyon-henderson-rb-ohi-2025,2025,TreVeyon Henderson,RB,Ohio State,2,40,Wide Left Consensus Big Board (Arif Hasan) — wideleft.football,5101,202,9.5,30.625,4.43,1.52,38.5,128,,,,3rd Down/Speed/Blocker,,,,,2,38,New England,,2026-07-26,37,40,105.7
luther-burden-iii-wr-mis-2025,2025,Luther Burden III,WR,Missouri,1,29,Wide Left Consensus Big Board (Arif Hasan) — wideleft.football,6000,206,8.5,31.25,4.41,1.54,,,,,,Gadget/Z,,,,,2,39,Chicago,,2026-07-26,30,28,90.7
tyler-shough-qb-lou-2025,2025,Tyler Shough,QB,Louisville,3,90,Wide Left Consensus Big Board (Arif Hasan) — wideleft.football,6047,219,9.75,30.625,4.63,1.61,32,117,,,,,,,,,2,40,New Orleans,,2026-07-26,65,90,128.5
tj-sanders-dt-sou-2025,2025,T.J. Sanders,DT,South Carolina,2,57,Wide Left Consensus Big Board (Arif Hasan) — wideleft.football,6037,297,10.25,33.125,,,31.5,112,,4.67,,3 Tech/Disruptor,,,,,2,41,Buffalo,,2026-07-26,63,56,91.3
mason-taylor-te-lsu-2025,2025,Mason Taylor,TE,LSU,2,47,Wide Left Consensus Big Board (Arif Hasan) — wideleft.football,6051,251,10,33.25,4.65,,,,,4.52,28,Well Rounded,,,,,2,42,New York Jets,,2026-07-26,39,53,105.6
alfred-collins-dt-tex-2025,2025,Alfred Collins,DT,Texas,2,61,Wide Left Consensus Big Board (Arif Hasan) — wideleft.football,6055,332,10,34.5,,,26,96,,,,Nose/Power,,,,,2,43,San Fransisco,,2026-07-26,60,60,94.9
donovan-ezeiruaku-edge-bos-2025,2025,Donovan Ezeiruaku,EDGE,Boston College,1,32,Wide Left Consensus Big Board (Arif Hasan) — wideleft.football,6024,248,9.25,34,,,35.5,119,,4.19,22,Speed Rusher/Bend,,,,,2,44,Dallas,,2026-07-26,29,31,84.2
jt-tuimoloau-edge-ohi-2025,2025,JT Tuimoloau,EDGE,Ohio State,2,53,Wide Left Consensus Big Board (Arif Hasan) — wideleft.football,6042,265,10.5,33.625,,,35.5,,,4.38,24,5 Tech/Well Rounded,,,,,2,45,Indianapolis,,2026-07-26,50,51,80.5
terrance-ferguson-te-ore-2025,2025,Terrance Ferguson,TE,Oregon,3,85,Wide Left Consensus Big Board (Arif Hasan) — wideleft.football,6053,247,9.25,32.75,4.63,1.55,39,122,,,15,Well Rounded,,,,,2,46,LA Rams,,2026-07-26,82,84,98.2
will-johnson-cb-mic-2025,2025,Will Johnson,CB,Michigan,1,9,Wide Left Consensus Big Board (Arif Hasan) — wideleft.football,6016,194,9.125,30.125,,1.62,,,,,,Zone/Ballhawk,,,,,2,47,Arizona,,2026-07-26,10,10,126.3
aireontae-ersery-ot-min-2025,2025,Aireontae Ersery,OT,Minnesota,2,43,Wide Left Consensus Big Board (Arif Hasan) — wideleft.football,6060,331,9.5,33.125,5.01,1.75,29.5,111,,4.82,,Project OT,,,,,2,48,Houston,,2026-07-26,52,43,85.2
demetrius-knight-jr-lb-sou-2025,2025,Demetrius Knight Jr.,LB,South Carolina,3,79,Wide Left Consensus Big Board (Arif Hasan) — wideleft.football,5015,235,10,32.5,4.58,1.58,31.5,118,,4.25,22,Mike (run stopper),,,,,2,49,Cincinnati,,2026-07-26,80,78,89.8
elijah-arroyo-te-mia-2025,2025,Elijah Arroyo,TE,Miami,2,58,Wide Left Consensus Big Board (Arif Hasan) — wideleft.football,6051,250,10,33,,,,,,,22,Receiver/Blocker,,,,,2,50,Seattle,,2026-07-26,48,59,95.8
nic-scourton-edge-tex-2025,2025,Nic Scourton,EDGE,Texas A&M,2,37,Wide Left Consensus Big Board (Arif Hasan) — wideleft.football,6026,257,10,33,,,,,,,,Tweener DT/DE,,,,,2,51,Carolina,,2026-07-26,41,37,95.7
oluwafemi-oladejo-edge-ucl-2025,2025,Oluwafemi Oladejo,EDGE,UCLA,3,81,Wide Left Consensus Big Board (Arif Hasan) — wideleft.football,6032,259,9.75,33.375,,,36.5,120,,,20,Speed Rusher,,,,,2,52,Tennessee,,2026-07-26,64,87,114.9
benjamin-morrison-cb-not-2025,2025,Benjamin Morrison,CB,Notre Dame,2,42,Wide Left Consensus Big Board (Arif Hasan) — wideleft.football,6002,193,9.25,30.375,,,,,,,,Press/Zone,,,,,2,53,Tampa Bay,,2026-07-26,49,42,97.2
anthony-belton-ot-nc-2025,2025,Anthony Belton,OT,N.C. State,3,91,Wide Left Consensus Big Board (Arif Hasan) — wideleft.football,6060,336,10.25,,5.26,,29.5,107,,,,Big Tackle,,,,,2,54,Green Bay,,2026-07-26,77,94,95.3
tre-harris-wr-mis-2025,2025,Tre Harris,WR,Mississippi,2,60,Wide Left Consensus Big Board (Arif Hasan) — wideleft.football,6023,205,9.625,31.75,4.54,1.56,38.5,125,,,,Possession/X,,,,,2,55,LA Chargers,,2026-07-26,59,62,96.4
tate-ratledge-iol-geo-2025,2025,Tate Ratledge,IOL,Georgia,3,66,Wide Left Consensus Big Board (Arif Hasan) — wideleft.football,6064,308,10.375,32.25,4.97,1.72,32,113,,,25,Gap,,,,,2,57,Detroit,,2026-07-26,78,64,94.4
ozzy-trapilo-ot-bos-2025,2025,Ozzy Trapilo,OT,Boston College,3,77,Wide Left Consensus Big Board (Arif Hasan) — wideleft.football,6081,316,10.375,33,5.21,1.77,,106,,4.7,,OT/OG Zone,,,,,2,57,Chicago,,2026-07-26,70,79,93.1
jack-bech-wr-tcu-2025,2025,Jack Bech,WR,TCU,2,59,Wide Left Consensus Big Board (Arif Hasan) — wideleft.football,6012,214,9,31.5,,,34.5,125,,4.21,19,Balanced/Bully,,,,,2,58,Las Vegas,,2026-07-26,55,58,80.5
mike-green-edge-mar-2025,2025,Mike Green,EDGE,Marshall,1,17,Wide Left Consensus Big Board (Arif Hasan) — wideleft.football,6031,251,8.5,32,,,,,,4.25,28,Speed Rusher/Bend,,,,,2,59,Baltimore,,2026-07-26,20,17,96.5
rj-harvey-rb-ucf-2025,2025,RJ Harvey,RB,UCF,3,100,Wide Left Consensus Big Board (Arif Hasan) — wideleft.football,5085,205,9,29,4.4,1.57,38,127,,4.34,16,Speed,,,,,2,60,Denver,,2026-07-26,109,98,89.6
trey-amos-cb-mis-2025,2025,Trey Amos,CB,Mississippi,2,38,Wide Left Consensus Big Board (Arif Hasan) — wideleft.football,6006,195,9,31.25,4.43,1.6,32.5,126,,,13,Press/Zone,,,,,2,61,Washington,,2026-07-26,40,38,86.1
shemar-turner-dt-tex-2025,2025,Shemar Turner,DT,Texas A&M,3,80,Wide Left Consensus Big Board (Arif Hasan) — wideleft.football,6031,290,10.25,33.5,,,,,,,,3 Tech/Disruptor,,,,,2,62,Chicago,,2026-07-26,69,88,100.1
omarr-normanlott-dt-ten-2025,2025,Omarr Norman-Lott,DT,Tennessee,3,88,Wide Left Consensus Big Board (Arif Hasan) — wideleft.football,6017,291,10.75,33.625,5.15,,31.5,113,,,,Pass Rusher,,,,,2,63,Kansas City,,2026-07-26,102,77,106.9
andrew-mukuba-s-tex-2025,2025,Andrew Mukuba,S,Texas,3,72,Wide Left Consensus Big Board (Arif Hasan) — wideleft.football,5112,186,9,30,4.45,1.53,,,,,,Free Safety,,,,,2,64,Philadelphia,,2026-07-26,89,71,92.2
darius-alexander-dt-tol-2025,2025,Darius Alexander,DT,Toledo,2,52,Wide Left Consensus Big Board (Arif Hasan) — wideleft.football,6037,305,10,34,4.95,1.72,31.5,111,,4.79,28,3 Tech/Disruptor,,,,,3,65,New York Giants,,2026-07-26,61,49,151.2
ashton-gillotte-edge-lou-2025,2025,Ashton Gillotte,EDGE,Louisville,3,95,Wide Left Consensus Big Board (Arif Hasan) — wideleft.football,6025,264,8.5,31.875,4.63,,36.5,120,,,24,Power Rusher,,,,,3,66,Kansas City,,2026-07-26,96,96,99.3
harold-fannin-jr-te-bow-2025,2025,Harold Fannin Jr.,TE,Bowling Green,3,75,Wide Left Consensus Big Board (Arif Hasan) — wideleft.football,6032,241,9.25,32.25,4.71,1.56,34,118,,4.39,22,Receiver/H-Back,,,,,3,67,Cleveland,,2026-07-26,91,75,95.5
darien-porter-cb-iow-2025,2025,Darien Porter,CB,Iowa State,3,69,Wide Left Consensus Big Board (Arif Hasan) — wideleft.football,6027,195,9,31.125,4.3,1.48,36.5,131,,4.04,,Press,,,,,3,68,Las Vegas,,2026-07-26,74,69,83.5
kyle-williams-wr-was-2025,2025,Kyle Williams,WR,Washington State,3,82,Wide Left Consensus Big Board (Arif Hasan) — wideleft.football,5105,190,8.75,30.125,4.4,1.55,36.5,119,,,,Balanced/Technician,,,,,3,69,New England,,2026-07-26,87,81,120.6
isaac-teslaa-wr-ark-2025,2025,Isaac TeSlaa,WR,Arkansas,5,171,Wide Left Consensus Big Board (Arif Hasan) — wideleft.football,6035,214,10,31.125,4.43,1.51,39.5,129,,4.05,17,Possession/Slot,,,,,3,70,Detroit,,2026-07-26,178,170,93.8
vernon-broughton-dt-tex-2025,2025,Vernon Broughton,DT,Texas,4,137,Wide Left Consensus Big Board (Arif Hasan) — wideleft.football,6050,311,9.25,35,,,,,,,,3 Tech/Disruptor,,,,,3,71,New Orleans,,2026-07-26,175,133,100.8
landon-jackson-edge-ark-2025,2025,Landon Jackson,EDGE,Arkansas,2,51,Wide Left Consensus Big Board (Arif Hasan) — wideleft.football,6060,264,10,33.25,4.68,1.69,40.5,129,,4.55,,5 Tech/Well Rounded,,,,,3,72,Buffalo,,2026-07-26,44,50,78.1
azareyeh-thomas-cb-flo-2025,2025,Azareye'h Thomas,CB,Florida State,2,46,Wide Left Consensus Big Board (Arif Hasan) — wideleft.football,6014,197,10,32.375,4.58,,,122,,4.21,,Zone/Ballhawk,,,,,3,73,New York Jets,,2026-07-26,45,46,100.8
pat-bryant-wr-ill-2025,2025,Pat Bryant,WR,Illinois,5,163,Wide Left Consensus Big Board (Arif Hasan) — wideleft.football,6022,204,9.5,31.125,4.61,1.56,37.5,124,,,,Possession/X,,,,,3,74,Denver,,2026-07-26,184,148,92.8
nick-martin-lb-okl-2025,2025,Nick Martin,LB,Oklahoma State,6,192,Wide Left Consensus Big Board (Arif Hasan) — wideleft.football,5114,221,9.25,31.625,4.53,1.54,38,123,,4.23,26,Will (run and chase),,,,,3,75,San Fransisco,,2026-07-26,179,203,97.8
shavon-revel-jr-cb-eas-2025,2025,Shavon Revel Jr.,CB,East Carolina,2,35,Wide Left Consensus Big Board (Arif Hasan) — wideleft.football,6017,194,9.625,32.5,,,,,,,12,Press,,,,,3,76,Dallas,,2026-07-26,43,35,94
princely-umanmielen-edge-mis-2025,2025,Princely Umanmielen,EDGE,Mississippi,2,64,Wide Left Consensus Big Board (Arif Hasan) — wideleft.football,6043,244,9.625,33.875,4.72,1.67,38,126,,4.46,,Speed Rusher,,,,,3,77,Carolina,,2026-07-26,76,61,108.5
jordan-burch-edge-ore-2025,2025,Jordan Burch,EDGE,Oregon,3,71,Wide Left Consensus Big Board (Arif Hasan) — wideleft.football,6041,279,9.5,33,4.67,1.66,,,,,22,5 Tech/Well Rounded,,,,,3,78,Arizona,,2026-07-26,62,74,108.6
jaylin-noel-wr-iow-2025,2025,Jaylin Noel,WR,Iowa State,2,56,Wide Left Consensus Big Board (Arif Hasan) — wideleft.football,5102,194,8.75,29.5,4.39,1.51,41.5,134,,4.17,23,Balanced Z/Slot,,,,,3,79,Houston,,2026-07-26,54,57,114
justin-walley-cb-min-2025,2025,Justin Walley,CB,Minnesota,6,194,Wide Left Consensus Big Board (Arif Hasan) — wideleft.football,5101,190,10,30.625,4.4,1.52,32,,,4.36,,,,,,,3,80,Indianapolis,,2026-07-26,193,186,110.5
dylan-fairchild-iol-geo-2025,2025,Dylan Fairchild,IOL,Georgia,4,128,Wide Left Consensus Big Board (Arif Hasan) — wideleft.football,6052,318,10,33,,1.75,27.5,111,,,,Gap,,,,,3,81,Cincinnati,,2026-07-26,129,132,86.9
kevin-winston-jr-s-pen-2025,2025,Kevin Winston Jr.,S,Penn State,3,67,Wide Left Consensus Big Board (Arif Hasan) — wideleft.football,6014,215,9.5,32.5,,,,,,,,Run Stopper,,,,,3,82,Tennessee,,2026-07-26,68,65,117.3
kaleb-johnson-rb-iow-2025,2025,Kaleb Johnson,RB,Iowa,2,54,Wide Left Consensus Big Board (Arif Hasan) — wideleft.football,6010,224,9.625,33,4.57,1.62,,,,,,Every-Down Back/Zone,,,,,3,83,Pittsburgh,,2026-07-26,58,54,119.6
jacob-parrish-cb-kan-2025,2025,Jacob Parrish,CB,Kansas State,3,83,Wide Left Consensus Big Board (Arif Hasan) — wideleft.football,5096,191,9,30.75,4.35,1.51,37.5,129,,,12,Nickel/Man,,,,,3,84,Tampa Bay,,2026-07-26,79,85,94.2
nohl-williams-cb-cal-2025,2025,Nohl Williams,CB,Cal,3,102,Wide Left Consensus Big Board (Arif Hasan) — wideleft.football,6003,199,9,30.625,4.5,1.54,33.5,120,,4.25,19,Press,,,,,3,85,Kansas City,,2026-07-26,88,107,96
jamaree-caldwell-dt-ore-2025,2025,Jamaree Caldwell,DT,Oregon,4,114,Wide Left Consensus Big Board (Arif Hasan) — wideleft.football,6021,332,9.375,32,5.16,1.86,27,,,,,Nose/Disruptor,,,,,3,86,LA Chargers,,2026-07-26,128,113,104
savion-williams-wr-tcu-2025,2025,Savion Williams,WR,TCU,3,97,Wide Left Consensus Big Board (Arif Hasan) — wideleft.football,6037,222,10.25,32.5,4.48,1.52,,,,,,Gadget/X,,,,,3,87,Green Bay,,2026-07-26,98,95,95
caleb-ransaw-cb-tul-2025,2025,Caleb Ransaw,CB,Tulane,4,140,Wide Left Consensus Big Board (Arif Hasan) — wideleft.football,5113,197,9.75,30.625,4.33,1.52,40,129,,4.37,16,Nickel/Zone,,,,,3,88,Jacksonville,,2026-07-26,118,163,90.2
wyatt-milum-ot-wes-2025,2025,Wyatt Milum,OT,West Virginia,3,78,Wide Left Consensus Big Board (Arif Hasan) — wideleft.football,6064,313,10.25,32.125,5.27,1.84,30,108,,4.69,,OG Run Blocker,,,,,3,89,Jacksonville,,2026-07-26,95,76,105.9
josaiah-stewart-edge-mic-2025,2025,Josaiah Stewart,EDGE,Michigan,3,87,Wide Left Consensus Big Board (Arif Hasan) — wideleft.football,6010,249,9.5,31.75,,,,,,,,Speed Rusher/Power,,,,,3,90,LA Rams,,2026-07-26,86,82,92.1
emery-jones-jr-ot-lsu-2025,2025,Emery Jones Jr.,OT,LSU,3,98,Wide Left Consensus Big Board (Arif Hasan) — wideleft.football,6052,315,10.75,34.25,,,,,,,,Project OG,,,,,3,91,Baltimore,,2026-07-26,93,100,102
jalen-milroe-qb-ala-2025,2025,Jalen Milroe,QB,Alabama,2,62,Wide Left Consensus Big Board (Arif Hasan) — wideleft.football,6017,217,9.375,30.5,4.47,,,,,,,,,,,,3,92,Seattle,,2026-07-26,67,63,111.2
jonas-sanker-s-vir-2025,2025,Jonas Sanker,S,Virginia,4,113,Wide Left Consensus Big Board (Arif Hasan) — wideleft.football,6003,206,9.75,32.25,4.48,1.51,36.5,128,,4.48,12,Cover 2/Box,,,,,3,93,New Orleans,,2026-07-26,126,114,85.8
dillon-gabriel-qb-ore-2025,2025,Dillon Gabriel,QB,Oregon,5,168,Wide Left Consensus Big Board (Arif Hasan) — wideleft.football,5111,205,9.25,29.5,,,,,,,,,,,,,3,94,Cleveland,,2026-07-26,183,154,80.5
jared-wilson-iol-geo-2025,2025,Jared Wilson,IOL,Georgia,3,73,Wide Left Consensus Big Board (Arif Hasan) — wideleft.football,6030,310,10.75,32.375,4.84,1.72,32,112,,4.56,23,C/Zone,,,,,3,95,New England,,2026-07-26,72,73,103.2
xavier-watts-s-not-2025,2025,Xavier Watts,S,Notre Dame,2,48,Wide Left Consensus Big Board (Arif Hasan) — wideleft.football,5116,204,8.625,31.125,,,,,,,,Quarters/Box,,,,,3,96,Atlanta,,2026-07-26,53,47,127.2
jaylin-smith-cb-usc-2025,2025,Jaylin Smith,CB,USC,6,216,Wide Left Consensus Big Board (Arif Hasan) — wideleft.football,5104,187,9.25,29.75,4.45,1.6,32.5,122,,,15,Press,,,,,3,97,Houston,,2026-07-26,206,216,85.9
caleb-rogers-iol-tex-2025,2025,Caleb Rogers,IOL,Texas Tech,5,174,Wide Left Consensus Big Board (Arif Hasan) — wideleft.football,6045,312,9.75,32.375,5.1,1.78,34,111,,4.49,21,Gap,,,,,3,98,Las Vegas,,2026-07-26,153,172,93.2
charles-grant-ot-wil-2025,2025,Charles Grant,OT,William & Mary,3,84,Wide Left Consensus Big Board (Arif Hasan) — wideleft.football,6047,311,10.25,34.625,5.05,,,,,,20,Project OT/Zone,,,,,3,99,Las Vegas,,2026-07-26,81,86,94.9
upton-stout-cb-wes-2025,2025,Upton Stout,CB,Western Kentucky,5,173,Wide Left Consensus Big Board (Arif Hasan) — wideleft.football,5085,181,9,30,4.44,1.51,37.5,128,,4.29,21,Nickel,,,,,3,100,San Fransisco,,2026-07-26,172,175,80
saivion-jones-edge-lsu-2025,2025,Sai'vion Jones,EDGE,LSU,4,126,Wide Left Consensus Big Board (Arif Hasan) — wideleft.football,6053,280,10,33.5,4.74,,33,119,,,19,Tweener DT/DE,,,,,3,101,Denver,,2026-07-26,116,131,109.8
tai-felton-wr-mar-2025,2025,Tai Felton,WR,Maryland,4,129,Wide Left Consensus Big Board (Arif Hasan) — wideleft.football,6011,183,9,30,4.37,1.51,39.5,130,,,,Deep/X,,,,,3,102,Minnesota,,2026-07-26,121,128,86.9
chimere-dike-wr-flo-2025,2025,Chimere Dike,WR,Florida,6,203,Wide Left Consensus Big Board (Arif Hasan) — wideleft.football,6005,196,9.125,32.125,4.34,1.51,38.5,128,,4.27,,Deep/Z,,,,,4,103,Tennessee,,2026-07-26,173,211,92.8
bhayshul-tuten-rb-vir-2025,2025,Bhayshul Tuten,RB,Virginia Tech,4,109,Wide Left Consensus Big Board (Arif Hasan) — wideleft.football,5092,206,9,29.5,4.32,1.49,40.5,130,,4.41,24,Speed,,,,,4,104,Jacksonville,,2026-07-26,107,112,94.9
cam-skattebo-rb-ari-2025,2025,Cam Skattebo,RB,Arizona State,3,86,Wide Left Consensus Big Board (Arif Hasan) — wideleft.football,5094,219,9.375,29.75,,,39.5,123,,,,Every-Down Back/Power,,,,,4,105,New York Giants,,2026-07-26,90,83,115
craig-woodson-s-cal-2025,2025,Craig Woodson,S,Cal,6,197,Wide Left Consensus Big Board (Arif Hasan) — wideleft.football,6001,200,8.75,30.5,4.45,1.53,36,127,,4.2,13,,,,,,4,106,New England,,2026-07-26,199,192,90.8
jack-kiser-lb-not-2025,2025,Jack Kiser,LB,Notre Dame,5,141,Wide Left Consensus Big Board (Arif Hasan) — wideleft.football,6015,231,9,30.375,,,,,,,,Will (run stopper),,,,,4,107,Jacksonville,,2026-07-26,142,139,76.6
donte-thornton-jr-wr-ten-2025,2025,Dont'e Thornton Jr.,WR,Tennessee,5,158,Wide Left Consensus Big Board (Arif Hasan) — wideleft.football,6045,205,9.625,32.125,4.3,1.51,33,126,,,,Deep/X,,,,,4,108,Las Vegas,,2026-07-26,159,166,91.7
deone-walker-dt-ken-2025,2025,Deone Walker,DT,Kentucky,3,101,Wide Left Consensus Big Board (Arif Hasan) — wideleft.football,6073,331,10.625,34.25,5.35,,25,104,,,22,3 Tech/Disruptor,,,,,4,109,Buffalo,,2026-07-26,108,102,115.1
arian-smith-wr-geo-2025,2025,Arian Smith,WR,Georgia,7,257,Wide Left Consensus Big Board (Arif Hasan) — wideleft.football,6001,179,9,31.25,4.36,1.51,38,127,,4.19,,Oven Mitts,,,,,4,110,New York Jets,,2026-07-26,242,263,84.9
ty-robinson-dt-neb-2025,2025,Ty Robinson,DT,Nebraska,4,110,Wide Left Consensus Big Board (Arif Hasan) — wideleft.football,6051,288,10,32.25,4.83,1.71,33.5,119,,4.5,28,3 Tech/Disruptor,,,,,4,111,Philadelphia,,2026-07-26,94,116,105.3
danny-stutsman-lb-okl-2025,2025,Danny Stutsman,LB,Oklahoma,3,94,Wide Left Consensus Big Board (Arif Hasan) — wideleft.football,6032,233,9,32.125,4.52,1.55,34,,,,22,Mike (run stopper),,,,,4,112,New Orleans,,2026-07-26,92,93,87.5
cj-west-dt-ind-2025,2025,CJ West,DT,Indiana,4,105,Wide Left Consensus Big Board (Arif Hasan) — wideleft.football,6011,316,9.75,31.5,4.95,1.73,33,,,,28,Nose/Disruptor,,,,,4,113,San Fransisco,,2026-07-26,177,101,99.9
trevor-etienne-rb-geo-2025,2025,Trevor Etienne,RB,Georgia,4,138,Wide Left Consensus Big Board (Arif Hasan) — wideleft.football,5086,198,9.5,29.25,4.42,1.51,35,124,,4.34,15,Every-Down Back,,,,,4,114,Carolina,,2026-07-26,114,142,76.2
cody-simon-lb-ohi-2025,2025,Cody Simon,LB,Ohio State,5,144,Wide Left Consensus Big Board (Arif Hasan) — wideleft.football,6017,229,9.75,31.25,5.59,,33.5,,,4.3,21,Mike (run stopper),,,,,4,115,Arizona,,2026-07-26,149,155,78.4
woody-marks-rb-usc-2025,2025,Woody Marks,RB,USC,6,196,Wide Left Consensus Big Board (Arif Hasan) — wideleft.football,5101,207,9,29.125,4.54,1.57,35,119,,4.24,18,3rd Down/Speed,,,,,4,116,Houston,,2026-07-26,151,205,89.2
jarquez-hunter-rb-aub-2025,2025,Jarquez Hunter,RB,Auburn,5,160,Wide Left Consensus Big Board (Arif Hasan) — wideleft.football,5093,204,9.5,30,4.44,1.58,33.5,120,,,21,Power/Zone,,,,,4,117,LA Rams,,2026-07-26,161,151,87.8
billy-bowman-jr-s-okl-2025,2025,Billy Bowman Jr.,S,Oklahoma,3,96,Wide Left Consensus Big Board (Arif Hasan) — wideleft.football,5097,192,8.625,28.5,4.42,1.52,35.5,123,,,17,,,,,,4,118,Atlanta,,2026-07-26,83,99,97.1
barrett-carter-lb-cle-2025,2025,Barrett Carter,LB,Clemson,4,112,Wide Left Consensus Big Board (Arif Hasan) — wideleft.football,6001,231,9.25,32.125,4.63,,34.5,116,,4.41,22,Will (cover),,,,,4,119,Cincinnati,,2026-07-26,105,119,91.7
gunnar-helm-te-tex-2025,2025,Gunnar Helm,TE,Texas,4,104,Wide Left Consensus Big Board (Arif Hasan) — wideleft.football,6050,241,9.875,32.625,4.84,1.69,30,,,4.4,,Well Rounded,,,,,4,120,Tennessee,,2026-07-26,112,106,89.9
david-walker-edge-cen-2025,2025,David Walker,EDGE,Central Arkansas,4,127,Wide Left Consensus Big Board (Arif Hasan) — wideleft.football,6007,263,9.25,31.875,4.69,1.66,35,118,,4.39,26,Power Rusher/Bend,,,,,4,121,Tampa Bay,,2026-07-26,123,123,87.3
lathan-ransom-s-ohi-2025,2025,Lathan Ransom,S,Ohio State,4,117,Wide Left Consensus Big Board (Arif Hasan) — wideleft.football,6002,206,8.5,30.5,4.53,,36.5,,,4.26,20,Zone/Box,,,,,4,122,Carolina,,2026-07-26,110,121,86.4
jack-sawyer-edge-ohi-2025,2025,Jack Sawyer,EDGE,Ohio State,3,65,Wide Left Consensus Big Board (Arif Hasan) — wideleft.football,6042,260,9.75,31.625,,,,,,,21,5 Tech/Well Rounded,,,,,4,123,Pittsburgh,,2026-07-26,56,70,141.5
barryn-sorrell-edge-tex-2025,2025,Barryn Sorrell,EDGE,Texas,4,134,Wide Left Consensus Big Board (Arif Hasan) — wideleft.football,6032,256,9.25,33.25,4.68,1.65,34,121,,4.36,28,Well Rounded,,,,,4,124,Green Bay,,2026-07-26,120,136,84
kyle-kennard-edge-sou-2025,2025,Kyle Kennard,EDGE,South Carolina,3,93,Wide Left Consensus Big Board (Arif Hasan) — wideleft.football,6040,254,9.75,34,4.73,1.63,,,,,23,Speed Rusher/Bend,,,,,4,125,LA Chargers,,2026-07-26,99,91,104.8
dylan-sampson-rb-ten-2025,2025,Dylan Sampson,RB,Tennessee,3,76,Wide Left Consensus Big Board (Arif Hasan) — wideleft.football,5081,200,8.75,30.5,4.42,,35,124,,,13,Speed/Gap,,,,,4,126,Cleveland,,2026-07-26,75,80,102
jalen-travis-ot-iow-2025,2025,Jalen Travis,OT,Iowa State,5,162,Wide Left Consensus Big Board (Arif Hasan) — wideleft.football,6076,339,10.5,34.75,5.14,1.8,35,112,,4.94,,Big Tackle,,,,,4,127,Indianapolis,,2026-07-26,152,157,93.3
jaylin-lane-wr-vir-2025,2025,Jaylin Lane,WR,Virginia Tech,5,157,Wide Left Consensus Big Board (Arif Hasan) — wideleft.football,5096,191,9.875,31.675,4.34,1.5,40,132,,4.12,14,Deep/Slot,,,,,4,128,Washington,,2026-07-26,139,164,97.4
teddye-buchanan-lb-cal-2025,2025,Teddye Buchanan,LB,Cal,5,177,Wide Left Consensus Big Board (Arif Hasan) — wideleft.football,6021,233,9.375,31.375,4.6,1.59,40,125,,4.27,26,Will (cover),,,,,4,129,Baltimore,,2026-07-26,170,179,91.3
malachi-moore-s-ala-2025,2025,Malachi Moore,S,Alabama,5,148,Wide Left Consensus Big Board (Arif Hasan) — wideleft.football,5112,196,9,29.5,,,,,,,,,,,,,4,130,New York Jets,,2026-07-26,166,146,84.2
quincy-riley-cb-lou-2025,2025,Quincy Riley,CB,Louisville,4,107,Wide Left Consensus Big Board (Arif Hasan) — wideleft.football,5105,194,8.5,31,4.48,1.54,,,,,,Zone,,,,,4,131,New Orleans,,2026-07-26,100,108,103.7
ruben-hyppolite-ii-lb-mar-2025,2025,Ruben Hyppolite II,LB,Maryland,7,401,Wide Left Consensus Big Board (Arif Hasan) — wideleft.football,5115,236,9,31.58,4.42,,33,118,,4.34,18,,,,,,4,132,Chicago,,2026-07-26,385,419,82.6
jalen-royals-wr-uta-2025,2025,Jalen Royals,WR,Utah State,3,74,Wide Left Consensus Big Board (Arif Hasan) — wideleft.football,6000,205,9.5,30.125,4.42,1.49,36,,,4.25,13,Balanced Z,,,,,4,133,Kansas City,,2026-07-26,73,72,102.2
que-robinson-edge-ala-2025,2025,Que Robinson,EDGE,Alabama,6,182,Wide Left Consensus Big Board (Arif Hasan) — wideleft.football,6042,243,9.625,33.5,,,,,,,,Speed Rusher/Power,,,,,4,134,Denver,,2026-07-26,190,173,86.2
tonka-hemingway-dt-sou-2025,2025,Tonka Hemingway,DT,South Carolina,7,218,Wide Left Consensus Big Board (Arif Hasan) — wideleft.football,6027,284,9,33,5.01,,32,112,,4.48,,,,,,,4,135,Las Vegas,,2026-07-26,213,222,92.2
elic-ayomanor-wr-sta-2025,2025,Elic Ayomanor,WR,Stanford,3,70,Wide Left Consensus Big Board (Arif Hasan) — wideleft.football,6016,206,10,32.375,4.44,1.58,38.5,127,,,15,Blocker/X,,,,,4,136,Tennessee,,2026-07-26,84,67,101.3
joshua-farmer-dt-flo-2025,2025,Joshua Farmer,DT,Florida State,3,89,Wide Left Consensus Big Board (Arif Hasan) — wideleft.football,6032,305,10.25,35,5.11,1.77,29,112,,,26,3 Tech/Disruptor,,,,,4,137,New England,,2026-07-26,71,89,99.8
jordan-watkins-wr-mis-2025,2025,Jordan Watkins,WR,Mississippi,7,304,Wide Left Consensus Big Board (Arif Hasan) — wideleft.football,5112,196,9.125,29.375,4.37,1.53,36.5,119,,,,,,,,,4,138,San Fransisco,,2026-07-26,261,320,94.5
tyrion-ingramdawkins-dt-geo-2025,2025,Tyrion Ingram-Dawkins,DT,Georgia,5,170,Wide Left Consensus Big Board (Arif Hasan) — wideleft.football,6046,276,9.75,33.5,4.86,1.69,36,124,,4.34,23,,,,,,5,139,Minnesota,,2026-07-26,138,182,96.2
cam-jackson-dt-flo-2025,2025,Cam Jackson,DT,Florida,5,161,Wide Left Consensus Big Board (Arif Hasan) — wideleft.football,6062,328,6.5,34.125,5.17,1.81,24.5,93,,,,Nose/Run Stuffer,,,,,5,140,Carolina,,2026-07-26,127,169,101.2
carson-vinson-ot-ala-2025,2025,Carson Vinson,OT,Alabama A&M,6,205,Wide Left Consensus Big Board (Arif Hasan) — wideleft.football,6071,314,10.25,34.5,5.12,1.8,28.5,111,,4.85,14,,,,,,5,141,Baltimore,,2026-07-26,202,206,86.9
rylie-mills-dt-not-2025,2025,Rylie Mills,DT,Notre Dame,5,178,Wide Left Consensus Big Board (Arif Hasan) — wideleft.football,6053,291,9.875,32.5,,,,,,,,,,,,,5,142,Seattle,,2026-07-26,155,181,84
jordan-phillips-dt-mar-2025,2025,Jordan Phillips,DT,Maryland,4,118,Wide Left Consensus Big Board (Arif Hasan) — wideleft.football,6015,312,9.75,31.5,,,31,108,,4.65,29,Power/Disruptor,,,,,5,143,Miami,,2026-07-26,140,115,91.8
shedeur-sanders-qb-col-2025,2025,Shedeur Sanders,QB,Colorado,1,22,Wide Left Consensus Big Board (Arif Hasan) — wideleft.football,6014,212,9.375,31.5,,,,,,,,,,,,,5,144,Cleveland,,2026-07-26,15,25,144.4
mac-mcwilliams-cb-ucf-2025,2025,Mac McWilliams,CB,UCF,7,226,Wide Left Consensus Big Board (Arif Hasan) — wideleft.football,5102,191,8.375,29.75,4.41,1.52,34,,,,12,Nickel,,,,,5,145,Philadelphia,,2026-07-26,204,237,83.5
bradyn-swinson-edge-lsu-2025,2025,Bradyn Swinson,EDGE,LSU,3,68,Wide Left Consensus Big Board (Arif Hasan) — wideleft.football,6035,255,9.875,33.375,,,,,,4.33,,Speed Rusher/Power,,,,,5,146,New England,,2026-07-26,85,68,119
jordan-james-rb-ore-2025,2025,Jordan James,RB,Oregon,4,136,Wide Left Consensus Big Board (Arif Hasan) — wideleft.football,5094,205,9.5,29.625,4.55,1.62,32,117,,,20,Every-Down Back,,,,,5,147,San Fransisco,,2026-07-26,125,143,98.3
ty-hamilton-dt-ohi-2025,2025,Ty Hamilton,DT,Ohio State,5,155,Wide Left Consensus Big Board (Arif Hasan) — wideleft.football,6027,299,10.125,32.25,4.95,,32,,,4.68,35,3 Tech/Run Stuffer,,,,,5,148,LA Rams,,2026-07-26,122,168,125.7
jaydon-blue-rb-tex-2025,2025,Jaydon Blue,RB,Texas,5,145,Wide Left Consensus Big Board (Arif Hasan) — wideleft.football,5090,196,8.25,29.75,4.38,1.52,29.5,,,,,Speed,,,,,5,149,Dallas,,2026-07-26,144,147,87.3
jason-marshall-jr-cb-flo-2025,2025,Jason Marshall Jr.,CB,Florida,7,244,Wide Left Consensus Big Board (Arif Hasan) — wideleft.football,6003,194,9.25,30.25,4.49,1.55,37.5,125,,,,,,,,,5,150,Miami,,2026-07-26,265,242,79.3
dj-giddens-rb-kan-2025,2025,DJ Giddens,RB,Kansas State,4,111,Wide Left Consensus Big Board (Arif Hasan) — wideleft.football,6002,212,9.25,30.375,4.43,1.53,39.5,130,,4.33,,1st/2nd down - Gap,,,,,5,151,Indianapolis,,2026-07-26,119,109,87.3
shemar-james-lb-flo-2025,2025,Shemar James,LB,Florida,6,213,Wide Left Consensus Big Board (Arif Hasan) — wideleft.football,6013,222,8.5,31.5,4.69,1.56,32,117,,4.27,,Will (cover),,,,,5,152,Dallas,,2026-07-26,208,214,98
jalen-rivers-ot-mia-2025,2025,Jalen Rivers,OT,Miami,5,146,Wide Left Consensus Big Board (Arif Hasan) — wideleft.football,6056,319,10,34.75,5.29,1.85,,108,,,,OG Gap,,,,,5,153,Cincinnati,,2026-07-26,141,160,78.2
marcus-mbow-iol-pur-2025,2025,Marcus Mbow,IOL,Purdue,2,63,Wide Left Consensus Big Board (Arif Hasan) — wideleft.football,6041,303,10.5,32,,,,,,4.67,,Multi-Positional,,,,,5,154,New York Giants,,2026-07-26,66,66,112.8
dante-trader-jr-s-mar-2025,2025,Dante Trader Jr.,S,Maryland,7,224,Wide Left Consensus Big Board (Arif Hasan) — wideleft.football,5107,196,8.875,31.25,,,31,117,,4.32,12,,,,,,5,155,Miami,,2026-07-26,217,226,85.6
jeffrey-bassa-lb-ore-2025,2025,Jeffrey Bassa,LB,Oregon,4,125,Wide Left Consensus Big Board (Arif Hasan) — wideleft.football,6011,232,9.25,31.375,4.63,1.59,38.5,118,,,21,Will (cover),,,,,5,156,Kansas City,,2026-07-26,132,124,88.2
elijah-roberts-edge-smu-2025,2025,Elijah Roberts,EDGE,SMU,4,139,Wide Left Consensus Big Board (Arif Hasan) — wideleft.football,6035,285,10.25,33.5,4.78,1.67,31.5,116,,,,Power Rusher,,,,,5,157,Tampa Bay,,2026-07-26,146,135,87.4
keandre-lambertsmith-wr-aub-2025,2025,KeAndre Lambert-Smith,WR,Auburn,6,206,Wide Left Consensus Big Board (Arif Hasan) — wideleft.football,6006,190,9.125,32.5,4.37,1.53,34.5,124,,,11,Linear X,,,,,5,158,LA Chargers,,2026-07-26,145,218,89.7
collin-oliver-edge-okl-2025,2025,Collin Oliver,EDGE,Oklahoma State,6,212,Wide Left Consensus Big Board (Arif Hasan) — wideleft.football,6016,240,9.5,30.625,4.56,1.57,39,126,,,24,Speed Rusher/Power,,,,,5,159,Green Bay,,2026-07-26,196,221,91.9
marques-sigle-s-kan-2025,2025,Marques Sigle,S,Kansas State,7,234,Wide Left Consensus Big Board (Arif Hasan) — wideleft.football,5113,199,9.25,30.625,4.37,1.5,38,130,,,18,,,,,,5,160,San Fransisco,,2026-07-26,236,238,91.2
smael-mondon-jr-lb-geo-2025,2025,Smael Mondon Jr.,LB,Georgia,4,123,Wide Left Consensus Big Board (Arif Hasan) — wideleft.football,6022,224,9.75,31.625,4.58,1.52,,130,,,,Will (cover),,,,,5,161,Philadelphia,,2026-07-26,106,127,105.2
francisco-mauigoa-lb-mia-2025,2025,Francisco Mauigoa,LB,Miami,7,269,Wide Left Consensus Big Board (Arif Hasan) — wideleft.football,6017,233,10.25,31.625,4.6,1.56,35,121,,4.24,21,,,,,,5,162,New York Jets,,2026-07-26,281,265,92.2
mitchell-evans-te-not-2025,2025,Mitchell Evans,TE,Notre Dame,5,151,Wide Left Consensus Big Board (Arif Hasan) — wideleft.football,6053,258,9.5,32,4.74,1.55,31,115,,4.4,,Well Rounded,,,,,5,163,Carolina,,2026-07-26,154,144,72.7
yahya-black-dt-iow-2025,2025,Yahya Black,DT,Iowa,7,222,Wide Left Consensus Big Board (Arif Hasan) — wideleft.football,6056,336,10.25,35,5.39,1.88,25.5,101,,4.72,,Nose/Run Stuffer,,,,,5,164,Pittsburgh,,2026-07-26,182,244,112.8
oronde-gadsden-ii-te-syr-2025,2025,Oronde Gadsden II,TE,Syracuse,5,167,Wide Left Consensus Big Board (Arif Hasan) — wideleft.football,6045,243,10,33.375,4.62,,34,114,,,19,Receiver,,,,,5,165,LA Chargers,,2026-07-26,163,165,79.1
tory-horton-wr-col-2025,2025,Tory Horton,WR,Colorado State,3,99,Wide Left Consensus Big Board (Arif Hasan) — wideleft.football,6024,196,9,30.5,4.41,1.53,37.5,,,,,Balanced/X/Z,,,,,5,166,Seattle,,2026-07-26,103,105,92.6
jackson-slater-iol-sac-2025,2025,Jackson Slater,IOL,Sacramento State,5,165,Wide Left Consensus Big Board (Arif Hasan) — wideleft.football,6030,311,10,32,5.01,1.78,28.5,108,,,,Balanced G/C,,,,,5,167,Tennessee,,2026-07-26,150,161,80.6
drew-kendall-iol-bos-2025,2025,Drew Kendall,IOL,Boston College,6,200,Wide Left Consensus Big Board (Arif Hasan) — wideleft.football,6042,308,9.625,31.625,5.05,,,,,4.51,,Balanced C,,,,,5,168,Philadelphia,,2026-07-26,158,209,91.1
zah-frazier-cb-uts-2025,2025,Zah Frazier,CB,UTSA,5,159,Wide Left Consensus Big Board (Arif Hasan) — wideleft.football,6027,186,8.25,32.75,4.36,1.51,36.5,126,,4.26,14,Press/Cover 2,,,,,5,169,Chicago,,2026-07-26,188,150,131.6
jordan-hancock-cb-ohi-2025,2025,Jordan Hancock,CB,Ohio State,6,181,Wide Left Consensus Big Board (Arif Hasan) — wideleft.football,6001,195,8.625,30.625,4.42,,41.5,,,,14,,,,,,5,170,Buffalo,,2026-07-26,147,185,82.4
miles-frazier-iol-lsu-2025,2025,Miles Frazier,IOL,LSU,4,115,Wide Left Consensus Big Board (Arif Hasan) — wideleft.football,6055,317,9,32.625,5.24,1.79,31,108,,4.84,,OG Pass Blocker,,,,,5,171,Detroit,,2026-07-26,111,118,101.3
chris-paul-jr-lb-mis-2025,2025,Chris Paul Jr.,LB,Mississippi,4,108,Wide Left Consensus Big Board (Arif Hasan) — wideleft.football,6007,222,9.375,29.75,4.63,1.62,36,117,,,,Will (run and chase),,,,,5,172,LA Rams,,2026-07-26,113,103,94.7
jackson-hawes-te-geo-2025,2025,Jackson Hawes,TE,Georgia Tech,6,198,Wide Left Consensus Big Board (Arif Hasan) — wideleft.football,6044,253,9.125,32.125,4.82,1.56,34.5,121,,4.4,16,Blocker,,,,,5,173,Buffalo,,2026-07-26,201,191,76
robbie-ouzts-te-ala-2025,2025,Robbie Ouzts,TE,Alabama,7,378,Wide Left Consensus Big Board (Arif Hasan) — wideleft.football,6030,274,9.75,31.25,4.91,1.64,34,119,,4.45,26,,,,,,5,175,Seattle,,2026-07-26,340,422,75
tyler-baron-edge-mia-2025,2025,Tyler Baron,EDGE,Miami,5,152,Wide Left Consensus Big Board (Arif Hasan) — wideleft.football,6045,258,10,33.125,4.62,1.61,35.5,121,,,19,5 Tech/Well Rounded,,,,,5,176,New York Jets,,2026-07-26,181,152,82.1
denzel-burke-cb-ohi-2025,2025,Denzel Burke,CB,Ohio State,4,135,Wide Left Consensus Big Board (Arif Hasan) — wideleft.football,5112,186,8.75,31.375,4.48,1.5,,,,,,Press,,,,,5,176,Arizona,,2026-07-26,133,137,82
dorian-strong-cb-vir-2025,2025,Dorian Strong,CB,Virginia Tech,4,124,Wide Left Consensus Big Board (Arif Hasan) — wideleft.football,6010,185,9.25,30.75,4.5,1.55,36,116,,,15,Press/Man,,,,,6,177,Buffalo,,2026-07-26,135,122,86.1
bilhal-kone-cb-wes-2025,2025,Bilhal Kone,CB,Western Michigan,6,188,Wide Left Consensus Big Board (Arif Hasan) — wideleft.football,6012,190,9,30.75,4.43,1.54,31.5,124,,4.37,,Press/Cover 2,,,,,6,178,Baltimore,,2026-07-26,165,204,104.9
ollie-gordon-ii-rb-okl-2025,2025,Ollie Gordon II,RB,Oklahoma State,5,156,Wide Left Consensus Big Board (Arif Hasan) — wideleft.football,6013,226,9.5,32.625,4.61,1.6,34.5,120,,,12,Every-Down Back,,,,,6,179,Miami,,2026-07-26,162,149,79.1
jj-pegues-dt-mis-2025,2025,JJ Pegues,DT,Mississippi,5,149,Wide Left Consensus Big Board (Arif Hasan) — wideleft.football,6024,309,9.375,32.5,5.15,1.8,27.5,,,,,3 Tech/Pass Rusher,,,,,6,180,Las Vegas,,2026-07-26,130,162,94
kyle-mccord-qb-syr-2025,2025,Kyle McCord,QB,Syracuse,4,131,Wide Left Consensus Big Board (Arif Hasan) — wideleft.football,6030,218,9.5,31,,,,,,,,,,,,,6,181,Philadelphia,,2026-07-26,115,134,83
andres-borregales-st-mia-2025,2025,Andres Borregales,ST,Miami,7,307,Wide Left Consensus Big Board (Arif Hasan) — wideleft.football,,199,,,,,,,,,,K,,,,,6,182,New England,,2026-07-26,314,310,103.6
marcus-harris-cb-cal-2025,2025,Marcus Harris,CB,Cal,7,278,Wide Left Consensus Big Board (Arif Hasan) — wideleft.football,5106,189,8.875,29.625,4.38,1.52,36.5,,,4.25,,,,,,,6,183,Tennessee,,2026-07-26,262,282,96.4
devin-neal-rb-kan-2025,2025,Devin Neal,RB,Kansas,4,121,Wide Left Consensus Big Board (Arif Hasan) — wideleft.football,5111,213,8.5,29.5,4.58,1.59,37.5,124,,4.53,,Every-Down Back,,,,,6,184,New Orleans,,2026-07-26,143,110,88.4
will-howard-qb-ohi-2025,2025,Will Howard,QB,Ohio State,4,116,Wide Left Consensus Big Board (Arif Hasan) — wideleft.football,6042,236,9,32,,,31.5,112,,4.33,,,,,,,6,185,Pittsburgh,,2026-07-26,117,120,89.1
tyler-loop-st-ari-2025,2025,Tyler Loop,ST,Arizona,7,357,Wide Left Consensus Big Board (Arif Hasan) — wideleft.football,,191,,,,,,,,,,K,,,,,6,186,Baltimore,,2026-07-26,302,395,121.5
jaylen-reed-s-pen-2025,2025,Jaylen Reed,S,Penn State,5,154,Wide Left Consensus Big Board (Arif Hasan) — wideleft.football,5115,211,9,30.375,4.49,1.51,33.5,,,,19,Cover 2/Box,,,,,6,187,Houston,,2026-07-26,131,153,92.9
kalel-mullings-rb-mic-2025,2025,Kalel Mullings,RB,Michigan,7,233,Wide Left Consensus Big Board (Arif Hasan) — wideleft.football,6014,226,10,31.625,,,,,,,,Power Back,,,,,6,188,Tennessee,,2026-07-26,228,230,77.5
riley-leonard-qb-not-2025,2025,Riley Leonard,QB,Notre Dame,6,179,Wide Left Consensus Big Board (Arif Hasan) — wideleft.football,6036,216,9.5,31.5,,,,,,,,,,,,,6,189,Indianapolis,,2026-07-26,198,176,87.4
tim-smith-dt-ala-2025,2025,Tim Smith,DT,Alabama,7,251,Wide Left Consensus Big Board (Arif Hasan) — wideleft.football,6043,302,10.375,33,5.14,,23,,,4.69,,3 Tech/Well Rounded,,,,,6,190,Indianapolis,,2026-07-26,240,258,80.8
myles-hinton-ot-mic-2025,2025,Myles Hinton,OT,Michigan,7,229,Wide Left Consensus Big Board (Arif Hasan) — wideleft.football,6066,323,10.25,34.125,,,31.5,,,4.96,,,,,,,6,191,Philadelphia,,2026-07-26,215,231,94.9
bryce-cabeldue-iol-kan-2025,2025,Bryce Cabeldue,IOL,Kansas,7,259,Wide Left Consensus Big Board (Arif Hasan) — wideleft.football,6044,308,,33,4.95,,32,114,,4.59,30,,,,,,6,192,Seattle,,2026-07-26,232,268,99.3
tahj-brooks-rb-tex-2025,2025,Tahj Brooks,RB,Texas Tech,6,191,Wide Left Consensus Big Board (Arif Hasan) — wideleft.football,5092,214,9.125,30.375,4.52,1.56,35,120,,4.06,16,1st/2nd down - Gap,,,,,6,193,Cincinnati,,2026-07-26,207,188,77.6
jalen-mcleod-lb-aub-2025,2025,Jalen McLeod,LB,Auburn,7,301,Wide Left Consensus Big Board (Arif Hasan) — wideleft.football,6015,241,9.75,32.25,,,,,,,,,,,,,6,194,Jacksonville,,2026-07-26,272,312,80.6
luke-newman-iol-mic-2025,2025,Luke Newman,IOL,Michigan State,7,337,Wide Left Consensus Big Board (Arif Hasan) — wideleft.football,6034,308,9.25,31,5.08,,35,110,,4.58,29,,,,,,6,195,Chicago,,2026-07-26,364,333,86
ahmed-hassanein-edge-boi-2025,2025,Ahmed Hassanein,EDGE,Boise State,7,232,Wide Left Consensus Big Board (Arif Hasan) — wideleft.football,6023,267,9,32.25,4.77,1.7,32.5,113,,,27,5 Tech/Run Stuffer,,,,,6,196,Detroit,,2026-07-26,245,227,84
graham-mertz-qb-flo-2025,2025,Graham Mertz,QB,Florida,7,349,Wide Left Consensus Big Board (Arif Hasan) — wideleft.football,6033,212,9.75,31.25,,,,,,,,,,,,,6,197,Houston,,2026-07-26,388,344,76.6
warren-brinson-dt-geo-2025,2025,Warren Brinson,DT,Georgia,7,241,Wide Left Consensus Big Board (Arif Hasan) — wideleft.football,6052,315,10.375,33.5,5.09,1.76,31,115,,4.64,27,3 Tech/Well Rounded,,,,,6,198,Green Bay,,2026-07-26,212,255,112
branson-taylor-ot-pit-2025,2025,Branson Taylor,OT,Pittsburgh,7,314,Wide Left Consensus Big Board (Arif Hasan) — wideleft.football,6060,321,9.75,32.625,5.26,,28.5,,,4.62,25,,,,,,6,199,LA Chargers,,2026-07-26,291,323,85.4
rayuan-lane-iii-s-nav-2025,2025,Rayuan Lane III,S,Navy,7,325,Wide Left Consensus Big Board (Arif Hasan) — wideleft.football,5107,200,9.75,30.25,4.57,1.56,37,128,,4.28,,Box,,,,,6,200,Jacksonville,,2026-07-26,295,332,81.9
kobe-king-lb-pen-2025,2025,Kobe King,LB,Penn State,5,176,Wide Left Consensus Big Board (Arif Hasan) — wideleft.football,6006,236,9.5,31.25,,,,,,,,Mike (run stopper),,,,,6,201,Minnesota,,2026-07-26,174,174,97.6
gavin-bartholomew-te-pit-2025,2025,Gavin Bartholomew,TE,Pittsburgh,7,270,Wide Left Consensus Big Board (Arif Hasan) — wideleft.football,6045,246,9.875,31.375,4.7,1.59,36.5,,,4.2,16,,,,,,6,202,Minnesota,,2026-07-26,244,278,85.2
lajohntay-wester-wr-col-2025,2025,LaJohntay Wester,WR,Colorado,7,279,Wide Left Consensus Big Board (Arif Hasan) — wideleft.football,5095,163,8.625,29.625,4.46,1.53,32,121,,,,Gadget/Slot,,,,,6,203,Baltimore,,2026-07-26,267,283,78.9
ajani-cornelius-ot-ore-2025,2025,Ajani Cornelius,OT,Oregon,5,164,Wide Left Consensus Big Board (Arif Hasan) — wideleft.football,6045,310,9.5,,,,29.5,,,,,,,,,,6,204,Dallas,,2026-07-26,185,158,81.9
kain-medrano-lb-ucl-2025,2025,Kain Medrano,LB,UCLA,7,221,Wide Left Consensus Big Board (Arif Hasan) — wideleft.football,6027,222,9.125,32,4.46,,38,125,,4.19,,,,,,,6,205,Washington,,2026-07-26,205,224,98.3
chase-lundt-ot-con-2025,2025,Chase Lundt,OT,Connecticut,5,153,Wide Left Consensus Big Board (Arif Hasan) — wideleft.football,6074,304,9.625,32.5,,1.72,,,,,,OT Zone,,,,,6,206,Buffalo,,2026-07-26,176,140,79.2
cameron-williams-ot-tex-2025,2025,Cameron Williams,OT,Texas,3,92,Wide Left Consensus Big Board (Arif Hasan) — wideleft.football,6056,317,11.375,34.5,,,,,,,,Project OT,,,,,6,207,Philadelphia,,2026-07-26,101,92,96.6
jimmy-horn-jr-wr-col-2025,2025,Jimmy Horn Jr.,WR,Colorado,7,271,Wide Left Consensus Big Board (Arif Hasan) — wideleft.football,5081,174,8.75,30.375,4.46,1.54,38,128,,4.41,,Deep/Slot,,,,,6,208,Carolina,,2026-07-26,283,269,79.7
antwaun-powellryland-edge-vir-2025,2025,Antwaun Powell-Ryland,EDGE,Virginia Tech,5,169,Wide Left Consensus Big Board (Arif Hasan) — wideleft.football,6025,258,9.625,31.25,4.69,1.64,36.5,124,,,,Speed Rusher/Bend,,,,,6,209,Philadelphia,,2026-07-26,187,167,83.9
aeneas-peebles-dt-vir-2025,2025,Aeneas Peebles,DT,Virginia Tech,4,132,Wide Left Consensus Big Board (Arif Hasan) — wideleft.football,6004,282,9.625,31.375,4.94,1.74,32.5,109,,4.7,28,Pass Rusher,,,,,6,210,Baltimore,,2026-07-26,167,125,84.3
hayden-conner-iol-tex-2025,2025,Hayden Conner,IOL,Texas,7,318,Wide Left Consensus Big Board (Arif Hasan) — wideleft.football,6060,314,9.625,,5.18,,,,,4.88,,,,,,,6,211,Arizona,,2026-07-26,292,327,76.8
robert-longerbeam-cb-rut-2025,2025,Robert Longerbeam,CB,Rutgers,7,228,Wide Left Consensus Big Board (Arif Hasan) — wideleft.football,5110,175,8.5,31.5,4.39,1.5,36.5,134,,4.25,,,,,,,6,212,Baltimore,,2026-07-26,211,232,77.9
tommy-mellott-qb-mon-2025,2025,Tommy Mellott,QB,Montana State,7,383,Wide Left Consensus Big Board (Arif Hasan) — wideleft.football,5115,200,8.875,29.18,4.39,,41,124,,4.2,19,,,,,,6,213,Las Vegas,,2026-07-26,372,392,126.5
rj-mickens-s-cle-2025,2025,R.J. Mickens,S,Clemson,6,183,Wide Left Consensus Big Board (Arif Hasan) — wideleft.football,6000,199,8.875,32.25,4.49,1.55,41.5,121,,,,Cover 2/Box,,,,,6,214,LA Chargers,,2026-07-26,191,183,101.6
cam-miller-qb-nor-2025,2025,Cam Miller,QB,North Dakota State,7,308,Wide Left Consensus Big Board (Arif Hasan) — wideleft.football,6007,215,9.625,30.18,4.82,,32,111,,4.33,,,,,,,6,215,Las Vegas,,2026-07-26,361,304,88.5
jeremy-crawshaw-st-flo-2025,2025,Jeremy Crawshaw,ST,Florida,7,346,Wide Left Consensus Big Board (Arif Hasan) — wideleft.football,,198,,,,,,,,,,P,,,,,6,216,Denver,,2026-07-26,323,354,95.2
jay-toia-dt-ucl-2025,2025,Jay Toia,DT,UCLA,7,240,Wide Left Consensus Big Board (Arif Hasan) — wideleft.football,6020,342,10,32.5,,,24.5,,,4.82,,Nose/Run Stuffer,,,,,7,217,Dallas,,2026-07-26,220,241,90.5
jack-nelson-ot-wis-2025,2025,Jack Nelson,OT,Wisconsin,6,193,Wide Left Consensus Big Board (Arif Hasan) — wideleft.football,6070,314,10,33.5,,,,,,,23,,,,,,7,218,Atlanta,,2026-07-26,192,193,79.6
thomas-fidone-ii-te-neb-2025,2025,Thomas Fidone II,TE,Nebraska,6,199,Wide Left Consensus Big Board (Arif Hasan) — wideleft.football,6050,243,10.625,34,4.7,1.57,35.5,126,,4.29,,Possession,,,,,7,219,New York Giants,,2026-07-26,221,187,87.9
marcus-bryant-ot-mis-2025,2025,Marcus Bryant,OT,Missouri,7,375,Wide Left Consensus Big Board (Arif Hasan) — wideleft.football,6071,320,8.875,34.58,4.97,,31.5,111,,5.03,26,,,,,,7,220,New England,,2026-07-26,366,381,103.9
jonah-monheim-iol-usc-2025,2025,Jonah Monheim,IOL,USC,6,187,Wide Left Consensus Big Board (Arif Hasan) — wideleft.football,6041,302,9.25,30.125,,,,,,,,,,,,,7,221,Jacksonville,,2026-07-26,164,201,105.4
cody-lindenberg-lb-min-2025,2025,Cody Lindenberg,LB,Minnesota,7,223,Wide Left Consensus Big Board (Arif Hasan) — wideleft.football,6023,236,9,32.625,4.71,,36.5,,,4.32,20,Mike (balanced),,,,,7,222,Las Vegas,,2026-07-26,219,223,76.3
damien-martinez-rb-mia-2025,2025,Damien Martinez,RB,Miami,4,103,Wide Left Consensus Big Board (Arif Hasan) — wideleft.football,5115,217,9.5,30.5,4.51,1.56,35,124,,,,Every-Down Back/Gap,,,,,7,223,Seattle,,2026-07-26,134,97,97.2
kyonte-hamilton-dt-rut-2025,2025,Kyonte Hamilton,DT,Rutgers,7,367,Wide Left Consensus Big Board (Arif Hasan) — wideleft.football,6033,305,9.25,32.18,5.02,,29,110,,4.58,29,,,,,,7,224,Houston,,2026-07-26,338,384,88.8
kitan-crawford-s-nev-2025,2025,Kitan Crawford,S,Nevada,7,237,Wide Left Consensus Big Board (Arif Hasan) — wideleft.football,5105,202,9.5,31,4.41,1.52,41.5,128,,4.03,18,Quarters,,,,,7,225,Arizona,,2026-07-26,249,236,91.1
carson-bruener-lb-was-2025,2025,Carson Bruener,LB,Washington,7,294,Wide Left Consensus Big Board (Arif Hasan) — wideleft.football,6012,227,9.25,31.625,4.58,1.57,33.5,119,,4.24,,,,,,,7,226,Pittsburgh,,2026-07-26,254,301,91.8
kurtis-rourke-qb-ind-2025,2025,Kurtis Rourke,QB,Indiana,7,230,Wide Left Consensus Big Board (Arif Hasan) — wideleft.football,6042,220,9.375,30.25,,,,,,,,,,,,,7,227,San Fransisco,,2026-07-26,274,220,82.7
brashard-smith-rb-smu-2025,2025,Brashard Smith,RB,SMU,5,142,Wide Left Consensus Big Board (Arif Hasan) — wideleft.football,5097,194,8.75,30.5,4.39,,32.5,117,,,,3rd Down/Speed/WR,,,,,7,228,Kansas City,,2026-07-26,157,159,77.2
donte-kent-cb-cen-2025,2025,Donte Kent,CB,Central Michigan,7,442,Wide Left Consensus Big Board (Arif Hasan) — wideleft.football,5102,187,8.5,31,4.38,,38.5,123,,4.38,14,,,,,,7,229,Pittsburgh,,2026-07-26,370,496,99.9
dan-jackson-s-geo-2025,2025,Dan Jackson,S,Georgia,7,288,Wide Left Consensus Big Board (Arif Hasan) — wideleft.football,6001,194,8.75,29.78,4.45,,34,123,,4.33,,,,,,,7,230,Detroit,,2026-07-26,214,318,95
quinn-ewers-qb-tex-2025,2025,Quinn Ewers,QB,Texas,4,120,Wide Left Consensus Big Board (Arif Hasan) — wideleft.football,6021,214,9.375,30.675,,,,,,,,,,,,,7,231,Miami,,2026-07-26,104,126,98.3
hunter-wohler-s-wis-2025,2025,Hunter Wohler,S,Wisconsin,6,202,Wide Left Consensus Big Board (Arif Hasan) — wideleft.football,6020,213,9.25,30.5,4.57,1.54,37,120,,4.25,,Zone/Box,,,,,7,232,Indianapolis,,2026-07-26,209,199,87.8
kyle-monangai-rb-rut-2025,2025,Kyle Monangai,RB,Rutgers,6,190,Wide Left Consensus Big Board (Arif Hasan) — wideleft.football,5085,211,9,38.625,4.6,1.54,34.5,117,,4.4,,Every-Down Back,,,,,7,233,Chicago,,2026-07-26,203,189,82.4
mason-richman-ot-iow-2025,2025,Mason Richman,OT,Iowa,7,410,Wide Left Consensus Big Board (Arif Hasan) — wideleft.football,6053,307,9.875,32.18,5.34,,28,110,,4.63,21,,,,,,7,234,Seattle,,2026-07-26,369,430,102.3
tez-johnson-wr-ore-2025,2025,Tez Johnson,WR,Oregon,4,133,Wide Left Consensus Big Board (Arif Hasan) — wideleft.football,5097,154,9,29.375,4.51,1.53,37,131,,4.15,,Gadget/Slot,,,,,7,235,Tampa Bay,,2026-07-26,124,129,79
lequint-allen-rb-syr-2025,2025,LeQuint Allen,RB,Syracuse,5,172,Wide Left Consensus Big Board (Arif Hasan) — wideleft.football,6001,204,10.125,32,,,35,120,,,,3rd Down/WR,,,,,7,236,Jacksonville,,2026-07-26,160,180,84.4
micah-robinson-cb-tul-2025,2025,Micah Robinson,CB,Tulane,7,619,Wide Left Consensus Big Board (Arif Hasan) — wideleft.football,5107,183,8.75,30.78,4.42,,35,123,,4.55,14,,,,,,7,237,Green Bay,,2026-07-26,604,545,55.9
ricky-white-iii-wr-unl-2025,2025,Ricky White III,WR,UNLV,6,209,Wide Left Consensus Big Board (Arif Hasan) — wideleft.football,6011,184,9.25,31.625,4.61,1.55,36,123,,,,Deep/Z,,,,,7,238,Seattle,,2026-07-26,230,207,75.9
phil-mafah-rb-cle-2025,2025,Phil Mafah,RB,Clemson,7,286,Wide Left Consensus Big Board (Arif Hasan) — wideleft.football,6005,234,9.5,31.375,,,,,,,,Power Back,,,,,7,239,Dallas,,2026-07-26,306,286,75.7
kaden-prather-wr-mar-2025,2025,Kaden Prather,WR,Maryland,7,246,Wide Left Consensus Big Board (Arif Hasan) — wideleft.football,6034,204,9.25,31.75,4.46,1.53,30,114,,,,Linear X,,,,,7,240,Buffalo,,2026-07-26,257,250,88.3
caleb-lohner-te-uta-2025,2025,Caleb Lohner,TE,Utah,7,642,Wide Left Consensus Big Board (Arif Hasan) — wideleft.football,,,,,4.69,,37,126,,4.53,19,,,,,,7,241,Denver,,2026-07-26,643,643,247
konata-mumpfield-wr-pit-2025,2025,Konata Mumpfield,WR,Pittsburgh,7,290,Wide Left Consensus Big Board (Arif Hasan) — wideleft.football,5113,186,8.5,29.375,4.59,1.54,36,124,,4.19,,Z/Slot,,,,,7,242,LA Rams,,2026-07-26,300,284,82.6
garrett-dellinger-iol-lsu-2025,2025,Garrett Dellinger,IOL,LSU,7,231,Wide Left Consensus Big Board (Arif Hasan) — wideleft.football,6040,325,,,5.1,,32,,,4.63,30,Gap,,,,,7,243,Baltimore,,2026-07-26,233,229,83.8
dominic-lovett-wr-geo-2025,2025,Dominic Lovett,WR,Georgia,7,282,Wide Left Consensus Big Board (Arif Hasan) — wideleft.football,5100,185,9.25,31.375,4.4,1.53,33.5,120,,4.27,,,,,,,7,244,Detroit,,2026-07-26,243,294,88
jacory-croskeymerritt-rb-ari-2025,2025,Jacory Croskey-Merritt,RB,Arizona,7,236,Wide Left Consensus Big Board (Arif Hasan) — wideleft.football,,,,,4.45,,41.5,124,,4.44,17,Speed/Zone,,,,,7,245,Washington,,2026-07-26,251,234,112.7
korie-black-cb-okl-2025,2025,Korie Black,CB,Oklahoma State,7,281,Wide Left Consensus Big Board (Arif Hasan) — wideleft.football,,,,,4.35,,39,117,,4.34,15,,,,,,7,246,New York Giants,,2026-07-26,288,280,125.5
tommy-akingbesote-dt-mar-2025,2025,Tommy Akingbesote,DT,Maryland,7,370,Wide Left Consensus Big Board (Arif Hasan) — wideleft.football,6036,306,10,33.5,5.09,1.77,28,103,,,,3 Tech/Well Rounded,,,,,7,247,Dallas,,2026-07-26,349,391,77
moliki-matavao-te-ucl-2025,2025,Moliki Matavao,TE,UCLA,7,272,Wide Left Consensus Big Board (Arif Hasan) — wideleft.football,6055,260,9.5,32.5,4.81,1.6,32.5,114,,,,,,,,,7,248,New Orleans,,2026-07-26,256,275,80.8
connor-colby-iol-iow-2025,2025,Connor Colby,IOL,Iowa,7,220,Wide Left Consensus Big Board (Arif Hasan) — wideleft.football,6056,309,10,,5.11,,28.5,110,,4.63,,,,,,,7,249,San Fransisco,,2026-07-26,250,217,93.9
john-williams-iol-cin-2025,2025,John Williams,IOL,Cincinnati,7,274,Wide Left Consensus Big Board (Arif Hasan) — wideleft.football,6041,322,11,33.75,5.17,1.8,,,,4.72,,,,,,,7,250,Green Bay,,2026-07-26,318,266,87.6
julian-ashby-st-van-2025,2025,Julian Ashby,ST,Vanderbilt,7,552,Wide Left Consensus Big Board (Arif Hasan) — wideleft.football,6011,231,10.125,32.38,4.94,,30,115,,,15,LS,,,,,7,251,New England,,2026-07-26,486,635,107
junior-bergen-wr-mon-2025,2025,Junior Bergen,WR,Montana,7,573,Wide Left Consensus Big Board (Arif Hasan) — wideleft.football,5094,184,9,,4.52,,36.5,120,,4.22,17,,,,,,7,252,San Fransisco,,2026-07-26,529,543,95.7
zeek-biggers-dt-geo-2025,2025,Zeek Biggers,DT,Georgia Tech,7,275,Wide Left Consensus Big Board (Arif Hasan) — wideleft.football,6054,321,10.25,34.75,5.14,1.74,34.5,111,,4.75,22,Nose/Run Stuffer,,,,,7,253,Miami,,2026-07-26,325,264,88.1
fadil-diggs-edge-syr-2025,2025,Fadil Diggs,EDGE,Syracuse,6,208,Wide Left Consensus Big Board (Arif Hasan) — wideleft.football,6043,257,10.375,33.375,4.57,1.6,30.5,121,,4.39,26,,,,,,7,254,New Orleans,,2026-07-26,225,202,80.6
luke-lachey-te-iow-2025,2025,Luke Lachey,TE,Iowa,6,204,Wide Left Consensus Big Board (Arif Hasan) — wideleft.football,6056,251,10,32.125,4.77,,35,120,,4.47,,,,,,,7,255,Houston,,2026-07-26,200,208,74.3
trikweze-bridges-s-flo-2025,2025,Trikweze Bridges,S,Florida,7,402,Wide Left Consensus Big Board (Arif Hasan) — wideleft.football,,,,,4.43,,34.5,,,,,,,,,,7,256,LA Chargers,,2026-07-26,409,408,100
kobee-minor-cb-mem-2025,2025,Kobee Minor,CB,Memphis,7,641,Wide Left Consensus Big Board (Arif Hasan) — wideleft.football,5113,188,10,31.58,4.56,,36,120,,4.54,9,,,,,,7,257,New England,,2026-07-26,643,642,183.1
emani-bailey-rb-tcu-2024,2024,Emani Bailey,RB,TCU,7,259,Wide Left Consensus Big Board (Arif Hasan) — wideleft.football,5073,202,9.8,29.9,4.61,1.57,33.5,116,,,,,,,,,,,,,2026-07-26,291,264,82.2
drake-nugent-iol-mic-2024,2024,Drake Nugent,IOL,Michigan,7,225,Wide Left Consensus Big Board (Arif Hasan) — wideleft.football,6014,298,9,33,5.23,1.83,29.5,101,,4.5,25,,,,,,,,,,2026-07-26,241,220,91.5
eric-watts-edge-con-2024,2024,Eric Watts,EDGE,Connecticut,7,219,Wide Left Consensus Big Board (Arif Hasan) — wideleft.football,6055,274,9.8,35.8,4.67,1.62,36.5,117,,4.73,21,,,,,,,,,,2026-07-26,197,217,81
andre-sam-s-lsu-2024,2024,Andre' Sam,S,LSU,,,Wide Left Consensus Big Board (Arif Hasan) — wideleft.football,5107,191,9.3,30,4.59,1.55,36,123,,,,,,,,,,,,,2026-07-26,,,
karsen-barnhart-iol-mic-2024,2024,Karsen Barnhart,IOL,Michigan,,,Wide Left Consensus Big Board (Arif Hasan) — wideleft.football,6044,306,9.9,33.4,5.21,1.76,29.5,111,,4.7,,,,,,,,,,,2026-07-26,,,
christian-rolandwallace-cb-usc-2024,2024,Christian Roland-Wallace,CB,USC,,,Wide Left Consensus Big Board (Arif Hasan) — wideleft.football,5114,201,9,32.5,,,,,,,17,,,,,,,,,,2026-07-26,,,
ro-torrence-cb-ari-2024,2024,Ro Torrence,CB,Arizona State,,,Wide Left Consensus Big Board (Arif Hasan) — wideleft.football,6027,208,8.5,34.1,,,,,,,,,,,,,,,,,2026-07-26,,,
garret-greenfield-ot-sou-2024,2024,Garret Greenfield,OT,South Dakota State,6,215,Wide Left Consensus Big Board (Arif Hasan) — wideleft.football,6056,311,9.8,33.5,5.22,1.77,38.5,113,,4.85,,,,,,,,,,,2026-07-26,215,205,86.4
gottlieb-ayedze-ot-mar-2024,2024,Gottlieb Ayedze,OT,Maryland,7,263,Wide Left Consensus Big Board (Arif Hasan) — wideleft.football,6041,308,9.9,33,5.01,1.72,26.5,112,,,21,,,,,,,,,,2026-07-26,238,265,99.9
nelson-ceaser-edge-hou-2024,2024,Nelson Ceaser,EDGE,Houston,5,171,Wide Left Consensus Big Board (Arif Hasan) — wideleft.football,6026,254,10.3,33.6,,,31,,,4.57,22,,,,,,,,,,2026-07-26,177,168,84.8
david-ugwoegbu-edge-hou-2024,2024,David Ugwoegbu,EDGE,Houston,,,Wide Left Consensus Big Board (Arif Hasan) — wideleft.football,6037,250,10.3,33.8,,,31.5,,,,21,,,,,,,,,,2026-07-26,,,
jalen-coker-wr-hol-2024,2024,Jalen Coker,WR,Holy Cross,7,243,Wide Left Consensus Big Board (Arif Hasan) — wideleft.football,6013,208,9.9,32.9,4.57,1.52,42.5,128,,,,,,,,,,,,,2026-07-26,263,232,94.4
trajan-jeffcoat-edge-ark-2024,2024,Trajan Jeffcoat,EDGE,Arkansas,7,295,Wide Left Consensus Big Board (Arif Hasan) — wideleft.football,6037,266,10.1,32.8,4.69,1.66,31.5,120,,,21,,,,,,,,,,2026-07-26,259,284,82.7
prince-pines-iol-tul-2024,2024,Prince Pines,IOL,Tulane,,,Wide Left Consensus Big Board (Arif Hasan) — wideleft.football,6044,322,9.1,32.9,5.34,1.82,30,,,,,,,,,,,,,,2026-07-26,,,
fabien-lovett-dt-flo-2024,2024,Fabien Lovett,DT,Florida State,6,206,Wide Left Consensus Big Board (Arif Hasan) — wideleft.football,6037,314,10.4,35.5,,,,,,,,,,,,,,,,,2026-07-26,219,210,81
javion-cohen-iol-mia-2024,2024,Javion Cohen,IOL,Miami,5,169,Wide Left Consensus Big Board (Arif Hasan) — wideleft.football,6043,324,9.9,34,,,26.5,104,,,22,,,,,,,,,,2026-07-26,168,177,91.7
leonard-taylor-iii-dt-mia-2024,2024,Leonard Taylor III,DT,Miami,4,117,Wide Left Consensus Big Board (Arif Hasan) — wideleft.football,6034,303,9,33.9,5.12,1.76,30,109,,,,,,,,,,,,,2026-07-26,136,117,98.4
carlton-johnson-cb-fre-2024,2024,Carlton Johnson,CB,Fresno State,7,273,Wide Left Consensus Big Board (Arif Hasan) — wideleft.football,5105,173,8,30.4,,,,,,,,,,,,,,,,,2026-07-26,298,286,91.6
steele-chambers-lb-ohi-2024,2024,Steele Chambers,LB,Ohio State,7,236,Wide Left Consensus Big Board (Arif Hasan) — wideleft.football,6006,226,9.3,30.5,,,33.5,112,,4.23,,,,,,,,,,,2026-07-26,211,235,84.3
kendall-milton-rb-geo-2024,2024,Kendall Milton,RB,Georgia,7,253,Wide Left Consensus Big Board (Arif Hasan) — wideleft.football,6014,225,9.6,31.8,4.62,1.51,35.5,124,,4.38,18,,,,,,,,,,2026-07-26,330,244,91.6
curtis-jacobs-lb-pen-2024,2024,Curtis Jacobs,LB,Penn State,5,159,Wide Left Consensus Big Board (Arif Hasan) — wideleft.football,6013,241,10.3,31.5,4.58,1.59,35,124,,,18,,,,,,,,,,2026-07-26,163,170,81.5
isaiah-johnson-cb-syr-2024,2024,Isaiah Johnson,CB,Syracuse,,,Wide Left Consensus Big Board (Arif Hasan) — wideleft.football,6030,205,8.9,32.9,4.64,1.55,38.5,129,,,,,,,,,,,,,2026-07-26,,,
jeremy-flax-ot-ken-2024,2024,Jeremy Flax,OT,Kentucky,,,Wide Left Consensus Big Board (Arif Hasan) — wideleft.football,6054,343,9,33.1,5.64,1.96,28,100,,,,,,,,,,,,,2026-07-26,,,
dallin-holker-te-col-2024,2024,Dallin Holker,TE,Colorado State,6,193,Wide Left Consensus Big Board (Arif Hasan) — wideleft.football,6033,241,10.3,33.6,4.78,1.66,32.5,122,,4.21,,,,,,,,,,,2026-07-26,218,194,82.3
aaron-casey-lb-ind-2024,2024,Aaron Casey,LB,Indiana,7,298,Wide Left Consensus Big Board (Arif Hasan) — wideleft.football,6007,231,9.4,32.8,4.75,1.59,30,117,,,16,,,,,,,,,,2026-07-26,296,272,79.8
cody-schrader-rb-mis-2024,2024,Cody Schrader,RB,Missouri,6,208,Wide Left Consensus Big Board (Arif Hasan) — wideleft.football,5084,202,9.1,28.1,4.61,1.55,33,,,,,,,,,,,,,,2026-07-26,217,208,99.3
beau-brade-s-mar-2024,2024,Beau Brade,S,Maryland,5,143,Wide Left Consensus Big Board (Arif Hasan) — wideleft.football,6000,203,10.1,31,,,,,,,,,,,,,,,,,2026-07-26,143,144,89.6
miyan-williams-rb-ohi-2024,2024,Miyan Williams,RB,Ohio State,,,Wide Left Consensus Big Board (Arif Hasan) — wideleft.football,5084,229,9,28.6,,,,,,,,,,,,,,,,,2026-07-26,,,
maema-njongmeta-lb-wis-2024,2024,Maema Njongmeta,LB,Wisconsin,,,Wide Left Consensus Big Board (Arif Hasan) — wideleft.football,6000,229,9.4,32.1,4.91,1.63,,,,4.66,,,,,,,,,,,2026-07-26,,,
brady-latham-iol-ark-2024,2024,Brady Latham,IOL,Arkansas,,,Wide Left Consensus Big Board (Arif Hasan) — wideleft.football,6052,304,9.5,32.8,5.31,1.8,29,110,,4.47,,,,,,,,,,,2026-07-26,,,
frank-crum-ot-wyo-2024,2024,Frank Crum,OT,Wyoming,7,260,Wide Left Consensus Big Board (Arif Hasan) — wideleft.football,6082,313,10.5,33.9,4.94,1.69,31,114,,4.73,22,,,,,,,,,,2026-07-26,225,253,80.6
sam-hartman-qb-not-2024,2024,Sam Hartman,QB,Notre Dame,7,233,Wide Left Consensus Big Board (Arif Hasan) — wideleft.football,6011,211,9.8,31.4,4.8,1.63,28.5,106,,4.34,,,,,,,,,,,2026-07-26,275,230,78.9
ryan-rehkow-st-byu-2024,2024,Ryan Rehkow,ST,BYU,,,Wide Left Consensus Big Board (Arif Hasan) — wideleft.football,6043,235,8.9,31.3,,,,,,,,,,,,,,,,,2026-07-26,,,
eyabi-okieanoma-edge-cha-2024,2024,Eyabi Okie-Anoma,EDGE,Charlotte,7,279,Wide Left Consensus Big Board (Arif Hasan) — wideleft.football,6044,260,9.5,33.5,,,,,,,,,,,,,,,,,2026-07-26,279,268,90
willie-drew-cb-vir-2024,2024,Willie Drew,CB,Virginia State,7,266,Wide Left Consensus Big Board (Arif Hasan) — wideleft.football,5115,191,9.5,32,4.46,1.49,,,,,13,,,,,,,,,,2026-07-26,276,273,107.7
andrew-coker-ot-tcu-2024,2024,Andrew Coker,OT,TCU,7,282,Wide Left Consensus Big Board (Arif Hasan) — wideleft.football,6067,315,9.5,34,5.36,1.85,25.5,94,,4.93,,,,,,,,,,,2026-07-26,253,289,82.8
lideatrick-griffin-wr-mis-2024,2024,Lideatrick Griffin,WR,Mississippi State,7,274,Wide Left Consensus Big Board (Arif Hasan) — wideleft.football,5100,181,9.1,30.6,4.43,1.55,35.5,124,,4.35,,,,,,,,,,,2026-07-26,280,255,78.9
kalen-deloach-lb-flo-2024,2024,Kalen DeLoach,LB,Florida State,7,284,Wide Left Consensus Big Board (Arif Hasan) — wideleft.football,5114,210,8.6,31.5,4.47,1.59,30.5,119,,,,,,,,,,,,,2026-07-26,265,280,91.8
daijun-edwards-rb-geo-2024,2024,Daijun Edwards,RB,Georgia,7,258,Wide Left Consensus Big Board (Arif Hasan) — wideleft.football,5095,207,9.5,29.8,,,,114,,,,,,,,,,,,,2026-07-26,352,263,90.9
jontrey-hunter-lb-geo-2024,2024,Jontrey Hunter,LB,Georgia State,,,Wide Left Consensus Big Board (Arif Hasan) — wideleft.football,6017,236,9,31.8,,,32,111,,,,,,,,,,,,,2026-07-26,,,
jaden-shirden-rb-mon-2024,2024,Jaden Shirden,RB,Monmouth,7,300,Wide Left Consensus Big Board (Arif Hasan) — wideleft.football,5080,187,9.3,28.8,4.45,1.51,34.5,117,,,,,,,,,,,,,2026-07-26,313,285,85.3
myles-murphy-dt-nor-2024,2024,Myles Murphy,DT,North Carolina,7,261,Wide Left Consensus Big Board (Arif Hasan) — wideleft.football,6040,309,9.8,33.9,5.2,1.82,28.5,106,,4.81,,,,,,,,,,,2026-07-26,283,260,81
johnny-dixon-cb-pen-2024,2024,Johnny Dixon,CB,Penn State,7,217,Wide Left Consensus Big Board (Arif Hasan) — wideleft.football,5106,188,8.6,29.5,,,,,,,,,,,,,,,,,2026-07-26,182,226,79.5
tayvion-robinson-wr-ken-2024,2024,Tayvion Robinson,WR,Kentucky,,,Wide Left Consensus Big Board (Arif Hasan) — wideleft.football,5104,191,9.3,31,,,,,,,,,,,,,,,,,2026-07-26,,,
andrew-raym-iol-okl-2024,2024,Andrew Raym,IOL,Oklahoma,7,255,Wide Left Consensus Big Board (Arif Hasan) — wideleft.football,6040,314,10,32.5,5.42,1.94,24.5,95,,,,,,,,,,,,,2026-07-26,325,254,83.9
anim-dankwah-ot-how-2024,2024,Anim Dankwah,OT,Howard,,,Wide Left Consensus Big Board (Arif Hasan) — wideleft.football,6076,353,9.8,35.1,,,27.5,,,,24,,,,,,,,,,2026-07-26,,,
dwight-mcglothern-cb-ark-2024,2024,Dwight McGlothern,CB,Arkansas,6,189,Wide Left Consensus Big Board (Arif Hasan) — wideleft.football,6015,185,8.6,30.5,,1.5,32,115,,,,,,,,,,,,,2026-07-26,205,195,89.3
keaton-bills-iol-uta-2024,2024,Keaton Bills,IOL,Utah,7,280,Wide Left Consensus Big Board (Arif Hasan) — wideleft.football,6044,321,10,32.5,5.38,1.9,29.5,101,,4.9,24,,,,,,,,,,2026-07-26,232,308,91.1
xavier-weaver-wr-col-2024,2024,Xavier Weaver,WR,Colorado,7,278,Wide Left Consensus Big Board (Arif Hasan) — wideleft.football,6002,169,8.9,31.1,,,,,,,,,,,,,,,,,2026-07-26,244,278,96.4
brevyn-spannford-te-min-2024,2024,Brevyn Spann-Ford,TE,Minnesota,7,218,Wide Left Consensus Big Board (Arif Hasan) — wideleft.football,6064,260,10.3,33.4,4.77,1.67,31.5,116,,,,,,,,,,,,,2026-07-26,221,214,80
easton-gibbs-lb-wyo-2024,2024,Easton Gibbs,LB,Wyoming,,,Wide Left Consensus Big Board (Arif Hasan) — wideleft.football,6003,232,9.3,30.4,4.73,1.59,31.5,109,,,,,,,,,,,,,2026-07-26,,,
demani-richardson-s-tex-2024,2024,Demani Richardson,S,Texas A&M,7,287,Wide Left Consensus Big Board (Arif Hasan) — wideleft.football,6004,210,9.9,32,4.6,1.54,31,116,,,,,,,,,,,,,2026-07-26,294,305,88.5
kingsley-eguakun-iol-flo-2024,2024,Kingsley Eguakun,IOL,Florida,7,229,Wide Left Consensus Big Board (Arif Hasan) — wideleft.football,6034,304,10.1,32.5,,,,,,,26,,,,,,,,,,2026-07-26,243,233,88.3
gabe-hall-dt-bay-2024,2024,Gabe Hall,DT,Baylor,6,180,Wide Left Consensus Big Board (Arif Hasan) — wideleft.football,6060,291,9.5,34.5,5.03,1.72,31.5,115,,4.67,,,,,,,,,,,2026-07-26,155,172,83.2
dillon-johnson-rb-was-2024,2024,Dillon Johnson,RB,Washington,6,202,Wide Left Consensus Big Board (Arif Hasan) — wideleft.football,5115,217,9.4,30,4.68,1.62,31.5,117,,,,,,,,,,,,,2026-07-26,258,187,86.6
michael-wiley-rb-ari-2024,2024,Michael Wiley,RB,Arizona,7,292,Wide Left Consensus Big Board (Arif Hasan) — wideleft.football,5104,210,9.3,30,4.51,1.54,33.5,119,,4.43,,,,,,,,,,,2026-07-26,329,294,85.9
julian-pearl-ot-ill-2024,2024,Julian Pearl,OT,Illinois,7,238,Wide Left Consensus Big Board (Arif Hasan) — wideleft.football,6060,312,10.3,35.1,,,,,,,,,,,,,,,,,2026-07-26,213,224,77.7
jalen-sundell-iol-nor-2024,2024,Jalen Sundell,IOL,North Dakota State,7,271,Wide Left Consensus Big Board (Arif Hasan) — wideleft.football,6050,301,9.5,33.1,,,,,,,26,,,,,,,,,,2026-07-26,303,304,95.2
keith-randolph-dt-ill-2024,2024,Keith Randolph,DT,Illinois,6,210,Wide Left Consensus Big Board (Arif Hasan) — wideleft.football,6034,296,9.9,32.8,5.15,1.78,28.5,105,,,,,,,,,,,,,2026-07-26,198,188,69.9
george-holani-rb-boi-2024,2024,George Holani,RB,Boise State,,,Wide Left Consensus Big Board (Arif Hasan) — wideleft.football,5103,208,9.8,29.8,4.52,1.57,39,127,,4.33,24,,,,,,,,,,2026-07-26,,,
austin-reed-qb-wes-2024,2024,Austin Reed,QB,Western Kentucky,7,286,Wide Left Consensus Big Board (Arif Hasan) — wideleft.football,6014,220,9.9,30.1,4.82,1.67,,,,,,,,,,,,,,,2026-07-26,306,271,88.2
trey-knox-te-sou-2024,2024,Trey Knox,TE,South Carolina,7,294,Wide Left Consensus Big Board (Arif Hasan) — wideleft.football,6030,240,9.4,34.3,,,32.5,121,,4.54,,,,,,,,,,,2026-07-26,336,279,79.7
gabriel-murphy-lb-ucl-2024,2024,Gabriel Murphy,LB,UCLA,4,111,Wide Left Consensus Big Board (Arif Hasan) — wideleft.football,6023,247,9.3,30.5,4.68,1.59,39.5,123,,,25,,,,,,,,,,2026-07-26,130,115,98.5
trente-jones-ot-mic-2024,2024,Trente Jones,OT,Michigan,7,293,Wide Left Consensus Big Board (Arif Hasan) — wideleft.football,6037,305,10.1,33,5.17,1.79,27,109,,4.87,,,,,,,,,,,2026-07-26,252,314,89.2
ryan-cooper-jr-cb-ore-2024,2024,Ryan Cooper Jr.,CB,Oregon State,,,Wide Left Consensus Big Board (Arif Hasan) — wideleft.football,5112,184,8.8,30.5,,,,,,,,,,,,,,,,,2026-07-26,,,
xzauvea-gadlin-iol-lib-2024,2024,X'Zauvea Gadlin,IOL,Liberty,,,Wide Left Consensus Big Board (Arif Hasan) — wideleft.football,6032,322,10.3,33.3,5.5,1.9,24,96,,4.97,25,,,,,,,,,,2026-07-26,,,
ethan-driskell-ot-mar-2024,2024,Ethan Driskell,OT,Marshall,7,256,Wide Left Consensus Big Board (Arif Hasan) — wideleft.football,6083,313,10.5,35.4,,,,,,,,,,,,,,,,,2026-07-26,261,250,74.4
zion-tupuolafetui-lb-was-2024,2024,Zion Tupuola-Fetui,LB,Washington,7,224,Wide Left Consensus Big Board (Arif Hasan) — wideleft.football,6030,244,10.6,33.4,,,,,,,,,,,,,,,,,2026-07-26,223,223,79.2
josh-proctor-s-ohi-2024,2024,Josh Proctor,S,Ohio State,6,212,Wide Left Consensus Big Board (Arif Hasan) — wideleft.football,6014,199,8.8,32,4.55,1.54,32.5,121,,,,,,,,,,,,,2026-07-26,207,201,78.2
isaiah-williams-wr-ill-2024,2024,Isaiah Williams,WR,Illinois,,,Wide Left Consensus Big Board (Arif Hasan) — wideleft.football,5092,182,9.1,30.1,4.63,1.59,38,123,,,17,,,,,,,,,,2026-07-26,,,
braiden-mcgregor-edge-mic-2024,2024,Braiden McGregor,EDGE,Michigan,6,205,Wide Left Consensus Big Board (Arif Hasan) — wideleft.football,6052,257,10,33.1,,,,,,,,,,,,,,,,,2026-07-26,199,206,84.3
tyler-owens-s-tex-2024,2024,Tyler Owens,S,Texas Tech,7,268,Wide Left Consensus Big Board (Arif Hasan) — wideleft.football,6023,216,9.1,33.4,,,41,,,,,,,,,,,,,,2026-07-26,293,266,87.5
jack-westover-te-was-2024,2024,Jack Westover,TE,Washington,,,Wide Left Consensus Big Board (Arif Hasan) — wideleft.football,6025,243,9.1,32.1,,,,,,,,,,,,,,,,,2026-07-26,,,
harrison-mevis-st-mis-2024,2024,Harrison Mevis,ST,Missouri,,,Wide Left Consensus Big Board (Arif Hasan) — wideleft.football,5117,241,8.9,30.8,,,,,,,,,,,,,,,,,2026-07-26,,,
khalid-duke-lb-kan-2024,2024,Khalid Duke,LB,Kansas State,7,290,Wide Left Consensus Big Board (Arif Hasan) — wideleft.football,6032,246,9.3,32.6,4.79,1.62,34,117,,,21,,,,,,,,,,2026-07-26,274,276,83.3
charles-turner-iii-iol-lsu-2024,2024,Charles Turner III,IOL,LSU,7,244,Wide Left Consensus Big Board (Arif Hasan) — wideleft.football,6035,303,9.4,34,,,31,119,,4.62,,,,,,,,,,,2026-07-26,247,256,76.8
millard-bradford-s-tcu-2024,2024,Millard Bradford,S,TCU,,,Wide Left Consensus Big Board (Arif Hasan) — wideleft.football,5104,191,9,31.3,4.42,1.55,38.5,124,,,15,,,,,,,,,,2026-07-26,,,
kedon-slovis-qb-byu-2024,2024,Kedon Slovis,QB,BYU,,,Wide Left Consensus Big Board (Arif Hasan) — wideleft.football,6024,223,9.9,31.1,4.55,1.58,30,118,,,,,,,,,,,,,2026-07-26,,,
marcus-rosemyjacksaint-wr-geo-2024,2024,Marcus Rosemy-Jacksaint,WR,Georgia,7,234,Wide Left Consensus Big Board (Arif Hasan) — wideleft.football,6011,195,10,33,,,35,119,,,,,,,,,,,,,2026-07-26,270,227,92.6
frank-gore-jr-rb-sou-2024,2024,Frank Gore Jr.,RB,Southern Mississippi,7,250,Wide Left Consensus Big Board (Arif Hasan) — wideleft.football,5075,201,8.3,29.6,,,,,,,12,,,,,,,,,,2026-07-26,326,261,80.1
matthew-jones-iol-ohi-2024,2024,Matthew Jones,IOL,Ohio State,,,Wide Left Consensus Big Board (Arif Hasan) — wideleft.football,6034,316,9,32.6,5.21,1.87,28,103,,,,,,,,,,,,,2026-07-26,,,
josh-wallace-cb-mic-2024,2024,Josh Wallace,CB,Michigan,,,Wide Left Consensus Big Board (Arif Hasan) — wideleft.football,5111,185,8.9,31.4,,,34.5,120,,4.35,13,,,,,,,,,,2026-07-26,,,
caleb-williams-qb-usc-2024,2024,Caleb Williams,QB,USC,1,2,Wide Left Consensus Big Board (Arif Hasan) — wideleft.football,6011,214,9.8,32,,,,,,,,,,,,,1,1,Chicago,,2026-07-26,1,2,96.1
jayden-daniels-qb-lsu-2024,2024,Jayden Daniels,QB,LSU,1,8,Wide Left Consensus Big Board (Arif Hasan) — wideleft.football,6040,210,,,,,,,,,,,,,,,1,2,Washington,,2026-07-26,4,8,137.9
drake-maye-qb-nor-2024,2024,Drake Maye,QB,North Carolina,1,4,Wide Left Consensus Big Board (Arif Hasan) — wideleft.football,6043,223,9.1,32.3,,,,,,,,,,,,,1,3,New England,,2026-07-26,6,4,125.5
marvin-harrison-jr-wr-ohi-2024,2024,Marvin Harrison Jr.,WR,Ohio State,1,1,Wide Left Consensus Big Board (Arif Hasan) — wideleft.football,6032,209,9.5,31.9,,,,,,,,,,,,,1,4,Arizona,,2026-07-26,2,1,79.2
joe-alt-ot-not-2024,2024,Joe Alt,OT,Notre Dame,1,5,Wide Left Consensus Big Board (Arif Hasan) — wideleft.football,6085,321,10,34.3,5.05,1.73,28,112,,4.51,27,,,,,,1,5,LA Chargers,,2026-07-26,7,5,89.7
malik-nabers-wr-lsu-2024,2024,Malik Nabers,WR,LSU,1,3,Wide Left Consensus Big Board (Arif Hasan) — wideleft.football,6000,200,,,,,,,,,,,,,,,1,6,New York Giants,,2026-07-26,3,3,81.7
jc-latham-ot-ala-2024,2024,JC Latham,OT,Alabama,1,18,Wide Left Consensus Big Board (Arif Hasan) — wideleft.football,6052,342,11,35.1,,,,,,,,,,,,,1,7,Tennessee,,2026-07-26,17,18,103.2
michael-penix-jr-qb-was-2024,2024,Michael Penix Jr.,QB,Washington,2,34,Wide Left Consensus Big Board (Arif Hasan) — wideleft.football,6022,216,10.5,33.6,,,,,,,,,,,,,1,8,Atlanta,,2026-07-26,32,34,112.2
rome-odunze-wr-was-2024,2024,Rome Odunze,WR,Washington,1,6,Wide Left Consensus Big Board (Arif Hasan) — wideleft.football,6027,212,9.3,32.3,4.45,1.52,39,124,,4.03,,,,,,,1,9,Chicago,,2026-07-26,5,6,87.3
jj-mccarthy-qb-mic-2024,2024,J.J. McCarthy,QB,Michigan,1,23,Wide Left Consensus Big Board (Arif Hasan) — wideleft.football,6024,219,9,31.6,,,,,,4.23,,,,,,,1,10,Minnesota,,2026-07-26,18,24,125
olumuyiwa-fashanu-ot-pen-2024,2024,Olumuyiwa Fashanu,OT,Penn State,1,10,Wide Left Consensus Big Board (Arif Hasan) — wideleft.football,6060,312,8.5,34,5.11,1.77,32,109,,,,,,,,,1,11,New York Jets,,2026-07-26,11,9,98
bo-nix-qb-ore-2024,2024,Bo Nix,QB,Oregon,2,38,Wide Left Consensus Big Board (Arif Hasan) — wideleft.football,6021,214,10.1,30.9,,,,,,,,,,,,,1,12,Denver,,2026-07-26,34,38,135.1
brock-bowers-te-geo-2024,2024,Brock Bowers,TE,Georgia,1,7,Wide Left Consensus Big Board (Arif Hasan) — wideleft.football,6031,243,9.8,32.8,,,,,,,,,,,,,1,13,Las Vegas,,2026-07-26,8,7,91.8
taliese-fuaga-ot-ore-2024,2024,Taliese Fuaga,OT,Oregon State,1,14,Wide Left Consensus Big Board (Arif Hasan) — wideleft.football,6056,324,10.1,33.1,5.13,1.77,32,111,,,,,,,,,1,14,New Orleans,,2026-07-26,13,14,115.7
laiatu-latu-edge-ucl-2024,2024,Laiatu Latu,EDGE,UCLA,1,13,Wide Left Consensus Big Board (Arif Hasan) — wideleft.football,6046,259,10.3,32.6,4.64,1.62,32,116,,,,,,,,,1,15,Indianapolis,,2026-07-26,16,13,82.7
byron-murphy-dt-tex-2024,2024,Byron Murphy,DT,Texas,1,16,Wide Left Consensus Big Board (Arif Hasan) — wideleft.football,6004,297,10.3,32.4,4.87,1.69,33,111,,,28,,,,,,1,16,Seattle,,2026-07-26,20,15,90.3
dallas-turner-lb-ala-2024,2024,Dallas Turner,LB,Alabama,1,9,Wide Left Consensus Big Board (Arif Hasan) — wideleft.football,6026,247,9.9,34.4,4.46,1.54,40.5,127,,,,,,,,,1,17,Minnesota,,2026-07-26,9,10,87.1
amarius-mims-ot-geo-2024,2024,Amarius Mims,OT,Georgia,1,21,Wide Left Consensus Big Board (Arif Hasan) — wideleft.football,6076,340,11.3,36.1,5.07,1.78,25.5,111,,,,,,,,,1,18,Cincinnati,,2026-07-26,22,21,103.1
jared-verse-edge-flo-2024,2024,Jared Verse,EDGE,Florida State,1,15,Wide Left Consensus Big Board (Arif Hasan) — wideleft.football,6037,254,9.9,33.5,4.58,1.6,35,127,,4.44,31,,,,,,1,19,LA Rams,,2026-07-26,15,16,76.7
troy-fautanu-ot-was-2024,2024,Troy Fautanu,OT,Washington,1,17,Wide Left Consensus Big Board (Arif Hasan) — wideleft.football,6036,317,9.5,34.5,5.01,1.71,32.5,113,,,,,,,,,1,20,Pittsburgh,,2026-07-26,14,17,106.4
chop-robinson-edge-pen-2024,2024,Chop Robinson,EDGE,Penn State,1,25,Wide Left Consensus Big Board (Arif Hasan) — wideleft.football,6027,254,9.1,32.5,4.48,1.54,34.5,128,,4.25,,,,,,,1,21,Miami,,2026-07-26,21,27,82.8
quinyon-mitchell-cb-tol-2024,2024,Quinyon Mitchell,CB,Toledo,1,11,Wide Left Consensus Big Board (Arif Hasan) — wideleft.football,6001,195,9.3,31,4.33,1.51,38,122,,,20,,,,,,1,22,Philadelphia,,2026-07-26,12,11,82.7
brian-thomas-wr-lsu-2024,2024,Brian Thomas,WR,LSU,1,19,Wide Left Consensus Big Board (Arif Hasan) — wideleft.football,6027,209,9.8,32.8,4.33,1.5,38.5,126,,,11,,,,,,1,23,Jacksonville,,2026-07-26,19,20,79
terrion-arnold-cb-ala-2024,2024,Terrion Arnold,CB,Alabama,1,12,Wide Left Consensus Big Board (Arif Hasan) — wideleft.football,5116,189,8.9,31.6,4.5,1.54,37,129,,,,,,,,,1,24,Detroit,,2026-07-26,10,12,75.9
jordan-morgan-ot-ari-2024,2024,Jordan Morgan,OT,Arizona,2,35,Wide Left Consensus Big Board (Arif Hasan) — wideleft.football,6050,311,10.9,32.9,5.04,1.7,28,110,,,,,,,,,1,25,Green Bay,,2026-07-26,37,36,84.6
graham-barton-ot-duk-2024,2024,Graham Barton,OT,Duke,1,26,Wide Left Consensus Big Board (Arif Hasan) — wideleft.football,6053,313,9.4,32.9,,,,,,,,,,,,,1,26,Tampa Bay,,2026-07-26,23,26,97.7
darius-robinson-dt-mis-2024,2024,Darius Robinson,DT,Missouri,1,32,Wide Left Consensus Big Board (Arif Hasan) — wideleft.football,6051,285,10.6,34.5,4.95,1.73,35,111,,,21,,,,,,1,27,Arizona,,2026-07-26,31,32,95.9
xavier-worthy-wr-tex-2024,2024,Xavier Worthy,WR,Texas,2,33,Wide Left Consensus Big Board (Arif Hasan) — wideleft.football,5112,165,8.8,31.1,4.21,1.49,41,131,,,,,,,,,1,28,Kansas City,,2026-07-26,35,33,84.5
tyler-guyton-ot-okl-2024,2024,Tyler Guyton,OT,Oklahoma,1,30,Wide Left Consensus Big Board (Arif Hasan) — wideleft.football,6076,322,10.3,34.1,5.19,1.76,34.5,107,,4.71,,,,,,,1,29,Dallas,,2026-07-26,26,30,107.7
nate-wiggins-cb-cle-2024,2024,Nate Wiggins,CB,Clemson,1,24,Wide Left Consensus Big Board (Arif Hasan) — wideleft.football,6013,173,9,30.5,4.28,1.59,36,127,,,,,,,,,1,30,Baltimore,,2026-07-26,25,23,71.7
ricky-pearsall-wr-flo-2024,2024,Ricky Pearsall,WR,Florida,2,48,Wide Left Consensus Big Board (Arif Hasan) — wideleft.football,6010,189,9.3,30.9,4.41,1.57,42,129,,4.05,17,,,,,,1,31,San Francisco,,2026-07-26,42,49,94.3
xavier-legette-wr-sou-2024,2024,Xavier Legette,WR,South Carolina,2,42,Wide Left Consensus Big Board (Arif Hasan) — wideleft.football,6010,212,8.6,31.9,4.39,1.54,40,126,,,,,,,,,1,32,Carolina,,2026-07-26,45,43,114
keon-coleman-wr-flo-2024,2024,Keon Coleman,WR,Florida State,2,36,Wide Left Consensus Big Board (Arif Hasan) — wideleft.football,6032,213,9.4,32.1,4.61,1.54,38,127,,,,,,,,,2,33,Buffalo,,2026-07-26,39,35,90
ladd-mcconkey-wr-geo-2024,2024,Ladd McConkey,WR,Georgia,1,31,Wide Left Consensus Big Board (Arif Hasan) — wideleft.football,5115,186,8.6,30.3,4.39,1.52,36,124,,,13,,,,,,2,34,LA Chargers,,2026-07-26,33,31,83.6
ruke-orhorhoro-dt-cle-2024,2024,Ruke Orhorhoro,DT,Clemson,3,68,Wide Left Consensus Big Board (Arif Hasan) — wideleft.football,6040,294,9.4,34,4.89,1.67,32,116,,,29,,,,,,2,35,Atlanta,,2026-07-26,50,69,88.6
jerzhan-newton-dt-ill-2024,2024,Jer'Zhan Newton,DT,Illinois,1,20,Wide Left Consensus Big Board (Arif Hasan) — wideleft.football,6020,304,9.5,32.4,,,,,,,,,,,,,2,36,Washington,,2026-07-26,27,19,99.6
jalynn-polk-wr-was-2024,2024,Ja'Lynn Polk,WR,Washington,2,62,Wide Left Consensus Big Board (Arif Hasan) — wideleft.football,6013,203,9.8,31.8,4.52,1.52,37.5,129,,,,,,,,,2,37,New England,,2026-07-26,74,60,108.5
tvondre-sweat-dt-tex-2024,2024,T'Vondre Sweat,DT,Texas,3,71,Wide Left Consensus Big Board (Arif Hasan) — wideleft.football,6044,366,10.1,33.5,5.27,1.8,26,98,,,,,,,,,2,38,Tennessee,,2026-07-26,69,72,125.4
braden-fiske-dt-flo-2024,2024,Braden Fiske,DT,Florida State,2,47,Wide Left Consensus Big Board (Arif Hasan) — wideleft.football,6035,292,9.4,31,4.78,1.68,33.5,117,,4.37,26,,,,,,2,39,LA Rams,,2026-07-26,43,50,117.5
cooper-dejean-cb-iow-2024,2024,Cooper DeJean,CB,Iowa,1,22,Wide Left Consensus Big Board (Arif Hasan) — wideleft.football,6010,203,9.6,31.1,,,,,,,,,,,,,2,40,Philadelphia,,2026-07-26,24,22,88.8
koolaid-mckinstry-cb-ala-2024,2024,Kool-Aid McKinstry,CB,Alabama,1,27,Wide Left Consensus Big Board (Arif Hasan) — wideleft.football,5114,199,8.5,32,,,,,,,,,,,,,2,41,New Orleans,,2026-07-26,28,25,70.1
kamari-lassiter-cb-geo-2024,2024,Kamari Lassiter,CB,Georgia,2,50,Wide Left Consensus Big Board (Arif Hasan) — wideleft.football,5114,186,8.9,30.9,,,,,,4.12,,,,,,,2,42,Houston,,2026-07-26,47,51,102.3
max-melton-cb-rut-2024,2024,Max Melton,CB,Rutgers,3,65,Wide Left Consensus Big Board (Arif Hasan) — wideleft.football,5111,187,9.1,32.1,4.39,1.51,40.5,136,,,,,,,,,2,43,Arizona,,2026-07-26,62,66,108.4
jackson-powersjohnson-iol-ore-2024,2024,Jackson Powers-Johnson,IOL,Oregon,1,28,Wide Left Consensus Big Board (Arif Hasan) — wideleft.football,6033,328,9.9,32.3,,,32,104,,,30,,,,,,2,44,Las Vegas,,2026-07-26,29,28,77.6
edgerrin-cooper-lb-tex-2024,2024,Edgerrin Cooper,LB,Texas A&M,2,37,Wide Left Consensus Big Board (Arif Hasan) — wideleft.football,6021,230,9.8,34,4.51,1.54,34.5,118,,,,,,,,,2,45,Green Bay,,2026-07-26,38,37,134.7
jonathon-brooks-rb-tex-2024,2024,Jonathon Brooks,RB,Texas,2,56,Wide Left Consensus Big Board (Arif Hasan) — wideleft.football,6003,216,9.3,31.5,,,,,,,,,,,,,2,46,Carolina,,2026-07-26,53,58,94.5
tyler-nubin-s-min-2024,2024,Tyler Nubin,S,Minnesota,2,45,Wide Left Consensus Big Board (Arif Hasan) — wideleft.football,6012,199,9,32,,,,,,,,,,,,,2,47,New York Giants,,2026-07-26,54,46,96.7
maason-smith-dt-lsu-2024,2024,Maason Smith,DT,LSU,3,86,Wide Left Consensus Big Board (Arif Hasan) — wideleft.football,6051,306,8.5,35,5.01,1.75,31,108,,4.69,,,,,,,2,48,Jacksonville,,2026-07-26,73,89,112.3
kris-jenkins-dt-mic-2024,2024,Kris Jenkins,DT,Michigan,2,49,Wide Left Consensus Big Board (Arif Hasan) — wideleft.football,6026,299,9.4,34,4.91,1.7,30,115,,4.78,29,,,,,,2,49,Cincinnati,,2026-07-26,41,48,88.4
mike-sainristil-cb-mic-2024,2024,Mike Sainristil,CB,Michigan,2,52,Wide Left Consensus Big Board (Arif Hasan) — wideleft.football,5093,182,8.5,30.9,4.47,1.51,40,131,,4.01,14,,,,,,2,50,Washington,,2026-07-26,65,47,111.2
zach-frazier-iol-wes-2024,2024,Zach Frazier,IOL,West Virginia,2,41,Wide Left Consensus Big Board (Arif Hasan) — wideleft.football,6025,313,10.9,32.3,,,,,,,30,,,,,,2,51,Pittsburgh,,2026-07-26,46,40,98.2
adonai-mitchell-wr-tex-2024,2024,Adonai Mitchell,WR,Texas,1,29,Wide Left Consensus Big Board (Arif Hasan) — wideleft.football,6022,205,9,32.4,4.34,1.52,39,136,,,,,,,,,2,52,Indianapolis,,2026-07-26,30,29,89.2
ben-sinnott-te-kan-2024,2024,Ben Sinnott,TE,Kansas State,3,83,Wide Left Consensus Big Board (Arif Hasan) — wideleft.football,6037,250,9.5,32.4,4.68,1.59,40,126,,4.23,,,,,,,2,53,Washington,,2026-07-26,87,82,102
michael-hall-dt-ohi-2024,2024,Michael Hall,DT,Ohio State,3,70,Wide Left Consensus Big Board (Arif Hasan) — wideleft.football,6026,290,10,33.5,,,,,,,,,,,,,2,54,Cleveland,,2026-07-26,70,67,96.3
patrick-paul-ot-hou-2024,2024,Patrick Paul,OT,Houston,2,61,Wide Left Consensus Big Board (Arif Hasan) — wideleft.football,6074,331,9.4,36.3,5.13,1.77,29,,,,30,,,,,,2,55,Miami,,2026-07-26,63,59,128.7
marshawn-kneeland-edge-wes-2024,2024,Marshawn Kneeland,EDGE,Western Michigan,2,60,Wide Left Consensus Big Board (Arif Hasan) — wideleft.football,6030,267,9.1,34.5,4.75,1.66,35.5,119,,4.18,21,,,,,,2,56,Dallas,,2026-07-26,52,63,98.8
chris-braswell-lb-ala-2024,2024,Chris Braswell,LB,Alabama,2,54,Wide Left Consensus Big Board (Arif Hasan) — wideleft.football,6033,251,9.4,33.3,4.6,1.59,33.5,115,,,,,,,,,2,57,Tampa Bay,,2026-07-26,57,53,77.3
javon-bullard-s-geo-2024,2024,Javon Bullard,S,Georgia,2,63,Wide Left Consensus Big Board (Arif Hasan) — wideleft.football,5104,198,9,30.8,4.47,1.51,,,,,,,,,,,2,58,Green Bay,,2026-07-26,59,62,91.2
blake-fisher-ot-not-2024,2024,Blake Fisher,OT,Notre Dame,3,87,Wide Left Consensus Big Board (Arif Hasan) — wideleft.football,6056,310,10,34.4,5.2,1.82,28,114,,4.73,,,,,,,2,59,Houston,,2026-07-26,85,86,117.6
cole-bishop-s-uta-2024,2024,Cole Bishop,S,Utah,3,72,Wide Left Consensus Big Board (Arif Hasan) — wideleft.football,6020,206,9.5,29.8,4.45,1.52,39,124,,,,,,,,,2,60,Buffalo,,2026-07-26,71,71,99.4
ennis-rakestraw-cb-mis-2024,2024,Ennis Rakestraw,CB,Missouri,2,40,Wide Left Consensus Big Board (Arif Hasan) — wideleft.football,5113,183,8.5,32,4.51,1.54,,120,,,,,,,,,2,61,Detroit,,2026-07-26,36,41,106.3
roger-rosengarten-ot-was-2024,2024,Roger Rosengarten,OT,Washington,3,75,Wide Left Consensus Big Board (Arif Hasan) — wideleft.football,6053,308,9.6,33.5,4.92,1.73,30,113,,4.6,,,,,,,2,62,Baltimore,,2026-07-26,75,75,124.9
kingsley-suamataia-ot-byu-2024,2024,Kingsley Suamataia,OT,BYU,2,43,Wide Left Consensus Big Board (Arif Hasan) — wideleft.football,6045,326,10.6,34.3,5.04,1.74,28,110,,,31,,,,,,2,63,Kansas City,,2026-07-26,51,42,118.8
renardo-green-cb-flo-2024,2024,Renardo Green,CB,Florida State,4,110,Wide Left Consensus Big Board (Arif Hasan) — wideleft.football,5117,186,9.1,31.3,4.49,1.53,37.5,130,,,,,,,,,2,64,San Francisco,,2026-07-26,98,104,141
malachi-corley-wr-wes-2024,2024,Malachi Corley,WR,Western Kentucky,3,69,Wide Left Consensus Big Board (Arif Hasan) — wideleft.football,5110,215,9,32,,,,,,,,,,,,,3,65,New York Jets,,2026-07-26,55,70,107.9
trey-benson-rb-flo-2024,2024,Trey Benson,RB,Florida State,2,58,Wide Left Consensus Big Board (Arif Hasan) — wideleft.football,6002,216,9.3,31.5,4.39,1.52,33.5,122,,,,,,,,,3,66,Arizona,,2026-07-26,66,56,81.4
brandon-coleman-iol-tcu-2024,2024,Brandon Coleman,IOL,TCU,4,114,Wide Left Consensus Big Board (Arif Hasan) — wideleft.football,6044,313,10.8,34.6,4.99,1.73,34,114,,,,,,,,,3,67,Washington,,2026-07-26,104,109,96.1
caedan-wallace-ot-pen-2024,2024,Caedan Wallace,OT,Penn State,6,186,Wide Left Consensus Big Board (Arif Hasan) — wideleft.football,6047,314,10.8,34,5.15,1.74,31,116,,,,,,,,,3,68,New England,,2026-07-26,157,191,101.3
junior-colson-lb-mic-2024,2024,Junior Colson,LB,Michigan,2,51,Wide Left Consensus Big Board (Arif Hasan) — wideleft.football,6022,238,9.4,32.5,,,,,,,,,,,,,3,69,LA Chargers,,2026-07-26,44,52,104.6
andru-phillips-cb-ken-2024,2024,Andru Phillips,CB,Kentucky,3,96,Wide Left Consensus Big Board (Arif Hasan) — wideleft.football,5106,190,8.8,31.3,4.48,1.51,42,135,,,,,,,,,3,70,New York Giants,,2026-07-26,91,96,110.8
isaiah-adams-ot-ill-2024,2024,Isaiah Adams,OT,Illinois,4,133,Wide Left Consensus Big Board (Arif Hasan) — wideleft.football,6042,315,9,33.9,5.22,1.8,24.5,102,,4.73,22,,,,,,3,71,Arizona,,2026-07-26,124,136,98.7
trevin-wallace-lb-ken-2024,2024,Trevin Wallace,LB,Kentucky,4,115,Wide Left Consensus Big Board (Arif Hasan) — wideleft.football,6011,237,9.1,32.6,4.51,1.62,37.5,127,,,,,,,,,3,72,Carolina,,2026-07-26,110,110,97.4
cooper-beebe-iol-kan-2024,2024,Cooper Beebe,IOL,Kansas State,2,46,Wide Left Consensus Big Board (Arif Hasan) — wideleft.football,6032,322,9.3,31.5,5.03,1.75,27.5,109,,4.61,20,,,,,,3,73,Dallas,,2026-07-26,56,45,108
bralen-trice-edge-was-2024,2024,Bralen Trice,EDGE,Washington,2,64,Wide Left Consensus Big Board (Arif Hasan) — wideleft.football,6034,245,9,32.5,4.72,1.65,,,,,,,,,,,3,74,Atlanta,,2026-07-26,64,64,89.1
kiran-amegadjie-ot-yal-2024,2024,Kiran Amegadjie,OT,Yale,3,74,Wide Left Consensus Big Board (Arif Hasan) — wideleft.football,6053,323,9.6,36.1,,,,,,,,,,,,,3,75,Chicago,,2026-07-26,82,73,105.4
jonah-elliss-edge-uta-2024,2024,Jonah Elliss,EDGE,Utah,3,79,Wide Left Consensus Big Board (Arif Hasan) — wideleft.football,6021,248,10.5,33,,,,,,,,,,,,,3,76,Denver,,2026-07-26,92,77,105.2
delmar-glaze-ot-mar-2024,2024,Delmar Glaze,OT,Maryland,5,150,Wide Left Consensus Big Board (Arif Hasan) — wideleft.football,6041,315,10.3,34.9,5.21,1.78,25.5,104,,,29,,,,,,3,77,Las Vegas,,2026-07-26,154,154,105.6
calen-bullock-s-usc-2024,2024,Calen Bullock,S,USC,3,76,Wide Left Consensus Big Board (Arif Hasan) — wideleft.football,6020,188,9,32.5,4.48,1.51,,,,,,,,,,,3,78,Houston,,2026-07-26,79,80,100.1
matt-goncalves-ot-pit-2024,2024,Matt Goncalves,OT,Pittsburgh,4,134,Wide Left Consensus Big Board (Arif Hasan) — wideleft.football,6062,327,9,33.3,,,,,,,,,,,,,3,79,Indianapolis,,2026-07-26,123,134,106.1
jermaine-burton-wr-ala-2024,2024,Jermaine Burton,WR,Alabama,3,92,Wide Left Consensus Big Board (Arif Hasan) — wideleft.football,6002,196,9.9,31,4.45,1.53,38.5,133,,,,,,,,,3,80,Cincinnati,,2026-07-26,108,90,116.6
christian-haynes-iol-con-2024,2024,Christian Haynes,IOL,Connecticut,2,57,Wide Left Consensus Big Board (Arif Hasan) — wideleft.football,6026,317,9,33.5,5.03,1.75,33,102,,,25,,,,,,3,81,Seattle,,2026-07-26,60,57,92.6
tip-reiman-te-ill-2024,2024,Tip Reiman,TE,Illinois,5,154,Wide Left Consensus Big Board (Arif Hasan) — wideleft.football,6047,271,10.5,32.9,4.64,1.55,33,121,,4.26,28,,,,,,3,82,Arizona,,2026-07-26,156,161,80.5
blake-corum-rb-mic-2024,2024,Blake Corum,RB,Michigan,3,77,Wide Left Consensus Big Board (Arif Hasan) — wideleft.football,5076,205,9,28.9,4.53,1.58,35.5,,,4.12,27,,,,,,3,83,LA Rams,,2026-07-26,80,76,91.8
roman-wilson-wr-mic-2024,2024,Roman Wilson,WR,Michigan,2,53,Wide Left Consensus Big Board (Arif Hasan) — wideleft.football,5106,185,9.4,30.4,4.39,1.52,,,,,12,,,,,,3,84,Pittsburgh,,2026-07-26,49,55,90.6
zak-zinter-ot-mic-2024,2024,Zak Zinter,OT,Michigan,4,112,Wide Left Consensus Big Board (Arif Hasan) — wideleft.football,6057,309,9.4,33.5,,,,,,,,,,,,,3,85,Cleveland,,2026-07-26,95,103,104.2
dominick-puni-ot-kan-2024,2024,Dominick Puni,OT,Kansas,3,78,Wide Left Consensus Big Board (Arif Hasan) — wideleft.football,6051,313,10.1,33.4,5.35,1.86,30,107,,4.4,,,,,,,3,86,San Francisco,,2026-07-26,78,79,110.7
marist-liufau-lb-not-2024,2024,Marist Liufau,LB,Notre Dame,5,165,Wide Left Consensus Big Board (Arif Hasan) — wideleft.football,6021,234,9.9,34.3,4.64,1.59,,,,,,,,,,,3,87,Dallas,,2026-07-26,170,171,75.5
marshawn-lloyd-rb-usc-2024,2024,MarShawn Lloyd,RB,USC,3,94,Wide Left Consensus Big Board (Arif Hasan) — wideleft.football,5086,220,8.8,30.4,4.46,1.56,36,118,,,25,,,,,,3,88,Green Bay,,2026-07-26,84,97,88
tykee-smith-s-geo-2024,2024,Tykee Smith,S,Georgia,4,125,Wide Left Consensus Big Board (Arif Hasan) — wideleft.football,5100,202,9.3,31.6,4.46,1.58,36,120,,,,,,,,,3,89,Tampa Bay,,2026-07-26,138,125,100.8
elijah-jones-cb-bos-2024,2024,Elijah Jones,CB,Boston College,4,138,Wide Left Consensus Big Board (Arif Hasan) — wideleft.football,6014,185,9.3,31.5,4.44,1.54,42.5,131,,,,,,,,,3,90,Arizona,,2026-07-26,122,146,102
tyron-hopper-lb-mis-2024,2024,Ty'Ron Hopper,LB,Missouri,5,153,Wide Left Consensus Big Board (Arif Hasan) — wideleft.football,6016,231,8.9,31.4,,,,,,,,,,,,,3,91,Green Bay,,2026-07-26,162,166,75.3
jalen-mcmillan-wr-was-2024,2024,Jalen McMillan,WR,Washington,3,81,Wide Left Consensus Big Board (Arif Hasan) — wideleft.football,6010,197,10,32.1,4.47,1.53,37,127,,4.18,,,,,,,3,92,Tampa Bay,,2026-07-26,100,78,102
adisa-isaac-edge-pen-2024,2024,Adisa Isaac,EDGE,Penn State,3,66,Wide Left Consensus Big Board (Arif Hasan) — wideleft.football,6043,247,9.6,33.9,4.74,1.64,34.5,123,,,,,,,,,3,93,Baltimore,,2026-07-26,67,65,93.2
jalyx-hunt-edge-hou-2024,2024,Jalyx Hunt,EDGE,Houston Christian,4,140,Wide Left Consensus Big Board (Arif Hasan) — wideleft.football,6036,252,10,34.4,4.64,1.6,37.5,128,,,19,,,,,,3,94,Philadelphia,,2026-07-26,126,137,123.2
dewayne-carter-dt-duk-2024,2024,DeWayne Carter,DT,Duke,4,105,Wide Left Consensus Big Board (Arif Hasan) — wideleft.football,6023,302,10.3,33,4.99,1.72,32,109,,4.75,,,,,,,3,95,Buffalo,,2026-07-26,106,119,90.4
jarrian-jones-cb-flo-2024,2024,Jarrian Jones,CB,Florida State,5,145,Wide Left Consensus Big Board (Arif Hasan) — wideleft.football,5117,190,8.6,30,4.38,1.53,39.5,129,,,,,,,,,3,96,Jacksonville,,2026-07-26,175,142,96.7
mckinnley-jackson-dt-tex-2024,2024,McKinnley Jackson,DT,Texas A&M,4,136,Wide Left Consensus Big Board (Arif Hasan) — wideleft.football,6014,326,10,33.9,5.26,1.78,23,106,,,,,,,,,3,97,Cincinnati,,2026-07-26,148,140,103.3
payton-wilson-lb-nc-2024,2024,Payton Wilson,LB,N.C. State,2,44,Wide Left Consensus Big Board (Arif Hasan) — wideleft.football,6037,233,9,30.5,4.43,1.54,34.5,119,,,,,,,,,3,98,Pittsburgh,,2026-07-26,48,44,117
kamren-kinchens-s-mia-2024,2024,Kamren Kinchens,S,Miami,3,84,Wide Left Consensus Big Board (Arif Hasan) — wideleft.football,5112,203,9.8,31.3,4.65,1.59,35,110,,,,,,,,,3,99,LA Rams,,2026-07-26,96,81,146.2
luke-mccaffrey-wr-ric-2024,2024,Luke McCaffrey,WR,Rice,5,146,Wide Left Consensus Big Board (Arif Hasan) — wideleft.football,6015,198,9.6,30.1,4.46,1.52,36,121,,4.02,,,,,,,3,100,Washington,,2026-07-26,134,151,86.7
jatavion-sanders-te-tex-2024,2024,Ja'Tavion Sanders,TE,Texas,2,59,Wide Left Consensus Big Board (Arif Hasan) — wideleft.football,6037,245,10.1,32.9,4.69,1.59,,,,4.32,,,,,,,4,101,Carolina,,2026-07-26,58,61,96.4
troy-franklin-wr-ore-2024,2024,Troy Franklin,WR,Oregon,2,39,Wide Left Consensus Big Board (Arif Hasan) — wideleft.football,6017,176,8.8,31.9,4.41,1.61,39,124,,4.31,,,,,,,4,102,Denver,,2026-07-26,40,39,86.5
layden-robinson-iol-tex-2024,2024,Layden Robinson,IOL,Texas A&M,5,175,Wide Left Consensus Big Board (Arif Hasan) — wideleft.football,6034,302,10.5,34.6,,,26.5,111,,,,,,,,,4,103,New England,,2026-07-26,164,175,83.6
dadrion-taylordemerson-s-tex-2024,2024,Dadrion Taylor-Demerson,S,Texas Tech,4,104,Wide Left Consensus Big Board (Arif Hasan) — wideleft.football,5103,197,9.6,30.9,4.41,1.52,38,123,,,,,,,,,4,104,Arizona,,2026-07-26,101,102,107.7
justin-eboigbe-dt-ala-2024,2024,Justin Eboigbe,DT,Alabama,5,152,Wide Left Consensus Big Board (Arif Hasan) — wideleft.football,6043,297,9.8,33.4,5.18,1.8,28,,,,,,,,,,4,105,LA Chargers,,2026-07-26,191,155,83.5
cedric-gray-lb-nor-2024,2024,Cedric Gray,LB,North Carolina,3,99,Wide Left Consensus Big Board (Arif Hasan) — wideleft.football,6014,234,9,32.5,4.64,1.59,35.5,120,,,17,,,,,,4,106,Tennessee,,2026-07-26,86,99,96
theo-johnson-te-pen-2024,2024,Theo Johnson,TE,Penn State,3,91,Wide Left Consensus Big Board (Arif Hasan) — wideleft.football,6061,259,10.3,33,4.57,1.55,39.5,125,,4.19,,,,,,,4,107,New York Giants,,2026-07-26,93,94,91.5
khyree-jackson-cb-ore-2024,2024,Khyree Jackson,CB,Oregon,3,100,Wide Left Consensus Big Board (Arif Hasan) — wideleft.football,6036,194,9.3,32.8,4.5,1.5,36.5,133,,,,,,,,,4,108,Minnesota,,2026-07-26,115,100,103
brandon-dorlus-edge-ore-2024,2024,Brandon Dorlus,EDGE,Oregon,3,80,Wide Left Consensus Big Board (Arif Hasan) — wideleft.football,6030,283,9.4,33.3,4.85,1.68,30.5,111,,4.85,,,,,,,4,109,Atlanta,,2026-07-26,72,83,100.2
javon-baker-wr-ucf-2024,2024,Javon Baker,WR,UCF,3,95,Wide Left Consensus Big Board (Arif Hasan) — wideleft.football,6012,202,9.6,32.3,4.54,1.58,37,121,,,,,,,,,4,110,New England,,2026-07-26,102,92,112.5
evan-williams-s-ore-2024,2024,Evan Williams,S,Oregon,6,197,Wide Left Consensus Big Board (Arif Hasan) — wideleft.football,5112,200,10.1,30.1,4.6,1.55,40.5,126,,,,,,,,,4,111,Green Bay,,2026-07-26,208,203,87.7
decamerion-richardson-cb-mis-2024,2024,Decamerion Richardson,CB,Mississippi State,5,163,Wide Left Consensus Big Board (Arif Hasan) — wideleft.football,6022,188,8.9,32.4,4.34,1.48,35,128,,,,,,,,,4,112,Las Vegas,,2026-07-26,145,173,140.7
devontez-walker-wr-nor-2024,2024,Devontez Walker,WR,North Carolina,3,82,Wide Left Consensus Big Board (Arif Hasan) — wideleft.football,6014,193,9.1,33.3,4.36,1.54,40.5,134,,,,,,,,,4,113,Baltimore,,2026-07-26,81,84,93.5
javon-foster-ot-mis-2024,2024,Javon Foster,OT,Missouri,4,132,Wide Left Consensus Big Board (Arif Hasan) — wideleft.football,6054,313,9.6,34.6,5.3,1.79,32.5,106,,,,,,,,,4,114,Jacksonville,,2026-07-26,116,131,80.6
erick-all-te-iow-2024,2024,Erick All,TE,Iowa,5,155,Wide Left Consensus Big Board (Arif Hasan) — wideleft.football,6043,252,10.1,33,,,,,,,,,,,,,4,115,Cincinnati,,2026-07-26,178,163,88
jordan-jefferson-dt-lsu-2024,2024,Jordan Jefferson,DT,LSU,6,204,Wide Left Consensus Big Board (Arif Hasan) — wideleft.football,6026,313,9.9,33.1,,,31,104,,,34,,,,,,4,116,Jacksonville,,2026-07-26,203,207,86
tanor-bortolini-iol-wis-2024,2024,Tanor Bortolini,IOL,Wisconsin,4,130,Wide Left Consensus Big Board (Arif Hasan) — wideleft.football,6042,303,10,31.5,4.94,1.69,32.5,112,,4.28,21,,,,,,4,117,Indianapolis,,2026-07-26,128,129,131.1
tyrice-knight-lb-ute-2024,2024,Tyrice Knight,LB,UTEP,6,192,Wide Left Consensus Big Board (Arif Hasan) — wideleft.football,6004,233,9.3,32.5,4.63,1.54,34.5,119,,4.4,21,,,,,,4,118,Seattle,,2026-07-26,231,183,81.4
mason-mccormick-iol-sou-2024,2024,Mason McCormick,IOL,South Dakota State,4,121,Wide Left Consensus Big Board (Arif Hasan) — wideleft.football,6042,309,10,32.9,5.08,1.71,35.5,117,,4.45,,,,,,,4,119,Pittsburgh,,2026-07-26,137,118,104.2
jaylen-wright-rb-ten-2024,2024,Jaylen Wright,RB,Tennessee,3,73,Wide Left Consensus Big Board (Arif Hasan) — wideleft.football,5104,210,9.4,31.5,4.38,1.55,38,134,,,,,,,,,4,120,Miami,,2026-07-26,76,74,100.1
aj-barner-te-mic-2024,2024,AJ Barner,TE,Michigan,6,181,Wide Left Consensus Big Board (Arif Hasan) — wideleft.football,6060,251,9,33.4,,,,,,,,,,,,,4,121,Seattle,,2026-07-26,169,180,81
tory-taylor-st-iow-2024,2024,Tory Taylor,ST,Iowa,7,220,Wide Left Consensus Big Board (Arif Hasan) — wideleft.football,6037,223,9,32.1,,,,,,,,,,,,,4,122,Chicago,,2026-07-26,173,269,151.1
cade-stover-te-ohi-2024,2024,Cade Stover,TE,Ohio State,3,98,Wide Left Consensus Big Board (Arif Hasan) — wideleft.football,6037,247,9.8,32.8,4.65,1.59,34.5,117,,4.45,,,,,,,4,123,Houston,,2026-07-26,94,98,84.3
malik-mustapha-s-wak-2024,2024,Malik Mustapha,S,Wake Forest,4,124,Wide Left Consensus Big Board (Arif Hasan) — wideleft.football,5101,209,9,30.1,,,,,,,22,,,,,,4,124,San Francisco,,2026-07-26,111,128,97.2
bucky-irving-rb-ore-2024,2024,Bucky Irving,RB,Oregon,4,123,Wide Left Consensus Big Board (Arif Hasan) — wideleft.football,5090,192,9.5,29.5,4.55,1.54,29.5,115,,,,,,,,,4,125,Tampa Bay,,2026-07-26,120,123,89.9
giovanni-manu-iol-unk-2024,2024,Giovanni Manu,IOL,,7,348,Wide Left Consensus Big Board (Arif Hasan) — wideleft.football,,,,,,,,,,,,,,,,,4,126,Detroit,,2026-07-26,268,363,104.3
will-shipley-rb-cle-2024,2024,Will Shipley,RB,Clemson,4,126,Wide Left Consensus Big Board (Arif Hasan) — wideleft.football,5110,206,9.6,30.3,,,,,,,,,,,,,4,127,Philadelphia,,2026-07-26,139,124,82.3
ray-davis-rb-ken-2024,2024,Ray Davis,RB,Kentucky,4,128,Wide Left Consensus Big Board (Arif Hasan) — wideleft.football,5083,211,8.9,30.3,4.52,1.56,35,119,,4.51,,,,,,,4,128,Buffalo,,2026-07-26,119,127,86
isaac-guerendo-rb-lou-2024,2024,Isaac Guerendo,RB,Louisville,5,164,Wide Left Consensus Big Board (Arif Hasan) — wideleft.football,6000,221,9.3,30.8,4.33,1.55,41.5,129,,4.15,,,,,,,4,129,San Francisco,,2026-07-26,142,152,121.3
tj-tampa-cb-iow-2024,2024,T.J. Tampa,CB,Iowa State,2,55,Wide Left Consensus Big Board (Arif Hasan) — wideleft.football,6007,189,9.6,32.1,,,,,,,,,,,,,4,130,Baltimore,,2026-07-26,61,54,98.2
jared-wiley-te-tcu-2024,2024,Jared Wiley,TE,TCU,4,118,Wide Left Consensus Big Board (Arif Hasan) — wideleft.football,6061,249,9.5,33.3,4.62,1.62,37,118,,,,,,,,,4,131,Kansas City,,2026-07-26,109,122,97.6
sione-vaki-s-uta-2024,2024,Sione Vaki,S,Utah,5,151,Wide Left Consensus Big Board (Arif Hasan) — wideleft.football,5111,210,8.6,29.1,4.62,1.54,39.5,125,,,20,,,,,,4,132,Detroit,,2026-07-26,176,158,89.5
jaden-hicks-s-was-2024,2024,Jaden Hicks,S,Washington State,3,67,Wide Left Consensus Big Board (Arif Hasan) — wideleft.football,6017,211,9.4,31.5,,,37.5,123,,4.37,16,,,,,,4,133,Kansas City,,2026-07-26,68,68,107.1
braelon-allen-rb-wis-2024,2024,Braelon Allen,RB,Wisconsin,4,108,Wide Left Consensus Big Board (Arif Hasan) — wideleft.football,6012,235,9.3,31.3,,,32,117,,,26,,,,,,4,134,New York Jets,,2026-07-26,118,101,91.1
jacob-cowing-wr-ari-2024,2024,Jacob Cowing,WR,Arizona,4,137,Wide Left Consensus Big Board (Arif Hasan) — wideleft.football,5083,168,9,29.3,4.38,1.54,36,119,,4.32,,,,,,,4,135,San Francisco,,2026-07-26,152,135,86.6
nehemiah-pritchett-cb-aub-2024,2024,Nehemiah Pritchett,CB,Auburn,5,141,Wide Left Consensus Big Board (Arif Hasan) — wideleft.football,6001,190,8.4,31.6,4.36,1.49,34.5,,,,,,,,,,5,136,Seattle,,2026-07-26,127,139,84.9
tarheeb-still-cb-mar-2024,2024,Tarheeb Still,CB,Maryland,7,265,Wide Left Consensus Big Board (Arif Hasan) — wideleft.football,5115,189,9.1,29.6,4.52,1.59,38,120,,,,,,,,,5,137,LA Chargers,,2026-07-26,202,275,93
xavier-thomas-edge-cle-2024,2024,Xavier Thomas,EDGE,Clemson,5,158,Wide Left Consensus Big Board (Arif Hasan) — wideleft.football,6022,244,9.1,32.9,4.62,1.65,32.5,120,,,26,,,,,,5,138,Arizona,,2026-07-26,224,164,92.7
jordan-magee-lb-tem-2024,2024,Jordan Magee,LB,Temple,5,174,Wide Left Consensus Big Board (Arif Hasan) — wideleft.football,6013,228,8.8,32,4.55,1.54,35.5,124,,,,,,,,,5,139,Washington,,2026-07-26,161,186,108.3
cam-hart-cb-not-2024,2024,Cam Hart,CB,Notre Dame,3,102,Wide Left Consensus Big Board (Arif Hasan) — wideleft.football,6030,202,9.4,33,4.5,1.57,39.5,130,,4.24,11,,,,,,5,140,LA Chargers,,2026-07-26,114,107,96.7
sedrick-van-prangranger-iol-geo-2024,2024,Sedrick Van Pran-Granger,IOL,Georgia,3,97,Wide Left Consensus Big Board (Arif Hasan) — wideleft.football,6041,298,9.5,31.4,5.2,1.77,,,,4.82,,,,,,,5,141,Buffalo,,2026-07-26,99,95,90.3
anthony-gould-wr-ore-2024,2024,Anthony Gould,WR,Oregon State,6,183,Wide Left Consensus Big Board (Arif Hasan) — wideleft.football,5083,174,8.9,29.6,,1.49,39.5,129,,4.16,,,,,,,5,142,Indianapolis,,2026-07-26,165,185,86.6
jd-bertrand-lb-not-2024,2024,JD Bertrand,LB,Notre Dame,6,200,Wide Left Consensus Big Board (Arif Hasan) — wideleft.football,6007,235,9.8,30.6,,,,,,,20,,,,,,5,143,Atlanta,,2026-07-26,174,196,89.5
austin-booker-edge-kan-2024,2024,Austin Booker,EDGE,Kansas,3,85,Wide Left Consensus Big Board (Arif Hasan) — wideleft.football,6044,240,9.3,33.9,4.79,1.67,32.5,120,,,,,,,,,5,144,Chicago,,2026-07-26,77,85,96.9
kris-abramsdraine-cb-mis-2024,2024,Kris Abrams-Draine,CB,Missouri,3,90,Wide Left Consensus Big Board (Arif Hasan) — wideleft.football,5113,179,8.6,31,4.44,1.53,33.5,,,,,,,,,,5,145,Denver,,2026-07-26,90,93,104.8
jarvis-brownlee-cb-lou-2024,2024,Jarvis Brownlee,CB,Louisville,4,129,Wide Left Consensus Big Board (Arif Hasan) — wideleft.football,5103,194,9,31.3,,,,,,,,,,,,,5,146,Tennessee,,2026-07-26,125,132,100.7
audric-estime-rb-not-2024,2024,Audric Estime,RB,Notre Dame,4,119,Wide Left Consensus Big Board (Arif Hasan) — wideleft.football,5113,221,10.3,32.4,4.71,1.58,38,125,,,23,,,,,,5,147,Denver,,2026-07-26,131,114,91.9
tommy-eichenberg-lb-ohi-2024,2024,Tommy Eichenberg,LB,Ohio State,4,135,Wide Left Consensus Big Board (Arif Hasan) — wideleft.football,6020,233,9.3,31.6,,,32.5,116,,4.24,,,,,,,5,148,Las Vegas,,2026-07-26,150,133,83.6
josh-newton-cb-tcu-2024,2024,Josh Newton,CB,TCU,4,139,Wide Left Consensus Big Board (Arif Hasan) — wideleft.football,5105,190,9.3,31.1,4.51,1.55,34,124,,4.15,15,,,,,,5,149,Cincinnati,,2026-07-26,135,148,94.9
spencer-rattler-qb-sou-2024,2024,Spencer Rattler,QB,South Carolina,3,88,Wide Left Consensus Big Board (Arif Hasan) — wideleft.football,6002,211,9.9,31,4.95,1.63,32,108,,4.37,,,,,,,5,150,New Orleans,,2026-07-26,89,87,100.6
jaylon-carlies-s-mis-2024,2024,Jaylon Carlies,S,Missouri,7,235,Wide Left Consensus Big Board (Arif Hasan) — wideleft.football,6026,227,10,34.5,4.5,1.54,32.5,125,,,20,,,,,,5,151,Indianapolis,,2026-07-26,285,229,86
ainias-smith-wr-tex-2024,2024,Ainias Smith,WR,Texas A&M,5,170,Wide Left Consensus Big Board (Arif Hasan) — wideleft.football,5093,190,8.5,29,,,,,,,21,,,,,,5,152,Philadelphia,,2026-07-26,189,153,79.2
deantre-prince-cb-mis-2024,2024,Deantre Prince,CB,Mississippi,7,242,Wide Left Consensus Big Board (Arif Hasan) — wideleft.football,6000,183,8.5,30.8,4.38,1.47,34.5,125,,,,,,,,,5,153,Jacksonville,,2026-07-26,216,248,83.5
brennan-jackson-edge-was-2024,2024,Brennan Jackson,EDGE,Washington State,5,167,Wide Left Consensus Big Board (Arif Hasan) — wideleft.football,6037,264,9.8,32.8,4.69,1.62,33.5,114,,,21,,,,,,5,154,LA Rams,,2026-07-26,140,169,92.3
jeremiah-trotter-lb-cle-2024,2024,Jeremiah Trotter,LB,Clemson,3,89,Wide Left Consensus Big Board (Arif Hasan) — wideleft.football,6000,228,9.3,31.5,,,,,,4.4,21,,,,,,5,155,Philadelphia,,2026-07-26,83,91,100.3
jamari-thrash-wr-lou-2024,2024,Jamari Thrash,WR,Louisville,4,131,Wide Left Consensus Big Board (Arif Hasan) — wideleft.football,5116,188,8.6,31,4.46,1.54,34,120,,,,,,,,,5,156,Cleveland,,2026-07-26,147,130,81.6
chau-smithwade-cb-was-2024,2024,Chau Smith-Wade,CB,Washington State,6,184,Wide Left Consensus Big Board (Arif Hasan) — wideleft.football,5096,184,9.1,30.3,4.54,1.55,34.5,125,,4.32,18,,,,,,5,157,Carolina,,2026-07-26,200,178,84
mohamed-kamara-edge-col-2024,2024,Mohamed Kamara,EDGE,Colorado State,4,103,Wide Left Consensus Big Board (Arif Hasan) — wideleft.football,6013,248,8.6,32.4,4.57,1.58,34.5,123,,,23,,,,,,5,158,Miami,,2026-07-26,112,111,100.4
hunter-nourzad-iol-pen-2024,2024,Hunter Nourzad,IOL,Penn State,5,142,Wide Left Consensus Big Board (Arif Hasan) — wideleft.football,6031,317,10.8,33.1,,,,,,,27,,,,,,5,159,Kansas City,,2026-07-26,132,150,96.6
edefuan-ulofoshio-lb-was-2024,2024,Edefuan Ulofoshio,LB,Washington,5,168,Wide Left Consensus Big Board (Arif Hasan) — wideleft.football,6004,236,9.3,32.9,4.56,1.59,39.5,128,,,,,,,,,5,160,Buffalo,,2026-07-26,159,157,90
dominique-hampton-s-was-2024,2024,Dominique Hampton,S,Washington,6,182,Wide Left Consensus Big Board (Arif Hasan) — wideleft.football,6023,215,10,33.3,4.51,1.55,39,122,,4.14,,,,,,,5,161,Washington,,2026-07-26,149,179,89.7
christian-jones-ot-tex-2024,2024,Christian Jones,OT,Texas,4,120,Wide Left Consensus Big Board (Arif Hasan) — wideleft.football,6052,305,10.6,34.5,5.04,1.78,,,,4.78,20,,,,,,5,162,Arizona,,2026-07-26,113,120,93.8
jacob-monk-iol-duk-2024,2024,Jacob Monk,IOL,Duke,7,272,Wide Left Consensus Big Board (Arif Hasan) — wideleft.football,6030,308,10,32.4,5.09,1.66,29.5,108,,,,,,,,,5,163,Green Bay,,2026-07-26,194,292,85.1
jaylin-simpson-s-aub-2024,2024,Jaylin Simpson,S,Auburn,5,162,Wide Left Consensus Big Board (Arif Hasan) — wideleft.football,5115,179,9.9,32.4,4.45,1.51,39.5,133,,,,,,,,,5,164,Indianapolis,,2026-07-26,146,145,77.5
rasheen-ali-rb-mar-2024,2024,Rasheen Ali,RB,Marshall,6,198,Wide Left Consensus Big Board (Arif Hasan) — wideleft.football,5112,206,8.6,31.3,,,,,,,,,,,,,5,165,Baltimore,,2026-07-26,209,204,87.3
tyrone-tracy-rb-pur-2024,2024,Tyrone Tracy,RB,Purdue,5,161,Wide Left Consensus Big Board (Arif Hasan) — wideleft.football,5111,209,9.1,31.8,4.48,1.53,40,124,,4.06,,,,,,,5,166,New York Giants,,2026-07-26,166,149,107
keilan-robinson-rb-tex-2024,2024,Keilan Robinson,RB,Texas,7,331,Wide Left Consensus Big Board (Arif Hasan) — wideleft.football,5083,191,9.6,30.6,4.42,1.51,33,125,,,,,,,,,5,167,Jacksonville,,2026-07-26,335,329,81.7
javon-solomon-edge-tro-2024,2024,Javon Solomon,EDGE,Troy,5,147,Wide Left Consensus Big Board (Arif Hasan) — wideleft.football,6007,246,10.8,33.9,4.72,1.66,37,119,,,23,,,,,,5,168,Buffalo,,2026-07-26,151,143,84.4
kitan-oladapo-s-ore-2024,2024,Kitan Oladapo,S,Oregon State,5,144,Wide Left Consensus Big Board (Arif Hasan) — wideleft.football,6020,216,9.3,32.4,4.58,1.59,36,117,,,15,,,,,,5,169,Green Bay,,2026-07-26,153,141,95.5
bub-means-wr-pit-2024,2024,Bub Means,WR,Pittsburgh,6,209,Wide Left Consensus Big Board (Arif Hasan) — wideleft.football,6010,212,10.1,33.3,4.43,1.55,39.5,122,,,19,,,,,,5,170,New Orleans,,2026-07-26,196,215,87.3
jordan-travis-qb-flo-2024,2024,Jordan Travis,QB,Florida State,5,178,Wide Left Consensus Big Board (Arif Hasan) — wideleft.football,6011,200,9,31.4,,,,,,,,,,,,,5,171,New York Jets,,2026-07-26,233,181,90.2
trevor-keegan-iol-mic-2024,2024,Trevor Keegan,IOL,Michigan,6,191,Wide Left Consensus Big Board (Arif Hasan) — wideleft.football,6053,310,10,32.4,5.24,1.78,30.5,107,,,,,,,,,5,172,Philadelphia,,2026-07-26,193,192,77.9
isaiah-davis-rb-sou-2024,2024,Isaiah Davis,RB,South Dakota State,6,188,Wide Left Consensus Big Board (Arif Hasan) — wideleft.football,6002,218,10.3,31.1,4.57,1.58,34.5,119,,,23,,,,,,5,173,New York Jets,,2026-07-26,204,176,86.5
caelen-carson-cb-wak-2024,2024,Caelen Carson,CB,Wake Forest,4,116,Wide Left Consensus Big Board (Arif Hasan) — wideleft.football,5117,199,8.3,31.4,,,,,,,,,,,,,5,174,Dallas,,2026-07-26,105,116,96.4
jaylan-ford-lb-tex-2024,2024,Jaylan Ford,LB,Texas,5,166,Wide Left Consensus Big Board (Arif Hasan) — wideleft.football,6020,240,9.5,31.8,,,33.5,121,,,,,,,,,5,175,New Orleans,,2026-07-26,160,147,79.2
qwantez-stiggers-cb-unk-2024,2024,Qwan'tez Stiggers,CB,,7,226,Wide Left Consensus Big Board (Arif Hasan) — wideleft.football,,,,,,,,,,,,,,,,,5,176,New York Jets,,2026-07-26,237,252,121.5
walter-rouse-ot-okl-2024,2024,Walter Rouse,OT,Oklahoma,6,187,Wide Left Consensus Big Board (Arif Hasan) — wideleft.football,6056,313,10.1,35.1,,,,,,,,,,,,,6,177,Minnesota,,2026-07-26,212,184,83.3
logan-lee-edge-iow-2024,2024,Logan Lee,EDGE,Iowa,7,237,Wide Left Consensus Big Board (Arif Hasan) — wideleft.football,6053,281,10.3,32.3,5.05,1.77,31.5,114,,4.37,25,,,,,,6,178,Pittsburgh,,2026-07-26,226,216,79.7
sataoa-laumea-ot-uta-2024,2024,Sataoa Laumea,OT,Utah,5,157,Wide Left Consensus Big Board (Arif Hasan) — wideleft.football,6042,319,9.9,32.9,,,26,104,,,26,,,,,,6,179,Seattle,,2026-07-26,144,160,108.4
marcellas-dial-cb-sou-2024,2024,Marcellas Dial,CB,South Carolina,7,241,Wide Left Consensus Big Board (Arif Hasan) — wideleft.football,5116,190,8.9,32,4.46,1.55,40.5,129,,,,,,,,,6,180,New England,,2026-07-26,257,249,83.8
kimani-vidal-rb-tro-2024,2024,Kimani Vidal,RB,Troy,6,196,Wide Left Consensus Big Board (Arif Hasan) — wideleft.football,5077,213,9.4,30.4,4.46,1.53,37.5,120,,4.15,18,,,,,,6,181,LA Chargers,,2026-07-26,273,197,97.8
jhaquan-jackson-wr-tul-2024,2024,Jha'Quan Jackson,WR,Tulane,6,207,Wide Left Consensus Big Board (Arif Hasan) — wideleft.football,5091,188,8.9,30.9,4.42,1.55,32,118,,,12,,,,,,6,182,Tennessee,,2026-07-26,188,213,74.3
darius-muasau-lb-ucl-2024,2024,Darius Muasau,LB,UCLA,7,246,Wide Left Consensus Big Board (Arif Hasan) — wideleft.football,5117,225,9.5,31.5,4.7,1.59,36.5,117,,,,,,,,,6,183,New York Giants,,2026-07-26,214,228,83.7
malik-washington-wr-vir-2024,2024,Malik Washington,WR,Virginia,3,101,Wide Left Consensus Big Board (Arif Hasan) — wideleft.football,5084,191,9.3,30.4,4.47,1.53,42.5,126,,,19,,,,,,6,184,Miami,,2026-07-26,107,105,127.9
johnny-wilson-wr-flo-2024,2024,Johnny Wilson,WR,Florida State,4,107,Wide Left Consensus Big Board (Arif Hasan) — wideleft.football,6063,231,10,35.4,4.52,1.55,37,128,,4.11,,,,,,,6,185,Philadelphia,,2026-07-26,117,106,92.9
jase-mcclellan-rb-ala-2024,2024,Jase McClellan,RB,Alabama,7,227,Wide Left Consensus Big Board (Arif Hasan) — wideleft.football,5103,221,10.3,31.1,,,,,,,20,,,,,,6,186,Atlanta,,2026-07-26,248,219,79.9
casey-washington-wr-unk-2024,2024,Casey Washington,WR,,7,346,Wide Left Consensus Big Board (Arif Hasan) — wideleft.football,,,,,,,,,,,,,,,,,6,187,Atlanta,,2026-07-26,299,345,92.3
jamal-hill-lb-unk-2024,2024,Jamal Hill,LB,,7,380,Wide Left Consensus Big Board (Arif Hasan) — wideleft.football,,,,,,,,,,,,,,,,,6,188,Houston,,2026-07-26,302,428,94.7
mekhi-wingo-dt-lsu-2024,2024,Mekhi Wingo,DT,LSU,4,109,Wide Left Consensus Big Board (Arif Hasan) — wideleft.football,6002,284,9.3,32,4.85,1.64,31.5,109,,,25,,,,,,6,189,Detroit,,2026-07-26,97,113,88.2
dylan-mcmahon-iol-nc-2024,2024,Dylan McMahon,IOL,N.C. State,7,222,Wide Left Consensus Big Board (Arif Hasan) — wideleft.football,6033,299,9.4,31.8,5.1,1.75,33,115,,4.45,,,,,,,6,190,Philadelphia,,2026-07-26,234,222,88.1
tejhaun-palmer-wr-unk-2024,2024,Tejhaun Palmer,WR,,7,336,Wide Left Consensus Big Board (Arif Hasan) — wideleft.football,,,,,,,,,,,,,,,,,6,191,Arizona,,2026-07-26,421,331,97.4
dj-james-cb-aub-2024,2024,D.J. James,CB,Auburn,4,113,Wide Left Consensus Big Board (Arif Hasan) — wideleft.football,5115,175,8.4,31,4.42,1.5,,,,,,,,,,,6,192,Seattle,,2026-07-26,88,108,103.7
joe-milton-qb-ten-2024,2024,Joe Milton,QB,Tennessee,6,185,Wide Left Consensus Big Board (Arif Hasan) — wideleft.football,6051,235,10.3,33.4,,,35,121,,,,,,,,,6,193,New England,,2026-07-26,190,190,94.3
tanner-mclachlan-te-ari-2024,2024,Tanner McLachlan,TE,Arizona,5,176,Wide Left Consensus Big Board (Arif Hasan) — wideleft.football,6051,244,9.4,31.6,4.61,1.58,35,117,,,,,,,,,6,194,Cincinnati,,2026-07-26,141,182,102.6
ryan-watts-cb-tex-2024,2024,Ryan Watts,CB,Texas,7,252,Wide Left Consensus Big Board (Arif Hasan) — wideleft.football,6027,208,9.4,34.5,4.53,1.55,40.5,125,,4.13,,,,,,,6,195,Pittsburgh,,2026-07-26,288,242,83.1
tyler-davis-dt-cle-2024,2024,Tyler Davis,DT,Clemson,5,172,Wide Left Consensus Big Board (Arif Hasan) — wideleft.football,6020,301,9.3,31.4,5.02,1.72,28.5,108,,5,29,,,,,,6,196,LA Rams,,2026-07-26,172,156,80.9
zion-logue-dt-geo-2024,2024,Zion Logue,DT,Georgia,7,339,Wide Left Consensus Big Board (Arif Hasan) — wideleft.football,6055,314,10,33.5,5.14,1.82,29,109,,4.92,,,,,,,6,197,Atlanta,,2026-07-26,355,341,73.4
patrick-mcmorris-s-cal-2024,2024,Patrick McMorris,S,Cal,7,345,Wide Left Consensus Big Board (Arif Hasan) — wideleft.football,6001,207,9.8,31.9,,,31,112,,,14,,,,,,6,198,Miami,,2026-07-26,324,349,75.1
khristian-boyd-dt-unk-2024,2024,Khristian Boyd,DT,,5,177,Wide Left Consensus Big Board (Arif Hasan) — wideleft.football,,,,,,,,,,,,,,,,,6,199,New Orleans,,2026-07-26,201,193,138.3
jaden-crumedy-dt-mis-2024,2024,Jaden Crumedy,DT,Mississippi State,7,239,Wide Left Consensus Big Board (Arif Hasan) — wideleft.football,6037,301,10.5,33,4.97,1.69,29.5,105,,4.66,,,,,,,6,200,Carolina,,2026-07-26,210,246,81.6
micah-abraham-cb-unk-2024,2024,Micah Abraham,CB,,7,373,Wide Left Consensus Big Board (Arif Hasan) — wideleft.football,,,,,,,,,,,,,,,,,6,201,Indianapolis,,2026-07-26,305,393,108.8
travis-glover-ot-unk-2024,2024,Travis Glover,OT,,7,267,Wide Left Consensus Big Board (Arif Hasan) — wideleft.football,,,,,,,,,,,,,,,,,6,202,Green Bay,,2026-07-26,255,298,107.5
will-reichard-st-ala-2024,2024,Will Reichard,ST,Alabama,7,283,Wide Left Consensus Big Board (Arif Hasan) — wideleft.football,6007,187,8.5,31,,,,,,,,,,,,,6,203,Minnesota,,2026-07-26,229,295,107.4
tylan-grable-ot-ucf-2024,2024,Tylan Grable,OT,UCF,7,251,Wide Left Consensus Big Board (Arif Hasan) — wideleft.football,6056,306,10.1,33.6,4.95,1.69,36.5,117,,,,,,,,,6,204,Buffalo,,2026-07-26,239,259,89.7
jawhar-jordan-rb-lou-2024,2024,Jawhar Jordan,RB,Louisville,7,257,Wide Left Consensus Big Board (Arif Hasan) — wideleft.football,5094,193,8.5,30.1,4.56,1.54,,,,,,,,,,,6,205,Houston,,2026-07-26,286,258,85.4
nathaniel-watson-lb-mis-2024,2024,Nathaniel Watson,LB,Mississippi State,6,199,Wide Left Consensus Big Board (Arif Hasan) — wideleft.football,6022,233,9.9,32.9,4.63,1.63,31,111,,,,,,,,,6,206,Cleveland,,2026-07-26,167,211,88.6
michael-jerrell-ot-unk-2024,2024,Michael Jerrell,OT,,7,472,Wide Left Consensus Big Board (Arif Hasan) — wideleft.football,,,,,,,,,,,,,,,,,6,207,Seattle,,2026-07-26,346,596,78
dylan-laube-rb-new-2024,2024,Dylan Laube,RB,New Hampshire,5,173,Wide Left Consensus Big Board (Arif Hasan) — wideleft.football,5097,206,9.3,29.4,4.54,1.52,37,118,,4.02,23,,,,,,6,208,Las Vegas,,2026-07-26,183,174,89.9
joshua-karty-st-sta-2024,2024,Joshua Karty,ST,Stanford,7,269,Wide Left Consensus Big Board (Arif Hasan) — wideleft.football,6017,207,9.1,31.5,,,,,,,,,,,,,6,209,LA Rams,,2026-07-26,235,303,113.4
christian-mahogany-iol-bos-2024,2024,Christian Mahogany,IOL,Boston College,3,93,Wide Left Consensus Big Board (Arif Hasan) — wideleft.football,6033,314,10.5,33.5,5.13,1.74,32.5,109,,4.53,,,,,,,6,210,Detroit,,2026-07-26,133,88,109.5
kamal-hadden-cb-ten-2024,2024,Kamal Hadden,CB,Tennessee,6,203,Wide Left Consensus Big Board (Arif Hasan) — wideleft.football,6010,196,8.5,30.9,,,,,,,,,,,,,6,211,Kansas City,,2026-07-26,249,221,109.7
cam-little-st-ark-2024,2024,Cam Little,ST,Arkansas,7,326,Wide Left Consensus Big Board (Arif Hasan) — wideleft.football,6010,172,9.3,30.5,,,,,,,,,,,,,6,212,Jacksonville,,2026-07-26,309,328,105.2
jordan-whittington-wr-tex-2024,2024,Jordan Whittington,WR,Texas,7,240,Wide Left Consensus Big Board (Arif Hasan) — wideleft.football,6005,205,10,30.4,,,,,,,18,,,,,,6,213,LA Rams,,2026-07-26,256,243,79.2
cedric-johnson-edge-mis-2024,2024,Cedric Johnson,EDGE,Mississippi,5,148,Wide Left Consensus Big Board (Arif Hasan) — wideleft.football,6030,260,9.9,33.5,4.63,1.61,38,122,,,25,,,,,,6,214,Cincinnati,,2026-07-26,129,159,83.1
jarrett-kingston-iol-usc-2024,2024,Jarrett Kingston,IOL,USC,7,297,Wide Left Consensus Big Board (Arif Hasan) — wideleft.football,6042,306,9.8,32.1,5.02,1.73,31.5,111,,4.47,32,,,,,,6,215,San Francisco,,2026-07-26,361,297,83.8
ryan-flournoy-wr-se-2024,2024,Ryan Flournoy,WR,SE Missouri State,7,231,Wide Left Consensus Big Board (Arif Hasan) — wideleft.football,6006,202,10.1,31.6,4.44,1.53,39.5,132,,,19,,,,,,6,216,Dallas,,2026-07-26,240,231,101
beaux-limmer-iol-ark-2024,2024,Beaux Limmer,IOL,Arkansas,4,122,Wide Left Consensus Big Board (Arif Hasan) — wideleft.football,6045,302,9.5,31.9,5.22,1.75,36.5,110,,4.57,39,,,,,,6,217,LA Rams,,2026-07-26,158,121,88.3
devin-leary-qb-ken-2024,2024,Devin Leary,QB,Kentucky,7,254,Wide Left Consensus Big Board (Arif Hasan) — wideleft.football,6012,215,9.5,30.9,,,,,,,,,,,,,6,218,Baltimore,,2026-07-26,246,238,79.5
daequan-hardy-cb-pen-2024,2024,Daequan Hardy,CB,Penn State,7,248,Wide Left Consensus Big Board (Arif Hasan) — wideleft.football,5093,179,8.1,30,4.38,1.5,42.5,126,,,,,,,,,6,219,Buffalo,,2026-07-26,230,247,83.1
elijah-klein-iol-unk-2024,2024,Elijah Klein,IOL,,7,363,Wide Left Consensus Big Board (Arif Hasan) — wideleft.football,,,,,,,,,,,,,,,,,6,220,Tampa Bay,,2026-07-26,368,367,107.1
travis-clayton-ot-unk-2024,2024,Travis Clayton,OT,,7,524,Wide Left Consensus Big Board (Arif Hasan) — wideleft.football,,,,,,,,,,,,,,,,,7,221,Buffalo,,2026-07-26,420,547,98.6
javontae-jeanbaptiste-edge-not-2024,2024,Javontae Jean-Baptiste,EDGE,Notre Dame,7,228,Wide Left Consensus Big Board (Arif Hasan) — wideleft.football,6045,239,10,33.8,4.66,1.65,34.5,127,,,,,,,,,7,222,Washington,,2026-07-26,267,209,71
trey-taylor-s-unk-2024,2024,Trey Taylor,S,,7,223,Wide Left Consensus Big Board (Arif Hasan) — wideleft.football,,,,,,,,,,,,,,,,,7,223,Las Vegas,,2026-07-26,242,241,103.6
daijahn-anthony-s-mis-2024,2024,Daijahn Anthony,S,Mississippi,7,262,Wide Left Consensus Big Board (Arif Hasan) — wideleft.football,6000,195,9,32.5,4.55,1.51,37,116,,,,,,,,,7,224,Cincinnati,,2026-07-26,278,251,81.2
brenden-rice-wr-usc-2024,2024,Brenden Rice,WR,USC,4,106,Wide Left Consensus Big Board (Arif Hasan) — wideleft.football,6023,208,9.6,33,4.5,1.55,36.5,119,,,13,,,,,,7,225,LA Chargers,,2026-07-26,103,112,88.7
jaden-davis-cb-unk-2024,2024,Jaden Davis,CB,,7,454,Wide Left Consensus Big Board (Arif Hasan) — wideleft.football,,,,,,,,,,,,,,,,,7,226,Arizona,,2026-07-26,457,448,83.3
myles-harden-cb-sou-2024,2024,Myles Harden,CB,South Dakota,6,214,Wide Left Consensus Big Board (Arif Hasan) — wideleft.football,5107,195,9.4,29.9,4.5,1.62,35.5,118,,3.98,13,,,,,,7,227,Cleveland,,2026-07-26,180,212,102.8
nick-samac-iol-mic-2024,2024,Nick Samac,IOL,Michigan State,7,281,Wide Left Consensus Big Board (Arif Hasan) — wideleft.football,6040,307,9.8,32.8,,,,,,,,,,,,,7,228,Baltimore,,2026-07-26,327,290,90.6
mj-devonshire-cb-pit-2024,2024,M.J. Devonshire,CB,Pittsburgh,6,201,Wide Left Consensus Big Board (Arif Hasan) — wideleft.football,5106,186,8.8,32.9,4.45,1.54,38.5,124,,4.35,,,,,,,7,229,Las Vegas,,2026-07-26,171,200,89.8
michael-jurgens-iol-unk-2024,2024,Michael Jurgens,IOL,,7,374,Wide Left Consensus Big Board (Arif Hasan) — wideleft.football,,,,,,,,,,,,,,,,,7,230,Minnesota,,2026-07-26,489,369,99.2
jaheim-bell-te-flo-2024,2024,Jaheim Bell,TE,Florida State,5,149,Wide Left Consensus Big Board (Arif Hasan) — wideleft.football,6020,241,10,33,4.61,1.58,35,124,,,,,,,,,7,231,New England,,2026-07-26,181,138,84.8
levi-drake-rodriguez-dt-unk-2024,2024,Levi Drake Rodriguez,DT,,7,449,Wide Left Consensus Big Board (Arif Hasan) — wideleft.football,,,,,,,,,,,,,,,,,7,232,Minnesota,,2026-07-26,421,445,89.9
nathan-thomas-iol-lou-2024,2024,Nathan Thomas,IOL,Louisiana,6,213,Wide Left Consensus Big Board (Arif Hasan) — wideleft.football,6050,332,10.8,33.8,5.19,1.76,25,107,,,,,,,,,7,233,Dallas,,2026-07-26,185,218,95.4
jonah-laulu-dt-unk-2024,2024,Jonah Laulu,DT,,7,440,Wide Left Consensus Big Board (Arif Hasan) — wideleft.football,,,,,,,,,,,,,,,,,7,234,Indianapolis,,2026-07-26,372,476,96.7
devaughn-vele-wr-uta-2024,2024,Devaughn Vele,WR,Utah,7,299,Wide Left Consensus Big Board (Arif Hasan) — wideleft.football,6040,203,9.8,33.5,4.47,1.53,36,126,,,,,,,,,7,235,Denver,,2026-07-26,260,311,84.8
myles-cole-edge-tex-2024,2024,Myles Cole,EDGE,Texas Tech,6,190,Wide Left Consensus Big Board (Arif Hasan) — wideleft.football,6060,278,9.9,36.9,4.67,1.65,35,120,,,,,,,,,7,236,Jacksonville,,2026-07-26,179,198,79.1
matt-lee-iol-mia-2024,2024,Matt Lee,IOL,Miami,6,216,Wide Left Consensus Big Board (Arif Hasan) — wideleft.football,6035,301,9.3,32.1,5.03,1.76,31,111,,,,,,,,,7,237,Cincinnati,,2026-07-26,227,234,84.4
solomon-byrd-edge-usc-2024,2024,Solomon Byrd,EDGE,USC,7,315,Wide Left Consensus Big Board (Arif Hasan) — wideleft.football,6027,255,9.8,33.6,,,,,,,,,,,,,7,238,Houston,,2026-07-26,347,293,78.6
josiah-ezirim-ot-eas-2024,2024,Josiah Ezirim,OT,Eastern Kentucky,7,289,Wide Left Consensus Big Board (Arif Hasan) — wideleft.football,6056,329,10.8,35.8,,,,,,,28,,,,,,7,239,New Orleans,,2026-07-26,269,281,84.6
michael-barrett-lb-mic-2024,2024,Michael Barrett,LB,Michigan,7,245,Wide Left Consensus Big Board (Arif Hasan) — wideleft.football,5113,233,8.5,32.1,,,,,,,,,,,,,7,240,Carolina,,2026-07-26,264,237,75.3
tahj-washington-wr-usc-2024,2024,Tahj Washington,WR,USC,6,179,Wide Left Consensus Big Board (Arif Hasan) — wideleft.football,5096,174,8.4,29.1,,,35,122,,,,,,,,,7,241,Miami,,2026-07-26,195,167,86.7
james-williams-s-mia-2024,2024,James Williams,S,Miami,5,160,Wide Left Consensus Big Board (Arif Hasan) — wideleft.football,6042,231,9.5,33.6,4.65,1.59,30,117,,,,,,,,,7,242,Tennessee,,2026-07-26,187,165,90.8
jowon-briggs-edge-unk-2024,2024,Jowon Briggs,EDGE,,7,313,Wide Left Consensus Big Board (Arif Hasan) — wideleft.football,,,,,,,,,,,,,,,,,7,243,Cleveland,,2026-07-26,366,288,78
justin-rogers-dt-aub-2024,2024,Justin Rogers,DT,Auburn,7,276,Wide Left Consensus Big Board (Arif Hasan) — wideleft.football,6024,330,10.1,33,,,24.5,99,,4.87,21,,,,,,7,244,Dallas,,2026-07-26,251,262,87.9
michael-pratt-qb-tul-2024,2024,Michael Pratt,QB,Tulane,4,127,Wide Left Consensus Big Board (Arif Hasan) — wideleft.football,6024,217,9.3,30.8,,,36,114,,4.23,,,,,,,7,245,Green Bay,,2026-07-26,121,126,112.1
devin-culp-te-was-2024,2024,Devin Culp,TE,Washington,7,277,Wide Left Consensus Big Board (Arif Hasan) — wideleft.football,6031,231,9.3,32.9,4.47,1.55,,,,,,,,,,,7,246,Tampa Bay,,2026-07-26,284,270,83.3
marcus-harris-dt-aub-2024,2024,Marcus Harris,DT,Auburn,6,211,Wide Left Consensus Big Board (Arif Hasan) — wideleft.football,6023,286,9.6,32,5.06,1.77,29.5,103,,,27,,,,,,7,247,Houston,,2026-07-26,186,202,76.9
cj-hanson-iol-hol-2024,2024,C.J. Hanson,IOL,Holy Cross,7,264,Wide Left Consensus Big Board (Arif Hasan) — wideleft.football,6050,300,9.4,32.4,5.01,1.76,33.5,115,,,,,,,,,7,248,Kansas City,,2026-07-26,245,257,89.1
ladarius-henderson-iol-mic-2024,2024,LaDarius Henderson,IOL,Michigan,7,247,Wide Left Consensus Big Board (Arif Hasan) — wideleft.football,6041,309,10.6,35,,,,,,,20,,,,,,7,249,Houston,,2026-07-26,220,240,82.7
sanoussi-kane-s-unk-2024,2024,Sanoussi Kane,S,,7,383,Wide Left Consensus Big Board (Arif Hasan) — wideleft.football,,,,,,,,,,,,,,,,,7,250,Baltimore,,2026-07-26,421,378,88.2
tatum-bethune-lb-flo-2024,2024,Tatum Bethune,LB,Florida State,7,285,Wide Left Consensus Big Board (Arif Hasan) — wideleft.football,5114,229,10,32.4,,,,,,,16,,,,,,7,251,San Francisco,,2026-07-26,295,277,88.6
jaylen-harrell-edge-mic-2024,2024,Jaylen Harrell,EDGE,Michigan,6,195,Wide Left Consensus Big Board (Arif Hasan) — wideleft.football,6036,250,9.8,33.3,,,37,118,,,,,,,,,7,252,Tennessee,,2026-07-26,184,189,85.1
cornelius-johnson-wr-mic-2024,2024,Cornelius Johnson,WR,Michigan,6,194,Wide Left Consensus Big Board (Arif Hasan) — wideleft.football,6026,212,8.6,31.9,4.44,1.55,37,127,,,,,,,,,7,253,LA Chargers,,2026-07-26,192,199,75.5
kt-leveston-iol-kan-2024,2024,KT Leveston,IOL,Kansas State,7,249,Wide Left Consensus Big Board (Arif Hasan) — wideleft.football,6037,326,9.9,34.4,5.38,1.85,27.5,108,,4.89,25,,,,,,7,254,LA Rams,,2026-07-26,266,245,97
kalen-king-cb-pen-2024,2024,Kalen King,CB,Penn State,5,156,Wide Left Consensus Big Board (Arif Hasan) — wideleft.football,5112,191,8.8,30.9,4.61,1.54,37,122,,4.16,,,,,,,7,255,Green Bay,,2026-07-26,206,162,94.2
nick-gargiulo-iol-sou-2024,2024,Nick Gargiulo,IOL,South Carolina,7,288,Wide Left Consensus Big Board (Arif Hasan) — wideleft.football,6053,318,10.4,33.9,5.25,1.78,32.5,101,,,28,,,,,,7,256,Denver,,2026-07-26,287,291,95.3
jaylen-key-s-ala-2024,2024,Jaylen Key,S,Alabama,7,323,Wide Left Consensus Big Board (Arif Hasan) — wideleft.football,6006,208,9.6,32.3,4.6,1.59,36.5,130,,,,,,,,,7,257,New York Jets,,2026-07-26,322,322,79.8
aj-brown-wr-mis-2019,2019,A.J. Brown,WR,Mississippi,1,28,"Jack Lichtenstein Consensus Big Board — 14 of 17 component boards, re-averaged",6004,226,9.75,32.875,4.49,,36.5,120,,,19,,,,,,2,51,Tennessee,,2026-05-04,,,
aj-dillon-rb-bos-2020,2020,A.J. Dillon,RB,Boston College,4,113,Wide Left Consensus Big Board (Arif Hasan) — wideleft.football,6003,247,9.625,31.625,4.53,,41,131,7.19,,23,,,,,,2,62,Green Bay,,2026-07-26,111,116,
aj-epenesa-edge-iow-2020,2020,A.J. Epenesa,EDGE,Iowa,1,23,Wide Left Consensus Big Board (Arif Hasan) — wideleft.football,6051,275,10.125,34.5,5.04,1.78,32.5,117,7.34,4.46,17,,,,,,2,54,Buffalo,,2026-07-26,27,22,
aj-green-cb-okl-2020,2020,A.J. Green,CB,Oklahoma State,5,169,Wide Left Consensus Big Board (Arif Hasan) — wideleft.football,6014,202,9,30.875,4.62,,,,,,13,,,,,,,,,,2026-07-26,155,173,
aj-jefferson-edge--2017,2017,A.J. Jefferson,EDGE,,,,Wide Left Consensus Big Board (Arif Hasan) — wideleft.football,,,,,,,,,,,,,,,,,,,,,2026-07-26,,,
aj-terrell-cb-cle-2020,2020,A.J. Terrell,CB,Clemson,2,38,Wide Left Consensus Big Board (Arif Hasan) — wideleft.football,6010,195,,,4.42,,34.5,129,,,15,,,,,,1,16,Atlanta,,2026-07-26,36,43,
aj-wolf-dt--2017,2017,A.J. Wolf,DT,,,,Wide Left Consensus Big Board (Arif Hasan) — wideleft.football,,,,,,,,,,,,,,,,,,,,,2026-07-26,,,
at-perry-wr-wak-2023,2023,A.T. Perry,WR,Wake Forest,3,97,"Jack Lichtenstein Consensus Big Board — 14 of 17 component boards, re-averaged",6034,198,9.25,33.25,4.47,,35,133,,,,,,,,,6,195,New Orleans,,2026-05-04,,,
aarion-penton-cb--2017,2017,Aarion Penton,CB,,7,283,Wide Left Consensus Big Board (Arif Hasan) — wideleft.football,,,,,,,,,,,,,,,,,,,,,2026-07-26,300,291,88.6
aaron-banks-iol-not-2021,2021,Aaron Banks,IOL,Notre Dame,3,90,Wide Left Consensus Big Board (Arif Hasan) — wideleft.football,6050,325,,,5.32,,31,100,7.69,4.89,24,,,,,,2,48,San Francisco,,2026-07-26,80,97,105.2
aaron-burbridge-wr-mic-2016,2016,Aaron Burbridge,WR,Michigan State,5,164,Wide Left Consensus Big Board (Arif Hasan) — wideleft.football,6000,206,8.25,31.625,4.56,,30.5,115,7.22,4.31,20,,,,,,6,213,San Francisco,,2026-07-26,,,91.3
aaron-cooper-lb--2017,2017,Aaron Cooper,LB,,,,Wide Left Consensus Big Board (Arif Hasan) — wideleft.football,,,,,,,,,,,,,,,,,,,,,2026-07-26,,,
aaron-crawford-dt--2020,2020,Aaron Crawford,DT,,,,Wide Left Consensus Big Board (Arif Hasan) — wideleft.football,,,,,,,,,,,,,,,,,,,,,2026-07-26,,,
aaron-curry-dt-wak-2017,2017,Aaron Curry,DT,Wake Forest,,,Wide Left Consensus Big Board (Arif Hasan) — wideleft.football,,,,,,,,,,,,,,,,,,,,,2026-07-26,,,
aaron-evans-iol--2018,2018,Aaron Evans,IOL,,,,Wide Left Consensus Big Board (Arif Hasan) — wideleft.football,,,,,,,,,,,,,,,,,,,,,2026-07-26,,,
aaron-frost-iol--2022,2022,Aaron Frost,IOL,,,,Wide Left Consensus Big Board (Arif Hasan) — wideleft.football,,,,,,,,,,,,,,,,,,,,,2026-08-06,,,
aaron-fuller-wr-was-2020,2020,Aaron Fuller,WR,Washington,,,Wide Left Consensus Big Board (Arif Hasan) — wideleft.football,5106,188,8.875,29.75,4.59,1.59,34,118,7.14,,,,,,,,,,,,2026-07-26,,,
aaron-green-rb--2016,2016,Aaron Green,RB,,7,235,Wide Left Consensus Big Board (Arif Hasan) — wideleft.football,,,,,,,,,,,,,,,,,,,,,2026-07-26,,,84.8
aaron-hansford-lb-tex-2022,2022,Aaron Hansford,LB,Texas A&M,6,195,Wide Left Consensus Big Board (Arif Hasan) — wideleft.football,6022,239,10.125,32.375,,,,,,,24,,,,,,,,,,2026-08-06,165,198,90.6
aaron-jones-rb-tex-2017,2017,Aaron Jones,RB,Texas-El Paso,7,235,Wide Left Consensus Big Board (Arif Hasan) — wideleft.football,5094,208,9.5,32.5,4.56,,37.5,127,6.82,4.2,16,,,,,,5,182,Green Bay,,2026-07-26,272,203,94.2
aaron-morris-iol--2016,2016,Aaron Morris,IOL,,,,Wide Left Consensus Big Board (Arif Hasan) — wideleft.football,,,,,,,,,,,,,,,,,,,,,2026-07-26,,,
aaron-parker-wr-rho-2020,2020,Aaron Parker,WR,Rhode Island,7,299,Wide Left Consensus Big Board (Arif Hasan) — wideleft.football,6015,209,9.125,31.125,4.57,1.54,26.5,112,6.94,4.23,12,,,,,,,,,,2026-07-26,305,302,
aaron-robinson-cb-ucf-2021,2021,Aaron Robinson,CB,UCF,2,63,Wide Left Consensus Big Board (Arif Hasan) — wideleft.football,5114,186,8.75,30.25,4.39,,37,123,6.89,4.29,15,,,,,,3,71,NY Giants,,2026-07-26,59,64,119.8
aaron-stinnie-iol--2018,2018,Aaron Stinnie,IOL,,,,Wide Left Consensus Big Board (Arif Hasan) — wideleft.football,,,,,,,,,,,,,,,,,,,,,2026-07-26,,,
aaron-wallace-lb-ucl-2016,2016,Aaron Wallace,LB,UCLA,7,234,Wide Left Consensus Big Board (Arif Hasan) — wideleft.football,,,,,,,,,,,,,,,,,7,222,Tennessee,,2026-07-26,,,105.9
aashari-crosswell-s--2021,2021,Aashari Crosswell,S,,,,Wide Left Consensus Big Board (Arif Hasan) — wideleft.football,6002,205,,,,,,,,,,,,,,,,,,,2026-07-26,,,
abdullah-anderson-dt--2018,2018,Abdullah Anderson,DT,,,,Wide Left Consensus Big Board (Arif Hasan) — wideleft.football,,,,,,,,,,,,,,,,,,,,,2026-07-26,,,
abraham-lucas-ot-was-2022,2022,Abraham Lucas,OT,Washington State,3,71,Wide Left Consensus Big Board (Arif Hasan) — wideleft.football,6063,315,10.5,33.875,4.92,,27,107,7.25,4.4,24,,,,,,3,72,Seattle,,2026-08-06,70,77,94.2
abram-smith-rb-bay-2022,2022,Abram Smith,RB,Baylor,6,179,Wide Left Consensus Big Board (Arif Hasan) — wideleft.football,5115,213,8.25,30.25,,,,,,,,,,,,,,,,,2026-08-06,149,175,97.2
adam-anderson-edge--2022,2022,Adam Anderson,EDGE,,7,295,Wide Left Consensus Big Board (Arif Hasan) — wideleft.football,,,,,,,,,,,,,,,,,,,,,2026-08-06,265,301,118.5
adam-bisnowaty-ot-pit-2017,2017,Adam Bisnowaty,OT,Pittsburgh,4,138,Wide Left Consensus Big Board (Arif Hasan) — wideleft.football,6055,304,11.38,33.88,5.23,,29.5,96,8.02,4.94,23,,,,,,6,200,NY Giants,,2026-07-26,133,138,85
adam-breneman-te--2018,2018,Adam Breneman,TE,,,,Wide Left Consensus Big Board (Arif Hasan) — wideleft.football,,,,,,,,,,,,,,,,,,,,,2026-07-26,,,
adam-butler-dt--2017,2017,Adam Butler,DT,,,,Wide Left Consensus Big Board (Arif Hasan) — wideleft.football,,,,,,,,,,,,,,,,,,,,,2026-07-26,,,
adam-gotsis-dt-geo-2016,2016,Adam Gotsis,DT,Georgia Tech,5,165,Wide Left Consensus Big Board (Arif Hasan) — wideleft.football,6044,287,10.75,34.125,4.88,,,,,,,Pass Rusher,,,,,2,63,Denver,,2026-07-26,,,85.6
adam-korsak-st-rut-2023,2023,Adam Korsak,ST,Rutgers,7,418,"Jack Lichtenstein Consensus Big Board — 14 of 17 component boards, re-averaged",6007,187,8.75,29.375,,,,,,,,P,,,,,,,,,2026-05-04,,,
adam-pankey-iol--2017,2017,Adam Pankey,IOL,,,,Wide Left Consensus Big Board (Arif Hasan) — wideleft.football,,,,,,,,,,,,,,,,,,,,,2026-07-26,,,
adam-shaheen-te-ash-2017,2017,Adam Shaheen,TE,Ashland,3,87,Wide Left Consensus Big Board (Arif Hasan) — wideleft.football,6064,278,9.63,33.5,4.79,,32.5,121,7.09,4.38,24,,,,,,2,45,Chicago,,2026-07-26,77,92,119.3
adam-trautman-te-day-2020,2020,Adam Trautman,TE,Dayton,3,72,Wide Left Consensus Big Board (Arif Hasan) — wideleft.football,6050,255,9.5,32.625,4.8,1.57,34.5,114,6.78,4.27,18,,,,,,3,105,New Orleans,,2026-07-26,67,75,
ade-aruna-edge-tul-2018,2018,Ade Aruna,EDGE,Tulane,5,178,Wide Left Consensus Big Board (Arif Hasan) — wideleft.football,6045,262,10.625,34,4.6,1.6,38.5,128,7.53,4.48,18,,,,,,6,218,Minnesota,,2026-07-26,175,173,84.9
adetokunbo-ogundeji-edge-not-2021,2021,Adetokunbo Ogundeji,EDGE,Notre Dame,6,195,Wide Left Consensus Big Board (Arif Hasan) — wideleft.football,6044,260,9.625,35.25,4.75,,32,120,7.17,4.64,22,,,,,,5,182,Atlanta,,2026-07-26,200,189,92.3
adetomiwa-adebawore-edge-nor-2023,2023,Adetomiwa Adebawore,EDGE,Northwestern,2,60,"Jack Lichtenstein Consensus Big Board — 14 of 17 component boards, re-averaged",6015,282,10.5,33.875,4.49,1.61,37.5,125,,,27,,,,,,4,110,Indianapolis,,2026-05-04,,,
adolphus-washington-dt-ohi-2016,2016,Adolphus Washington,DT,Ohio State,3,73,Wide Left Consensus Big Board (Arif Hasan) — wideleft.football,6033,301,9.875,34.5,5.17,,27,99,8.06,4.79,21,,,,,,3,80,Buffalo,,2026-07-26,,,89.5
adoree-jackson-cb-usc-2017,2017,Adoree' Jackson,CB,USC,2,43,Wide Left Consensus Big Board (Arif Hasan) — wideleft.football,5100,186,9.25,31.38,4.42,,36,122,,,,,,,,,1,18,Tennessee,,2026-07-26,33,49,100.2
adrian-colbert-s-mia-2017,2017,Adrian Colbert,S,Miami,,,Wide Left Consensus Big Board (Arif Hasan) — wideleft.football,,,,,,,,,,,,,,,,,7,229,San Francisco,,2026-07-26,,,
adrian-ealy-ot-okl-2021,2021,Adrian Ealy,OT,Oklahoma,7,243,Wide Left Consensus Big Board (Arif Hasan) — wideleft.football,6060,321,,,5.42,,24.5,104,8.82,4.87,18,,,,,,,,,,2026-07-26,241,240,88.1
adrian-frye-s--2022,2022,Adrian Frye,S,,,,Wide Left Consensus Big Board (Arif Hasan) — wideleft.football,,,,,,,,,,,,,,,,,,,,,2026-08-06,,,
aeris-williams-rb--2019,2019,Aeris Williams,RB,,7,370,"Jack Lichtenstein Consensus Big Board — 14 of 17 component boards, re-averaged",,,,,,,,,,,,,,,,,,,,,2026-05-04,,,
ahkello-witherspoon-cb-col-2017,2017,Ahkello Witherspoon,CB,Colorado,3,90,Wide Left Consensus Big Board (Arif Hasan) — wideleft.football,6026,198,9.88,33,4.45,,40.5,127,6.93,4.13,,,,,,,3,66,San Francisco,,2026-07-26,107,82,118
ahmad-gardner-cb-cin-2022,2022,Ahmad Gardner,CB,Cincinnati,1,6,Wide Left Consensus Big Board (Arif Hasan) — wideleft.football,6030,190,,,4.41,,,,,,,,,,,,1,4,NY Jets,,2026-08-06,5,6,101.7
ahmad-thomas-s--2017,2017,Ahmad Thomas,S,,,,Wide Left Consensus Big Board (Arif Hasan) — wideleft.football,,,,,,,,,,,,,,,,,,,,,2026-07-26,,,
aidan-hutchinson-edge-mic-2022,2022,Aidan Hutchinson,EDGE,Michigan,1,1,Wide Left Consensus Big Board (Arif Hasan) — wideleft.football,6065,260,10.25,32.125,4.74,1.62,36,117,6.73,4.15,,,,,,,1,2,Detroit,,2026-08-06,1,1,101.6
aidan-oconnell-qb-pur-2023,2023,Aidan O'Connell,QB,Purdue,5,177,"Jack Lichtenstein Consensus Big Board — 14 of 17 component boards, re-averaged",6033,213,9.75,32.25,,,,,,,,,,,,,4,135,Las Vegas,,2026-05-04,,,
aj-arcuri-ot-mic-2022,2022,AJ Arcuri,OT,Michigan State,,,Wide Left Consensus Big Board (Arif Hasan) — wideleft.football,,,,,,,,,,,,,,,,,7,261,LA Rams,,2026-08-06,,,
aj-finley-s--2023,2023,AJ Finley,S,,7,396,"Jack Lichtenstein Consensus Big Board — 14 of 17 component boards, re-averaged",,,,,,,,,,,,,,,,,,,,,2026-05-04,,,
akayleb-evans-cb-mis-2022,2022,Akayleb Evans,CB,Missouri,5,154,Wide Left Consensus Big Board (Arif Hasan) — wideleft.football,6020,197,8.75,32,4.46,,36,129,,,,,,,,,4,118,Minnesota,,2026-08-06,186,152,85.3
akeem-davis-gaither-lb-app-2020,2020,Akeem Davis-Gaither,LB,Appalachian State,3,82,Wide Left Consensus Big Board (Arif Hasan) — wideleft.football,6014,224,9.5,31.125,,,,,,,21,,,,,,4,107,Cincinnati,,2026-07-26,92,78,
akrum-wadley-rb-iow-2018,2018,Akrum Wadley,RB,Iowa,5,169,Wide Left Consensus Big Board (Arif Hasan) — wideleft.football,5097,194,8.25,29.5,4.54,,32,,,,12,,,,,,,,,,2026-07-26,161,166,82.7
alan-ali-iol-tcu-2023,2023,Alan Ali,IOL,TCU,7,389,"Jack Lichtenstein Consensus Big Board — 14 of 17 component boards, re-averaged",6040,301,9.5,32.875,,,26.5,,,,,,,,,,,,,,2026-05-04,,,
alaric-jackson-ot-iow-2021,2021,Alaric Jackson,OT,Iowa,6,211,Wide Left Consensus Big Board (Arif Hasan) — wideleft.football,6054,321,9.5,32.5,5.2,,25,103,7.7,,,,,,,,,,,,2026-07-26,176,219,79.4
albert-huggins-dt-cle-2019,2019,Albert Huggins,DT,Clemson,7,245,"Jack Lichtenstein Consensus Big Board — 14 of 17 component boards, re-averaged",6027,305,10.625,33.5,5.12,1.81,25.5,101,7.84,4.84,35,,,,,,,,,,2026-05-04,,,
albert-okwuegbunam-te-mis-2020,2020,Albert Okwuegbunam,TE,Missouri,4,111,Wide Left Consensus Big Board (Arif Hasan) — wideleft.football,6054,258,10.25,34.125,4.49,1.58,,,,,,,,,,,4,118,Denver,,2026-07-26,84,117,
alec-eberle-iol--2019,2019,Alec Eberle,IOL,,7,397,"Jack Lichtenstein Consensus Big Board — 14 of 17 component boards, re-averaged",,,,,,,,,,,,,,,,,,,,,2026-05-04,,,
alec-ingold-rb-wis-2019,2019,Alec Ingold,RB,Wisconsin,7,335,"Jack Lichtenstein Consensus Big Board — 14 of 17 component boards, re-averaged",6006,242,9.625,31.5,4.89,,34,116,7.35,4.32,16,FB,,,,,,,,,2026-05-04,,,
alec-lindstrom-iol-bos-2022,2022,Alec Lindstrom,IOL,Boston College,6,182,Wide Left Consensus Big Board (Arif Hasan) — wideleft.football,6033,296,9.25,32.625,5.18,,29,111,7.5,4.66,25,,,,,,,,,,2026-08-06,195,169,82.3
alec-pierce-wr-cin-2022,2022,Alec Pierce,WR,Cincinnati,3,77,Wide Left Consensus Big Board (Arif Hasan) — wideleft.football,6031,211,9,33,4.41,,40.5,129,7.13,4.28,,,,,,,2,53,Indianapolis,,2026-08-06,80,75,89.8
alek-torgersen-qb--2017,2017,Alek Torgersen,QB,,,,Wide Left Consensus Big Board (Arif Hasan) — wideleft.football,,,,,,,,,,,,,,,,,,,,,2026-07-26,,,
alex-anzalone-lb-flo-2017,2017,Alex Anzalone,LB,Florida,4,106,Wide Left Consensus Big Board (Arif Hasan) — wideleft.football,6027,241,9.13,32.13,4.63,,30.5,116,6.88,4.25,16,,,,,,3,76,New Orleans,,2026-07-26,95,114,96.8
alex-austin-cb-ore-2023,2023,Alex Austin,CB,Oregon State,7,251,"Jack Lichtenstein Consensus Big Board — 14 of 17 component boards, re-averaged",6010,195,8.5,31.875,4.55,,33,122,,4.33,,,,,,,7,252,Buffalo,,2026-05-04,,,
alex-barnes-rb-kan-2019,2019,Alex Barnes,RB,Kansas State,7,264,"Jack Lichtenstein Consensus Big Board — 14 of 17 component boards, re-averaged",6003,226,10,31,4.59,,38.5,126,6.95,4.1,34,,,,,,,,,,2026-05-04,,,
alex-barrett-lb--2017,2017,Alex Barrett,LB,,,,Wide Left Consensus Big Board (Arif Hasan) — wideleft.football,,,,,,,,,,,,,,,,,,,,,2026-07-26,,,
alex-bars-iol-not-2019,2019,Alex Bars,IOL,Notre Dame,7,311,"Jack Lichtenstein Consensus Big Board — 14 of 17 component boards, re-averaged",6057,312,9.375,31.75,,,,,,,,,,,,,,,,,2026-05-04,,,
alex-cappa-ot-hum-2018,2018,Alex Cappa,OT,Humboldt State,4,120,Wide Left Consensus Big Board (Arif Hasan) — wideleft.football,6056,305,9.25,32.625,5.39,1.87,26.5,97,8.04,4.84,24,,,,,,3,94,Tampa Bay,,2026-07-26,170,113,94.6
alex-collins-rb-ark-2016,2016,Alex Collins,RB,Arkansas,3,90,Wide Left Consensus Big Board (Arif Hasan) — wideleft.football,5100,217,9.25,30.25,4.59,,28.5,113,,,18,,,,,,5,171,Seattle,,2026-07-26,,,112.4
alex-erickson-wr--2016,2016,Alex Erickson,WR,,,,Wide Left Consensus Big Board (Arif Hasan) — wideleft.football,,,,,,,,,,,,,,,,,,,,,2026-07-26,,,
alex-forsyth-iol-ore-2023,2023,Alex Forsyth,IOL,Oregon,7,249,"Jack Lichtenstein Consensus Big Board — 14 of 17 component boards, re-averaged",6037,303,10.25,32.75,,,20.5,95,,4.92,29,,,,,,7,257,Denver,,2026-05-04,,,
alex-highsmith-edge-cha-2020,2020,Alex Highsmith,EDGE,Charlotte,4,127,Wide Left Consensus Big Board (Arif Hasan) — wideleft.football,6031,248,9.125,33.125,4.7,1.68,33,125,7.32,4.31,,,,,,,3,102,Pittsburgh,,2026-07-26,172,115,
alex-leatherwood-ot-ala-2021,2021,Alex Leatherwood,OT,Alabama,2,45,Wide Left Consensus Big Board (Arif Hasan) — wideleft.football,6051,312,9.5,33.875,4.96,,34.5,118,,,,,,,,,1,17,Las Vegas,,2026-07-26,48,43,90.6
alex-lewis-ot-neb-2016,2016,Alex Lewis,OT,Nebraska,5,174,Wide Left Consensus Big Board (Arif Hasan) — wideleft.football,6060,312,10,34,5.22,,29.5,100,7.94,4.72,27,,,,,,4,130,Baltimore,,2026-07-26,,,98
alex-mccalister-edge-flo-2016,2016,Alex McCalister,EDGE,Florida,6,205,Wide Left Consensus Big Board (Arif Hasan) — wideleft.football,6061,239,9.375,36,4.8,,34.5,128,7.01,4,,,,,,,7,240,Philadelphia,,2026-07-26,,,94.2
alex-mcgough-qb-flo-2018,2018,Alex McGough,QB,Florida International,,,Wide Left Consensus Big Board (Arif Hasan) — wideleft.football,,,,,,,,,,,,,,,,,7,220,Seattle,,2026-07-26,,,
alex-palczewski-ot--2023,2023,Alex Palczewski,OT,,7,376,"Jack Lichtenstein Consensus Big Board — 14 of 17 component boards, re-averaged",,,,,,,,,,,,,,,,,,,,,2026-05-04,,,
alex-redmond-iol-ucl-2016,2016,Alex Redmond,IOL,UCLA,7,297,Wide Left Consensus Big Board (Arif Hasan) — wideleft.football,6046,294,10.5,33.25,5.3,,28,111,7.75,4.9,30,,,,,,,,,,2026-07-26,,,102.7
alex-taylor-ot-sou-2020,2020,Alex Taylor,OT,South Carolina State,5,177,Wide Left Consensus Big Board (Arif Hasan) — wideleft.football,6080,308,,,5.09,1.79,25,116,7.77,4.79,21,,,,,,,,,,2026-07-26,196,177,
alex-ward-st-ucf-2023,2023,Alex Ward,ST,UCF,7,405,"Jack Lichtenstein Consensus Big Board — 14 of 17 component boards, re-averaged",6040,240,9.625,30.375,5.06,,30,114,,4.46,12,LS,,,,,,,,,2026-05-04,,,
alex-wesley-wr-nor-2019,2019,Alex Wesley,WR,Northern Colorado,7,318,"Jack Lichtenstein Consensus Big Board — 14 of 17 component boards, re-averaged",5117,190,9,31.25,4.45,,38.5,125,7.4,4.44,13,,,,,,,,,,2026-05-04,,,
alex-wright-edge-ala-2022,2022,Alex Wright,EDGE,Alabama-Birmingham,4,123,Wide Left Consensus Big Board (Arif Hasan) — wideleft.football,6051,271,9.25,34,,,,,,,15,,,,,,3,78,Cleveland,,2026-08-06,115,125,111
alexander-armah-rb-wes-2017,2017,Alexander Armah,RB,West Georgia,,,Wide Left Consensus Big Board (Arif Hasan) — wideleft.football,,,,,,,,,,,,FB,,,,,6,192,Carolina,,2026-07-26,,,
alexander-mattison-rb-boi-2019,2019,Alexander Mattison,RB,Boise State,5,167,"Jack Lichtenstein Consensus Big Board — 14 of 17 component boards, re-averaged",5105,221,9.125,31,4.67,,35,127,7.13,4.29,22,,,,,,3,102,Minnesota,,2026-05-04,,,
ali-fayad-edge--2022,2022,Ali Fayad,EDGE,,,,Wide Left Consensus Big Board (Arif Hasan) — wideleft.football,,,,,,,,,,,,,,,,,,,,,2026-08-06,,,
ali-gaye-edge-lsu-2023,2023,Ali Gaye,EDGE,LSU,7,219,"Jack Lichtenstein Consensus Big Board — 14 of 17 component boards, re-averaged",6060,263,9.5,34.25,,,,,,,,,,,,,,,,,2026-05-04,,,
alijah-mcghee-s--2023,2023,Alijah McGhee,S,,7,330,"Jack Lichtenstein Consensus Big Board — 14 of 17 component boards, re-averaged",,,,,,,,,,,,,,,,,,,,,2026-05-04,,,
alijah-vera-tucker-iol-usc-2021,2021,Alijah Vera-Tucker,IOL,USC,1,16,Wide Left Consensus Big Board (Arif Hasan) — wideleft.football,6040,308,,,5.05,,32,106,7.67,4.7,36,,,,,,1,14,NY Jets,,2026-07-26,16,16,97.6
alim-mcneill-dt-nor-2021,2021,Alim McNeill,DT,North Carolina State,3,80,Wide Left Consensus Big Board (Arif Hasan) — wideleft.football,6017,317,9.375,32.625,,,,,,,,,,,,,3,72,Detroit,,2026-07-26,85,79,89.1
alize-mack-te-not-2019,2019,Alize Mack,TE,Notre Dame,6,195,"Jack Lichtenstein Consensus Big Board — 14 of 17 component boards, re-averaged",6040,249,,,4.7,,36,120,7.27,4.34,22,,,,,,7,231,New Orleans,,2026-05-04,,,
allen-lazard-wr-iow-2018,2018,Allen Lazard,WR,Iowa State,5,145,Wide Left Consensus Big Board (Arif Hasan) — wideleft.football,6045,227,9.75,32.25,4.55,,38,122,,,17,,,,,,,,,,2026-07-26,137,156,85.4
alohi-gilman-s-not-2020,2020,Alohi Gilman,S,Notre Dame,5,166,Wide Left Consensus Big Board (Arif Hasan) — wideleft.football,5104,201,9.25,30.875,4.6,1.59,32,119,6.81,4.08,17,,,,,,6,186,LA Chargers,,2026-07-26,166,167,
alontae-taylor-cb-ten-2022,2022,Alontae Taylor,CB,Tennessee,4,112,Wide Left Consensus Big Board (Arif Hasan) — wideleft.football,6001,199,9.125,32.25,4.36,,34.5,128,,,,,,,,,2,49,New Orleans,,2026-08-06,100,109,82.5
alonzo-russell-wr-tol-2016,2016,Alonzo Russell,WR,Toledo,,,Wide Left Consensus Big Board (Arif Hasan) — wideleft.football,6035,206,9.5,33.875,4.54,,29.5,112,7.18,4.33,12,,,,,,,,,,2026-07-26,,,
al-quadin-muhammad-edge-mia-2017,2017,Al-Quadin Muhammad,EDGE,Miami,7,272,Wide Left Consensus Big Board (Arif Hasan) — wideleft.football,6034,253,9.38,33.25,4.88,,30.5,117,7.25,4.47,22,,,,,,6,196,New Orleans,,2026-07-26,375,227,106
al-rasheed-benton-lb--2018,2018,Al-Rasheed Benton,LB,,,,Wide Left Consensus Big Board (Arif Hasan) — wideleft.football,,,,,,,,,,,,,,,,,,,,,2026-07-26,,,
alton-robinson-edge-syr-2020,2020,Alton Robinson,EDGE,Syracuse,4,129,Wide Left Consensus Big Board (Arif Hasan) — wideleft.football,6026,264,9.25,32.375,4.69,1.65,35.5,119,7.32,4.32,25,,,,,,5,148,Seattle,,2026-07-26,126,125,
alvin-jones-lb--2018,2018,Alvin Jones,LB,,,,Wide Left Consensus Big Board (Arif Hasan) — wideleft.football,,,,,,,,,,,,,,,,,,,,,2026-07-26,,,
alvin-kamara-rb-ten-2017,2017,Alvin Kamara,RB,Tennessee,2,56,Wide Left Consensus Big Board (Arif Hasan) — wideleft.football,5102,214,9.25,32.75,4.56,,39.5,131,,,15,,,,,,3,67,New Orleans,,2026-07-26,59,57,82.9
amandre-williams-lb--2021,2021,Amandre Williams,LB,,,,Wide Left Consensus Big Board (Arif Hasan) — wideleft.football,,,,,,,,,,,,,,,,,,,,,2026-07-26,,,
amani-bledsoe-dt--2019,2019,Amani Bledsoe,DT,,7,363,"Jack Lichtenstein Consensus Big Board — 14 of 17 component boards, re-averaged",,,,,,,,,,,,,,,,,,,,,2026-05-04,,,
amani-hooker-s-iow-2019,2019,Amani Hooker,S,Iowa,2,60,"Jack Lichtenstein Consensus Big Board — 14 of 17 component boards, re-averaged",5113,210,9.125,30.125,4.48,,37,123,6.81,4.1,14,,,,,,4,116,Tennessee,,2026-05-04,,,
amani-oruwariye-cb-pen-2019,2019,Amani Oruwariye,CB,Penn State,2,55,"Jack Lichtenstein Consensus Big Board — 14 of 17 component boards, re-averaged",6015,205,9,31.375,4.47,,36.5,120,6.82,4.16,17,,,,,,5,146,Detroit,,2026-05-04,,,
amara-darboh-wr-mic-2017,2017,Amara Darboh,WR,Michigan,4,103,Wide Left Consensus Big Board (Arif Hasan) — wideleft.football,6015,214,9.88,32.63,4.45,,36,124,,,17,,,,,,3,106,Seattle,,2026-07-26,94,105,94.6
amare-barno-edge-vir-2022,2022,Amare Barno,EDGE,Virginia Tech,4,138,Wide Left Consensus Big Board (Arif Hasan) — wideleft.football,6050,246,,,4.36,1.54,37,131,,4.45,,,,,,,6,189,Carolina,,2026-08-06,123,143,101.7
amare-jones-wr--2023,2023,Amare Jones,WR,,7,444,"Jack Lichtenstein Consensus Big Board — 14 of 17 component boards, re-averaged",,,,,,,,,,,,,,,,,,,,,2026-05-04,,,
amari-burney-lb-flo-2023,2023,Amari Burney,LB,Florida,7,395,"Jack Lichtenstein Consensus Big Board — 14 of 17 component boards, re-averaged",,,,,,,,,,,,,,,,,6,203,Las Vegas,,2026-05-04,,,
amari-coleman-cb--2018,2018,Amari Coleman,CB,,,,Wide Left Consensus Big Board (Arif Hasan) — wideleft.football,,,,,,,,,,,,,,,,,,,,,2026-07-26,,,
amari-rodgers-wr-cle-2021,2021,Amari Rodgers,WR,Clemson,3,76,Wide Left Consensus Big Board (Arif Hasan) — wideleft.football,5094,212,9.5,30.375,4.52,,33,121,7.07,4.31,19,,,,,,3,85,Green Bay,,2026-07-26,76,83,96.2
amba-etta-tawo-wr-syr-2017,2017,Amba Etta-Tawo,WR,Syracuse,6,190,Wide Left Consensus Big Board (Arif Hasan) — wideleft.football,6012,208,9.13,32,4.49,,31,126,6.95,4.32,14,,,,,,,,,,2026-07-26,185,185,85.9
ambry-thomas-cb-mic-2021,2021,Ambry Thomas,CB,Michigan,4,121,Wide Left Consensus Big Board (Arif Hasan) — wideleft.football,5117,191,8.625,32.25,4.37,,38,122,,,15,,,,,,3,102,San Francisco,,2026-07-26,122,124,108.8
ameer-speed-cb-mic-2023,2023,Ameer Speed,CB,Michigan State,7,340,"Jack Lichtenstein Consensus Big Board — 14 of 17 component boards, re-averaged",,,,,,,,,,,,,,,,,6,214,New England,,2026-05-04,,,
amen-ogbongbemiga-lb-okl-2021,2021,Amen Ogbongbemiga,LB,Oklahoma State,7,279,Wide Left Consensus Big Board (Arif Hasan) — wideleft.football,6007,231,9.375,32.75,4.66,,32,112,7.32,4.28,24,,,,,,,,,,2026-07-26,275,284,80.2
amik-robertson-cb-lou-2020,2020,Amik Robertson,CB,Louisiana Tech,3,92,Wide Left Consensus Big Board (Arif Hasan) — wideleft.football,5083,187,9,30.25,,,,,,,,,,,,,4,139,Las Vegas,,2026-07-26,95,90,
amon-ra-st-brown-wr-usc-2021,2021,Amon-Ra St. Brown,WR,USC,3,69,Wide Left Consensus Big Board (Arif Hasan) — wideleft.football,5114,197,9.125,30.375,4.51,,38.5,127,6.88,4.17,20,,,,,,4,112,Detroit,,2026-07-26,92,65,89.2
anders-carlson-st-aub-2023,2023,Anders Carlson,ST,Auburn,7,456,"Jack Lichtenstein Consensus Big Board — 14 of 17 component boards, re-averaged",6050,218,9.5,31.625,,,,,,,,K,,,,,6,207,Green Bay,,2026-05-04,,,
andre-anthony-edge-lsu-2022,2022,Andre Anthony,EDGE,LSU,,,Wide Left Consensus Big Board (Arif Hasan) — wideleft.football,,,,,,,,,,,,,,,,,7,248,Tampa Bay,,2026-08-06,,,
andre-carter-ii-edge-arm-2023,2023,Andre Carter II,EDGE,Army,4,117,"Jack Lichtenstein Consensus Big Board — 14 of 17 component boards, re-averaged",6064,256,9.375,33.375,,,30,109,,4.36,11,,,,,,,,,,2026-05-04,,,
andre-chachere-cb-san-2018,2018,Andre Chachere,CB,San Jose State,,,Wide Left Consensus Big Board (Arif Hasan) — wideleft.football,5116,200,9.875,31.375,4.49,,38,123,6.78,4.07,13,,,,,,,,,,2026-07-26,,,
andre-cisco-s-syr-2021,2021,Andre Cisco,S,Syracuse,3,88,Wide Left Consensus Big Board (Arif Hasan) — wideleft.football,6005,216,10.625,32.5,,,,,,,17,,,,,,3,65,Jacksonville,,2026-07-26,95,80,90
andre-dillard-ot-was-2019,2019,Andre Dillard,OT,Washington State,1,17,"Jack Lichtenstein Consensus Big Board — 14 of 17 component boards, re-averaged",6050,315,10,33.5,4.96,,29,118,7.44,4.4,24,,,,,,1,22,Philadelphia,,2026-05-04,,,
andre-james-ot-ucl-2019,2019,Andre James,OT,UCLA,7,404,"Jack Lichtenstein Consensus Big Board — 14 of 17 component boards, re-averaged",6041,299,10,32,5.32,,29,105,8,4.84,21,,,,,,,,,,2026-05-04,,,
andre-jones-edge-lou-2023,2023,Andre Jones,EDGE,Louisiana,7,352,"Jack Lichtenstein Consensus Big Board — 14 of 17 component boards, re-averaged",6044,248,10,34.25,,,29,116,,,,,,,,,7,233,Washington,,2026-05-04,,,
andre-mintze-edge-van-2021,2021,Andre Mintze,EDGE,Vanderbilt,,,Wide Left Consensus Big Board (Arif Hasan) — wideleft.football,6025,253,9.875,32.75,4.59,,,119,,,18,,,,,,,,,,2026-07-26,,,
andre-smith-lb-nor-2018,2018,Andre Smith,LB,North Carolina,7,275,Wide Left Consensus Big Board (Arif Hasan) — wideleft.football,5115,237,10,33.125,4.63,,,,,,19,,,,,,7,234,Carolina,,2026-07-26,245,278,85.4
andreas-knappe-ot--2017,2017,Andreas Knappe,OT,,,,Wide Left Consensus Big Board (Arif Hasan) — wideleft.football,,,,,,,,,,,,,,,,,,,,,2026-07-26,,,
andrei-iosivas-wr-pri-2023,2023,Andrei Iosivas,WR,Princeton,6,184,"Jack Lichtenstein Consensus Big Board — 14 of 17 component boards, re-averaged",6031,205,8.75,32,4.43,,39,128,6.85,4.12,19,,,,,,6,206,Cincinnati,,2026-05-04,,,
andrew-beck-te--2019,2019,Andrew Beck,TE,,7,430,"Jack Lichtenstein Consensus Big Board — 14 of 17 component boards, re-averaged",,,,,,,,,,,,,,,,,,,,,2026-05-04,,,
andrew-billings-dt-bay-2016,2016,Andrew Billings,DT,Baylor,1,25,Wide Left Consensus Big Board (Arif Hasan) — wideleft.football,6005,311,10,33,5.05,,27.5,113,8.05,4.82,31,,,,,,4,122,Cincinnati,,2026-07-26,,,113.3
andrew-bonnet-rb--2016,2016,Andrew Bonnet,RB,,,,Wide Left Consensus Big Board (Arif Hasan) — wideleft.football,,,,,,,,,,,,FB,,,,,,,,,2026-07-26,,,
andrew-booth-jr-cb-cle-2022,2022,Andrew Booth Jr.,CB,Clemson,1,22,Wide Left Consensus Big Board (Arif Hasan) — wideleft.football,6002,194,9.375,31.5,,,,,,,,,,,,,2,42,Minnesota,,2026-08-06,28,20,84.5
andrew-brown-dt-vir-2018,2018,Andrew Brown,DT,Virginia,4,128,Wide Left Consensus Big Board (Arif Hasan) — wideleft.football,6033,296,9.375,34.5,5.03,1.73,28,101,7.51,4.48,31,,,,,,5,158,Cincinnati,,2026-07-26,127,126,94.7
andrew-eide-ot--2017,2017,Andrew Eide,OT,,,,Wide Left Consensus Big Board (Arif Hasan) — wideleft.football,,,,,,,,,,,,,,,,,,,,,2026-07-26,,,
andrew-ford-qb--2019,2019,Andrew Ford,QB,,7,424,"Jack Lichtenstein Consensus Big Board — 14 of 17 component boards, re-averaged",,,,,,,,,,,,,,,,,,,,,2026-05-04,,,
andrew-mevis-st--2022,2022,Andrew Mevis,ST,,,,Wide Left Consensus Big Board (Arif Hasan) — wideleft.football,,,,,,,,,,,,K,,,,,,,,,2026-08-06,,,
andrew-motuapuaka-lb--2018,2018,Andrew Motuapuaka,LB,,,,Wide Left Consensus Big Board (Arif Hasan) — wideleft.football,,,,,,,,,,,,,,,,,,,,,2026-07-26,,,
andrew-ogletree-te-you-2022,2022,Andrew Ogletree,TE,Youngstown St.,,,Wide Left Consensus Big Board (Arif Hasan) — wideleft.football,,,,,,,,,,,,,,,,,6,192,Indianapolis,,2026-08-06,,,
andrew-rupcich-ot-cul-2022,2022,Andrew Rupcich,OT,Culver-Stockton College,,,Wide Left Consensus Big Board (Arif Hasan) — wideleft.football,6060,318,9.5,32.875,5.31,,27.5,108,,,,,,,,,,,,,2026-08-06,,,
andrew-stueber-ot-mic-2022,2022,Andrew Stueber,OT,Michigan,6,213,Wide Left Consensus Big Board (Arif Hasan) — wideleft.football,6065,325,10,34.125,,,24.5,101,7.94,4.9,,,,,,,7,245,New England,,2026-08-06,229,209,72.4
andrew-thomas-ot-geo-2020,2020,Andrew Thomas,OT,Georgia,1,11,Wide Left Consensus Big Board (Arif Hasan) — wideleft.football,6051,315,10.25,36.125,5.22,1.83,30.5,109,7.58,4.66,21,,,,,,1,4,NY Giants,,2026-07-26,12,11,
andrew-van-ginkel-lb-wis-2019,2019,Andrew Van Ginkel,LB,Wisconsin,7,386,"Jack Lichtenstein Consensus Big Board — 14 of 17 component boards, re-averaged",6034,241,9.375,32.5,,,38,123,6.89,4.14,17,,,,,,5,151,Miami,,2026-05-04,,,
andrew-vollert-te--2018,2018,Andrew Vollert,TE,,,,Wide Left Consensus Big Board (Arif Hasan) — wideleft.football,,,,,,,,,,,,,,,,,,,,,2026-07-26,,,
andrew-vorhees-iol-usc-2023,2023,Andrew Vorhees,IOL,USC,5,165,"Jack Lichtenstein Consensus Big Board — 14 of 17 component boards, re-averaged",6060,310,10,32.125,,,29,105,,,38,,,,,,7,229,Baltimore,,2026-05-04,,,
andrew-wingard-s-wyo-2019,2019,Andrew Wingard,S,Wyoming,7,274,"Jack Lichtenstein Consensus Big Board — 14 of 17 component boards, re-averaged",6001,209,8.625,30.5,4.56,,36.5,121,7.08,4.2,9,,,,,,,,,,2026-05-04,,,
andy-isabella-wr-mas-2019,2019,Andy Isabella,WR,Massachusetts,3,71,"Jack Lichtenstein Consensus Big Board — 14 of 17 component boards, re-averaged",5086,188,8.375,29.75,4.31,,36.5,121,6.95,4.15,15,,,,,,2,62,Arizona,,2026-05-04,,,
andy-janovich-rb-neb-2016,2016,Andy Janovich,RB,Nebraska,,,Wide Left Consensus Big Board (Arif Hasan) — wideleft.football,6010,238,9.75,31.625,4.81,,34,119,7.28,4.32,30,FB,,,,,6,176,Denver,,2026-07-26,,,
anfernee-jennings-edge-ala-2020,2020,Anfernee Jennings,EDGE,Alabama,4,126,Wide Left Consensus Big Board (Arif Hasan) — wideleft.football,6021,256,9.125,32.875,,,,,,,,,,,,,3,87,New England,,2026-07-26,139,126,
anfernee-orji-lb-van-2023,2023,Anfernee Orji,LB,Vanderbilt,7,255,"Jack Lichtenstein Consensus Big Board — 14 of 17 component boards, re-averaged",6010,230,10.25,32,4.53,,38.5,122,7,4.43,,,,,,,,,,,2026-05-04,,,
anthony-averett-cb-ala-2018,2018,Anthony Averett,CB,Alabama,3,92,Wide Left Consensus Big Board (Arif Hasan) — wideleft.football,5111,185,8.5,30.25,4.36,,31.5,119,6.93,4.4,13,,,,,,4,118,Baltimore,,2026-07-26,82,95,99.2
anthony-bradford-iol-lsu-2023,2023,Anthony Bradford,IOL,LSU,4,118,"Jack Lichtenstein Consensus Big Board — 14 of 17 component boards, re-averaged",6040,332,9.5,33.5,5.08,1.74,30,106,7.84,4.8,34,,,,,,4,108,Seattle,,2026-05-04,,,
anthony-brown-cb-pur-2016,2016,Anthony Brown,CB,Purdue,7,280,Wide Left Consensus Big Board (Arif Hasan) — wideleft.football,5112,192,8.25,31.75,4.33,,35,115,7.03,4.19,19,,,,,,6,189,Dallas,,2026-07-26,,,105.9
anthony-coyle-iol--2018,2018,Anthony Coyle,IOL,,,,Wide Left Consensus Big Board (Arif Hasan) — wideleft.football,,,,,,,,,,,,,,,,,,,,,2026-07-26,,,
anthony-fabiano-iol--2016,2016,Anthony Fabiano,IOL,,,,Wide Left Consensus Big Board (Arif Hasan) — wideleft.football,,,,,,,,,,,,,,,,,,,,,2026-07-26,,,
anthony-firkser-rb--2017,2017,Anthony Firkser,RB,,,,Wide Left Consensus Big Board (Arif Hasan) — wideleft.football,,,,,,,,,,,,FB,,,,,,,,,2026-07-26,,,
anthony-gordon-qb-was-2020,2020,Anthony Gordon,QB,Washington State,5,159,Wide Left Consensus Big Board (Arif Hasan) — wideleft.football,6023,205,9.75,31,,,,,,,,,,,,,,,,,2026-07-26,225,149,
anthony-hines-iii-lb--2021,2021,Anthony Hines III,LB,,7,294,Wide Left Consensus Big Board (Arif Hasan) — wideleft.football,,,,,,,,,,,,,,,,,,,,,2026-07-26,289,298,86
anthony-johnson-cb-vir-2023,2023,Anthony Johnson,CB,Virginia,7,252,"Jack Lichtenstein Consensus Big Board — 14 of 17 component boards, re-averaged",6015,205,8.625,32.625,4.63,,30.5,116,,,15,,,,,,7,242,Green Bay,,2026-05-04,,,
anthony-johnson-wr-buf-2019,2019,Anthony Johnson,WR,Buffalo,4,131,"Jack Lichtenstein Consensus Big Board — 14 of 17 component boards, re-averaged",6017,209,9.375,31.375,,,32.5,122,7.12,,18,,,,,,,,,,2026-05-04,,,
anthony-mcfarland-jr-rb-mar-2020,2020,Anthony McFarland Jr.,RB,Maryland,4,135,Wide Left Consensus Big Board (Arif Hasan) — wideleft.football,5081,208,8.875,30.375,4.44,,29.5,116,,,,,,,,,4,124,Pittsburgh,,2026-07-26,138,135,
anthony-mcmeans-iol--2017,2017,Anthony McMeans,IOL,,,,Wide Left Consensus Big Board (Arif Hasan) — wideleft.football,,,,,,,,,,,,,,,,,,,,,2026-07-26,,,
anthony-miller-wr-mem-2018,2018,Anthony Miller,WR,Memphis,2,48,Wide Left Consensus Big Board (Arif Hasan) — wideleft.football,5111,201,10,31.625,,,,,,,22,,,,,,2,51,Chicago,,2026-07-26,50,48,82.8
anthony-nelson-edge-iow-2019,2019,Anthony Nelson,EDGE,Iowa,3,69,"Jack Lichtenstein Consensus Big Board — 14 of 17 component boards, re-averaged",6070,271,9.875,34.875,4.82,1.65,35.5,118,6.95,4.23,18,,,,,,4,107,Tampa Bay,,2026-05-04,,,
anthony-ratliff-williams-wr--2019,2019,Anthony Ratliff-Williams,WR,,7,286,"Jack Lichtenstein Consensus Big Board — 14 of 17 component boards, re-averaged",,,,,,,,,,,,,,,,,,,,,2026-05-04,,,
anthony-richardson-qb-flo-2023,2023,Anthony Richardson,QB,Florida,1,10,"Jack Lichtenstein Consensus Big Board — 14 of 17 component boards, re-averaged",6042,244,10.5,32.75,4.43,,40.5,129,,,,,,,,,1,4,Indianapolis,,2026-05-04,,,
anthony-schwartz-wr-aub-2021,2021,Anthony Schwartz,WR,Auburn,4,125,Wide Left Consensus Big Board (Arif Hasan) — wideleft.football,6000,186,,,4.27,,32,123,7.13,4.25,,,,,,,3,91,Cleveland,,2026-07-26,117,127,87.6
anthony-walker-jr-lb-nor-2017,2017,Anthony Walker Jr.,LB,Northwestern,4,122,Wide Left Consensus Big Board (Arif Hasan) — wideleft.football,6005,238,9.5,30.38,4.65,,30.5,116,7.23,4.34,23,,,,,,5,161,Indianapolis,,2026-07-26,103,126,96.5
anthony-winbush-edge-bal-2018,2018,Anthony Winbush,EDGE,Ball State,,,Wide Left Consensus Big Board (Arif Hasan) — wideleft.football,6012,249,9.25,32.125,,,,110,,,25,,,,,,,,,,2026-07-26,,,
anthony-zettel-dt-pen-2016,2016,Anthony Zettel,DT,Penn State,6,185,Wide Left Consensus Big Board (Arif Hasan) — wideleft.football,6037,277,9.5,31.125,4.81,,30.5,109,7.63,4.39,28,Pass Rusher,,,,,6,202,Detroit,,2026-07-26,,,84.3
antjuan-simmons-lb-mic-2021,2021,Antjuan Simmons,LB,Michigan State,,,Wide Left Consensus Big Board (Arif Hasan) — wideleft.football,5115,218,9.75,30.75,4.8,,,,,,,,,,,,,,,,2026-07-26,,,
antoine-brooks-jr-s-mar-2020,2020,Antoine Brooks Jr.,S,Maryland,5,157,Wide Left Consensus Big Board (Arif Hasan) — wideleft.football,5105,220,9.25,31.125,4.64,1.53,34.5,,,,18,,,,,,6,198,Pittsburgh,,2026-07-26,156,156,
antoine-green-wr-nor-2023,2023,Antoine Green,WR,North Carolina,7,278,"Jack Lichtenstein Consensus Big Board — 14 of 17 component boards, re-averaged",6016,199,9,32.125,4.47,,33.5,123,6.99,4.27,,,,,,,7,219,Detroit,,2026-05-04,,,
antoine-wesley-wr-tex-2019,2019,Antoine Wesley,WR,Texas Tech,5,163,"Jack Lichtenstein Consensus Big Board — 14 of 17 component boards, re-averaged",6041,206,9.75,34,,,37,117,7.07,4.26,6,,,,,,,,,,2026-05-04,,,
antoine-winfield-jr-s-min-2020,2020,Antoine Winfield Jr.,S,Minnesota,2,34,Wide Left Consensus Big Board (Arif Hasan) — wideleft.football,5091,203,9.5,30.125,4.45,1.52,36,124,,,,,,,,,2,45,Tampa Bay,,2026-07-26,43,32,
anton-harrison-ot-okl-2023,2023,Anton Harrison,OT,Oklahoma,2,35,"Jack Lichtenstein Consensus Big Board — 14 of 17 component boards, re-averaged",6043,315,9.25,34.125,4.98,1.77,28.5,105,,,,,,,,,1,27,Jacksonville,,2026-05-04,,,
antonio-callaway-wr-flo-2018,2018,Antonio Callaway,WR,Florida,4,131,Wide Left Consensus Big Board (Arif Hasan) — wideleft.football,5105,200,9.5,31.5,4.41,,34,121,,,,,,,,,4,105,Cleveland,,2026-07-26,104,132,101
antonio-gandy-golden-wr-lib-2020,2020,Antonio Gandy-Golden,WR,Liberty,4,115,Wide Left Consensus Big Board (Arif Hasan) — wideleft.football,6040,223,9.625,31.75,4.6,1.54,36,127,7.33,4.55,22,,,,,,4,142,Washington,,2026-07-26,110,112,
antonio-garcia-ot-tro-2017,2017,Antonio Garcia,OT,Troy,3,71,Wide Left Consensus Big Board (Arif Hasan) — wideleft.football,6062,302,9.88,33.38,5.15,,31,108,7.98,4.94,24,,,,,,3,85,New England,,2026-07-26,83,67,118.1
antonio-gibson-wr-mem-2020,2020,Antonio Gibson,WR,Memphis,4,105,Wide Left Consensus Big Board (Arif Hasan) — wideleft.football,6003,228,8.625,31.125,4.39,1.51,35,118,,,16,,,,,,3,66,Washington,,2026-07-26,107,103,
antonio-glover-s--2016,2016,Antonio Glover,S,,,,Wide Left Consensus Big Board (Arif Hasan) — wideleft.football,,,,,,,,,,,,,,,,,,,,,2026-07-26,,,
antonio-johnson-s-tex-2023,2023,Antonio Johnson,S,Texas A&M,2,63,"Jack Lichtenstein Consensus Big Board — 14 of 17 component boards, re-averaged",6017,198,9.75,32.125,4.52,,31,118,,,8,,,,,,5,160,Jacksonville,,2026-05-04,,,
antonio-morrison-lb-flo-2016,2016,Antonio Morrison,LB,Florida,6,191,Wide Left Consensus Big Board (Arif Hasan) — wideleft.football,6010,232,,,4.76,,,,,,,,,,,,4,125,Indianapolis,,2026-07-26,,,89.8
antonio-moultrie-edge--2023,2023,Antonio Moultrie,EDGE,,7,416,"Jack Lichtenstein Consensus Big Board — 14 of 17 component boards, re-averaged",,,,,,,,,,,,,,,,,,,,,2026-05-04,,,
antonio-nunn-wr-buf-2021,2021,Antonio Nunn,WR,Buffalo,,,Wide Left Consensus Big Board (Arif Hasan) — wideleft.football,5110,204,8.875,31,4.5,,33.5,120,7.12,4.32,15,,,,,,,,,,2026-07-26,,,
antonio-phillips-cb--2021,2021,Antonio Phillips,CB,,7,298,Wide Left Consensus Big Board (Arif Hasan) — wideleft.football,5113,193,9.375,31.375,,,,,,,,,,,,,,,,,2026-07-26,303,297,91.6
antonious-sims-dt--2018,2018,Antonious Sims,DT,,,,Wide Left Consensus Big Board (Arif Hasan) — wideleft.football,,,,,,,,,,,,,,,,,,,,,2026-07-26,,,
antony-auclair-te--2017,2017,Antony Auclair,TE,,,,Wide Left Consensus Big Board (Arif Hasan) — wideleft.football,,,,,,,,,,,,,,,,,,,,,2026-07-26,,,
antonyo-woods-iol--2018,2018,Antonyo Woods,IOL,,,,Wide Left Consensus Big Board (Arif Hasan) — wideleft.football,,,,,,,,,,,,,,,,,,,,,2026-07-26,,,
antwan-collier-s--2022,2022,Antwan Collier,S,,,,Wide Left Consensus Big Board (Arif Hasan) — wideleft.football,,,,,,,,,,,,,,,,,,,,,2026-08-06,,,
antwaun-woods-dt-usc-2016,2016,Antwaun Woods,DT,USC,7,253,Wide Left Consensus Big Board (Arif Hasan) — wideleft.football,6001,318,9.625,31,5.18,,,,,,,,,,,,,,,,2026-07-26,,,82.4
antwione-williams-lb-geo-2016,2016,Antwione Williams,LB,Georgia Southern,,,Wide Left Consensus Big Board (Arif Hasan) — wideleft.football,,,,,,,,,,,,,,,,,5,169,Detroit,,2026-07-26,,,
aqeel-glass-qb--2022,2022,Aqeel Glass,QB,,,,Wide Left Consensus Big Board (Arif Hasan) — wideleft.football,,,,,,,,,,,,,,,,,,,,,2026-08-06,,,
ardarius-stewart-wr-ala-2017,2017,ArDarius Stewart,WR,Alabama,3,93,Wide Left Consensus Big Board (Arif Hasan) — wideleft.football,5111,204,9.38,32.5,4.49,,34,124,,,,,,,,,3,79,NY Jets,,2026-07-26,91,96,150.5
ardarius-washington-s-tcu-2021,2021,Ar'Darius Washington,S,TCU,4,116,Wide Left Consensus Big Board (Arif Hasan) — wideleft.football,5070,178,,,4.61,,37.5,127,7.06,4.1,17,,,,,,,,,,2026-07-26,142,115,95.3
arden-key-edge-lsu-2018,2018,Arden Key,EDGE,LSU,3,66,Wide Left Consensus Big Board (Arif Hasan) — wideleft.football,6047,238,10,33.5,,,31,117,7.16,4.25,,,,,,,3,87,Las Vegas,,2026-07-26,77,62,108
arian-penton-cb--2017,2017,Arian Penton,CB,,,,Wide Left Consensus Big Board (Arif Hasan) — wideleft.football,,,,,,,,,,,,,,,,,,,,,2026-07-26,,,
aris-scott-wr-del-2017,2017,Aris Scott,WR,Delaware State,,,Wide Left Consensus Big Board (Arif Hasan) — wideleft.football,6020,215,,,4.45,,35.5,115,,4.27,,,,,,,,,,,2026-07-26,,,
arlington-hambright-iol-col-2020,2020,Arlington Hambright,IOL,Colorado,,,Wide Left Consensus Big Board (Arif Hasan) — wideleft.football,,,,,,,,,,,,,,,,,7,226,Chicago,,2026-07-26,,,
armani-watts-s-tex-2018,2018,Armani Watts,S,Texas A&M,4,104,Wide Left Consensus Big Board (Arif Hasan) — wideleft.football,5104,205,8.75,31,,,35,120,7.25,4.37,13,,,,,,4,124,Kansas City,,2026-07-26,111,108,93
armon-watts-dt-ark-2019,2019,Armon Watts,DT,Arkansas,6,190,"Jack Lichtenstein Consensus Big Board — 14 of 17 component boards, re-averaged",6045,300,9.625,33.375,5.23,1.81,,,,,,,,,,,6,190,Minnesota,,2026-05-04,,,
arnold-ebiketie-edge-pen-2022,2022,Arnold Ebiketie,EDGE,Penn State,2,34,Wide Left Consensus Big Board (Arif Hasan) — wideleft.football,6023,250,10.25,34.125,,,38,128,,,21,,,,,,2,38,Atlanta,,2026-08-06,32,36,137.5
arquon-bush-cb-cin-2023,2023,Arquon Bush,CB,Cincinnati,7,286,"Jack Lichtenstein Consensus Big Board — 14 of 17 component boards, re-averaged",5117,187,9.25,29.875,4.54,,33.5,115,,,,,,,,,,,,,2026-05-04,,,
arrion-springs-cb--2018,2018,Arrion Springs,CB,,7,284,Wide Left Consensus Big Board (Arif Hasan) — wideleft.football,,,,,,,,,,,,,,,,,,,,,2026-07-26,325,271,104.3
arron-mosby-lb--2022,2022,Arron Mosby,LB,,,,Wide Left Consensus Big Board (Arif Hasan) — wideleft.football,,,,,,,,,,,,,,,,,,,,,2026-08-06,,,
artavis-scott-wr-cle-2017,2017,Artavis Scott,WR,Clemson,6,202,Wide Left Consensus Big Board (Arif Hasan) — wideleft.football,5101,193,9.38,31,4.61,,31,116,7.19,4.49,13,,,,,,,,,,2026-07-26,233,172,94.7
arthur-maulet-cb-mem-2017,2017,Arthur Maulet,CB,Memphis,,,Wide Left Consensus Big Board (Arif Hasan) — wideleft.football,5096,189,9.63,31.25,4.62,,34.5,120,,,18,,,,,,,,,,2026-07-26,,,
artie-burns-cb-mia-2016,2016,Artie Burns,CB,Miami,2,62,Wide Left Consensus Big Board (Arif Hasan) — wideleft.football,5117,193,9.5,33.25,4.46,,31.5,,,,,,,,,,1,25,Pittsburgh,,2026-07-26,,,103.5
asante-samuel-jr-cb-flo-2021,2021,Asante Samuel Jr.,CB,Florida State,2,40,Wide Left Consensus Big Board (Arif Hasan) — wideleft.football,5101,180,8.875,30.125,4.45,,35,124,6.95,4.13,12,,,,,,2,47,LA Chargers,,2026-07-26,43,41,126.4
ashawn-robinson-dt-ala-2016,2016,A'Shawn Robinson,DT,Alabama,1,16,Wide Left Consensus Big Board (Arif Hasan) — wideleft.football,6035,307,10.5,34.5,5.2,,26,106,7.8,4.74,22,,,,,,2,46,Detroit,,2026-07-26,,,145.2
ashton-dulin-wr-mal-2019,2019,Ashton Dulin,WR,Malone University (Ohio),7,322,"Jack Lichtenstein Consensus Big Board — 14 of 17 component boards, re-averaged",6013,215,9,33.375,4.43,,38,121,7,4.22,13,,,,,,,,,,2026-05-04,,,
ashton-lampkin-cb-okl-2017,2017,Ashton Lampkin,CB,Oklahoma State,7,248,Wide Left Consensus Big Board (Arif Hasan) — wideleft.football,6002,189,9.38,31,4.52,,34.5,120,,,19,,,,,,,,,,2026-07-26,266,255,88.2
ashtyn-davis-s-cal-2020,2020,Ashtyn Davis,S,California,2,50,Wide Left Consensus Big Board (Arif Hasan) — wideleft.football,6007,202,9.375,30.5,,,,,,,14,,,,,,3,68,NY Jets,,2026-07-26,64,48,
asim-richards-ot-nor-2023,2023,Asim Richards,OT,North Carolina,6,186,"Jack Lichtenstein Consensus Big Board — 14 of 17 component boards, re-averaged",6042,309,10,34,,,,,,,,,,,,,5,169,Dallas,,2026-05-04,,,
asim-rose-rb-ken-2021,2021,Asim Rose,RB,Kentucky,,,Wide Left Consensus Big Board (Arif Hasan) — wideleft.football,6010,215,9.375,31.25,4.51,,34,120,7.25,4.62,24,,,,,,,,,,2026-07-26,,,
atonio-mafi-iol-ucl-2023,2023,Atonio Mafi,IOL,UCLA,7,218,"Jack Lichtenstein Consensus Big Board — 14 of 17 component boards, re-averaged",,,,,,,,,,,,,,,,,5,144,New England,,2026-05-04,,,
aubrey-miller-jr-lb--2023,2023,Aubrey Miller Jr.,LB,,7,296,"Jack Lichtenstein Consensus Big Board — 14 of 17 component boards, re-averaged",,,,,,,,,,,,,,,,,,,,,2026-05-04,,,
auden-tate-wr-flo-2018,2018,Auden Tate,WR,Florida State,5,153,Wide Left Consensus Big Board (Arif Hasan) — wideleft.football,6047,228,9.375,33.75,4.68,,31,112,,,,,,,,,7,253,Cincinnati,,2026-07-26,149,148,92.2
austin-ajiake-lb--2023,2023,Austin Ajiake,LB,,7,398,"Jack Lichtenstein Consensus Big Board — 14 of 17 component boards, re-averaged",,,,,,,,,,,,,,,,,,,,,2026-05-04,,,
austin-allen-te-neb-2022,2022,Austin Allen,TE,Nebraska,7,236,Wide Left Consensus Big Board (Arif Hasan) — wideleft.football,6075,253,9.5,33.625,4.83,,34,121,7,4.26,,,,,,,,,,,2026-08-06,264,235,116.4
austin-blythe-iol-iow-2016,2016,Austin Blythe,IOL,Iowa,6,194,Wide Left Consensus Big Board (Arif Hasan) — wideleft.football,6021,298,9.5,31.5,5.36,,27.5,99,7.52,4.53,29,,,,,,7,248,Indianapolis,,2026-07-26,,,91.7
austin-bryant-edge-cle-2019,2019,Austin Bryant,EDGE,Clemson,5,151,"Jack Lichtenstein Consensus Big Board — 14 of 17 component boards, re-averaged",6037,271,9.625,34.625,,,,,,,,,,,,,4,117,Detroit,,2026-05-04,,,
austin-carr-wr--2017,2017,Austin Carr,WR,,,,Wide Left Consensus Big Board (Arif Hasan) — wideleft.football,,,,,,,,,,,,,,,,,,,,,2026-07-26,,,
austin-corbett-iol-nev-2018,2018,Austin Corbett,IOL,Nevada,2,51,Wide Left Consensus Big Board (Arif Hasan) — wideleft.football,6043,306,10.5,33.125,5.15,1.76,28,106,7.87,4.5,19,,,,,,2,33,Cleveland,,2026-07-26,58,50,113.4
austin-cutting-st-air-2019,2019,Austin Cutting,ST,Air Force,7,441,"Jack Lichtenstein Consensus Big Board — 14 of 17 component boards, re-averaged",,,,,,,,,,,,LS,,,,,7,250,Minnesota,,2026-05-04,,,
austin-deculus-ot-lsu-2022,2022,Austin Deculus,OT,LSU,,,Wide Left Consensus Big Board (Arif Hasan) — wideleft.football,6050,321,9.25,34.375,5.08,,28.5,109,,4.99,,,,,,,6,205,Houston,,2026-08-06,,,
austin-edwards-edge--2020,2020,Austin Edwards,EDGE,,,,Wide Left Consensus Big Board (Arif Hasan) — wideleft.football,,,,,,,,,,,,,,,,,,,,,2026-07-26,,,
austin-ekeler-rb--2017,2017,Austin Ekeler,RB,,,,Wide Left Consensus Big Board (Arif Hasan) — wideleft.football,,,,,,,,,,,,,,,,,,,,,2026-07-26,,,
austin-faoliu-dt-ore-2021,2021,Austin Faoliu,DT,Oregon,,,Wide Left Consensus Big Board (Arif Hasan) — wideleft.football,6031,287,9.75,32.75,,,,,,,,Pass Rusher,,,,,,,,,2026-07-26,,,
austin-hooper-te-sta-2016,2016,Austin Hooper,TE,Stanford,3,74,Wide Left Consensus Big Board (Arif Hasan) — wideleft.football,6036,254,10.625,33.75,4.72,,33,117,7,4.32,19,,,,,,3,81,Atlanta,,2026-07-26,,,81
austin-jackson-ot-usc-2020,2020,Austin Jackson,OT,USC,2,43,Wide Left Consensus Big Board (Arif Hasan) — wideleft.football,6047,322,10.25,34.125,5.07,1.73,31,115,7.95,,27,,,,,,1,18,Miami,,2026-07-26,26,46,
austin-johnson-dt-pen-2016,2016,Austin Johnson,DT,Penn State,2,54,Wide Left Consensus Big Board (Arif Hasan) — wideleft.football,6043,314,9.875,32.75,5.32,,26,96,7.84,4.75,25,,,,,,2,43,Tennessee,,2026-07-26,,,97.1
austin-mack-wr-ohi-2020,2020,Austin Mack,WR,Ohio State,7,292,Wide Left Consensus Big Board (Arif Hasan) — wideleft.football,6014,208,10,33.625,4.59,1.57,31.5,117,,4.42,,,,,,,,,,,2026-07-26,243,308,
austin-proehl-wr-nor-2018,2018,Austin Proehl,WR,North Carolina,,,Wide Left Consensus Big Board (Arif Hasan) — wideleft.football,,,,,,,,,,,,,,,,,7,255,Buffalo,,2026-07-26,,,
austin-rehkow-st-ida-2017,2017,Austin Rehkow,ST,Idaho,,,Wide Left Consensus Big Board (Arif Hasan) — wideleft.football,6027,214,9.88,31.88,,,,,,,,P,,,,,,,,,2026-07-26,,,
austin-seibert-st-okl-2019,2019,Austin Seibert,ST,Oklahoma,7,357,"Jack Lichtenstein Consensus Big Board — 14 of 17 component boards, re-averaged",5092,213,8.875,30.375,,,,,,,,K,,,,,5,170,Cleveland,,2026-05-04,,,
austin-siebert-st-okl-2019,2019,Austin Siebert,ST,Oklahoma,7,378,"Jack Lichtenstein Consensus Big Board — 14 of 17 component boards, re-averaged",5092,213,8.875,30.375,,,,,,,,K,,,,,,,,,2026-05-04,,,
austin-stogner-te--2022,2022,Austin Stogner,TE,,,,Wide Left Consensus Big Board (Arif Hasan) — wideleft.football,,,,,,,,,,,,,,,,,,,,,2026-08-06,,,
austin-watkins-wr--2021,2021,Austin Watkins,WR,,5,178,Wide Left Consensus Big Board (Arif Hasan) — wideleft.football,6014,209,9.625,31.75,,,,,,,,,,,,,,,,,2026-07-26,168,179,98.9
avery-gennesy-ot-tex-2017,2017,Avery Gennesy,OT,Texas A&M,6,209,Wide Left Consensus Big Board (Arif Hasan) — wideleft.football,6034,318,9.5,33.63,5.35,,20,91,8.08,5,24,,,,,,,,,,2026-07-26,205,217,84.4
avery-moss-edge-you-2017,2017,Avery Moss,EDGE,Youngstown State,7,229,Wide Left Consensus Big Board (Arif Hasan) — wideleft.football,6033,264,10.38,34.5,4.79,,32.5,114,7.25,4.43,14,,,,,,5,167,NY Giants,,2026-07-26,216,233,99.2
avery-williams-cb-boi-2021,2021,Avery Williams,CB,Boise State,7,260,Wide Left Consensus Big Board (Arif Hasan) — wideleft.football,5083,187,9,28.75,4.43,,33.5,121,6.88,4,19,,,,,,5,183,Atlanta,,2026-07-26,286,261,101.5
avery-young-ot-aub-2016,2016,Avery Young,OT,Auburn,6,198,Wide Left Consensus Big Board (Arif Hasan) — wideleft.football,6045,328,10.5,33.75,5.39,,,,8.22,4.91,,,,,,,,,,,2026-07-26,,,120.3
aviante-collins-ot-tcu-2017,2017,Aviante Collins,OT,TCU,7,241,Wide Left Consensus Big Board (Arif Hasan) — wideleft.football,6041,295,9.38,33.38,4.81,,,,,,34,,,,,,,,,,2026-07-26,229,257,103.9
avonte-maddox-cb-pit-2018,2018,Avonte Maddox,CB,Pittsburgh,6,180,Wide Left Consensus Big Board (Arif Hasan) — wideleft.football,5091,180,8.75,29.5,4.39,,37,125,6.51,4,13,,,,,,4,125,Philadelphia,,2026-07-26,179,179,75.9
azeem-victor-lb-was-2018,2018,Azeem Victor,LB,Washington,7,264,Wide Left Consensus Big Board (Arif Hasan) — wideleft.football,6021,240,9.375,33,4.72,,32.5,115,7.2,4.4,19,,,,,,6,216,Las Vegas,,2026-07-26,381,255,90.7
azeez-ojulari-edge-geo-2021,2021,Azeez Ojulari,EDGE,Georgia,1,20,Wide Left Consensus Big Board (Arif Hasan) — wideleft.football,6020,249,,,4.63,,30,127,7.27,4.34,26,,,,,,2,50,NY Giants,,2026-07-26,19,20,103.2
aziz-shittu-dt--2016,2016,Aziz Shittu,DT,,7,271,Wide Left Consensus Big Board (Arif Hasan) — wideleft.football,,,,,,,,,,,,,,,,,,,,,2026-07-26,,,94.1
azur-kamara-lb-kan-2020,2020,Azur Kamara,LB,Kansas,7,298,Wide Left Consensus Big Board (Arif Hasan) — wideleft.football,6032,245,10,35.25,4.59,,28,121,7.2,4.46,13,,,,,,,,,,2026-07-26,276,303,
bj-autry-iol--2019,2019,B.J. Autry,IOL,,7,296,"Jack Lichtenstein Consensus Big Board — 14 of 17 component boards, re-averaged",,,,,,,,,,,,,,,,,,,,,2026-05-04,,,
bj-goodson-lb-cle-2016,2016,B.J. Goodson,LB,Clemson,6,203,Wide Left Consensus Big Board (Arif Hasan) — wideleft.football,6005,242,10,33.25,4.69,,34.5,118,7.05,4.51,30,,,,,,4,109,NY Giants,,2026-07-26,,,131.4
bj-hill-dt-nor-2018,2018,B.J. Hill,DT,North Carolina State,3,77,Wide Left Consensus Big Board (Arif Hasan) — wideleft.football,6032,311,10.625,33,4.99,1.74,26.5,101,7.28,4.53,35,,,,,,3,69,NY Giants,,2026-07-26,70,79,103
bj-singleton-dt--2017,2017,B.J. Singleton,DT,,,,Wide Left Consensus Big Board (Arif Hasan) — wideleft.football,,,,,,,,,,,,,,,,,,,,,2026-07-26,,,
bailey-gaither-wr-san-2021,2021,Bailey Gaither,WR,San Jose State,,,Wide Left Consensus Big Board (Arif Hasan) — wideleft.football,6000,188,9.25,31,4.45,,31,121,7.07,4.39,9,,,,,,,,,,2026-07-26,,,
bailey-zappe-qb-wes-2022,2022,Bailey Zappe,QB,Western Kentucky,5,147,Wide Left Consensus Big Board (Arif Hasan) — wideleft.football,6004,215,9.75,31.375,4.88,,30,109,7.19,4.4,,,,,,,4,137,New England,,2026-08-06,190,139,94.7
baker-mayfield-qb-okl-2018,2018,Baker Mayfield,QB,Oklahoma,1,11,Wide Left Consensus Big Board (Arif Hasan) — wideleft.football,6005,215,9.25,30.25,4.84,,29,111,7,4.28,,,,,,,1,1,Cleveland,,2026-07-26,11,10,113.3
bamidele-olaseni-ot--2022,2022,Bamidele Olaseni,OT,,,,Wide Left Consensus Big Board (Arif Hasan) — wideleft.football,,,,,,,,,,,,,,,,,,,,,2026-08-06,,,
baron-browning-lb-ohi-2021,2021,Baron Browning,LB,Ohio State,3,67,Wide Left Consensus Big Board (Arif Hasan) — wideleft.football,6026,245,10,33.5,4.58,,40,130,6.78,4.23,23,,,,,,3,105,Denver,,2026-07-26,66,67,97.2
bart-houston-qb--2017,2017,Bart Houston,QB,,,,Wide Left Consensus Big Board (Arif Hasan) — wideleft.football,,,,,,,,,,,,,,,,,,,,,2026-07-26,,,
baylon-spector-lb-cle-2022,2022,Baylon Spector,LB,Clemson,,,Wide Left Consensus Big Board (Arif Hasan) — wideleft.football,6001,233,10,31.5,4.6,,36,122,,,,,,,,,7,231,Buffalo,,2026-08-06,,,
beau-benzschawel-iol-wis-2019,2019,Beau Benzschawel,IOL,Wisconsin,4,126,"Jack Lichtenstein Consensus Big Board — 14 of 17 component boards, re-averaged",6062,309,9.625,33.375,5.24,,,,,,20,,,,,,,,,,2026-05-04,,,
beau-sandland-te-mon-2016,2016,Beau Sandland,TE,Montana State,6,202,Wide Left Consensus Big Board (Arif Hasan) — wideleft.football,6044,253,10.125,34.25,4.74,,35,124,7.1,4.33,23,,,,,,7,252,Carolina,,2026-07-26,,,97
ben-banogu-edge-tcu-2019,2019,Ben Banogu,EDGE,TCU,4,114,"Jack Lichtenstein Consensus Big Board — 14 of 17 component boards, re-averaged",6034,250,9,33.625,4.62,1.56,40,134,7.02,4.27,23,,,,,,2,49,Indianapolis,,2026-05-04,,,
ben-bartch-ot-sai-2020,2020,Ben Bartch,OT,Saint John's (MN),3,96,Wide Left Consensus Big Board (Arif Hasan) — wideleft.football,6056,309,9,32.875,,,,,,,,,,,,,4,116,Jacksonville,,2026-07-26,98,101,
ben-boulware-lb-cle-2017,2017,Ben Boulware,LB,Clemson,7,222,Wide Left Consensus Big Board (Arif Hasan) — wideleft.football,6000,238,10,30.5,,,29.5,111,7.02,4.43,20,,,,,,,,,,2026-07-26,260,213,71.2
ben-braden-iol-mic-2017,2017,Ben Braden,IOL,Michigan,7,242,Wide Left Consensus Big Board (Arif Hasan) — wideleft.football,6064,329,9.88,34,5.04,,28,102,7.85,4.9,25,,,,,,,,,,2026-07-26,279,235,97
ben-bredeson-iol-mic-2020,2020,Ben Bredeson,IOL,Michigan,4,114,Wide Left Consensus Big Board (Arif Hasan) — wideleft.football,6045,315,10.125,31.125,,,,,,,,,,,,,4,143,Baltimore,,2026-07-26,113,111,
ben-brown-iol-mis-2022,2022,Ben Brown,IOL,Mississippi,7,277,Wide Left Consensus Big Board (Arif Hasan) — wideleft.football,6051,312,10.25,34.375,,,,,,,,,,,,,,,,,2026-08-06,226,282,85.7
ben-burr-kirven-lb-was-2019,2019,Ben Burr-Kirven,LB,Washington,6,209,"Jack Lichtenstein Consensus Big Board — 14 of 17 component boards, re-averaged",6000,230,8.875,31.875,4.56,,34.5,121,6.85,4.09,21,,,,,,5,142,Seattle,,2026-05-04,,,
ben-cleveland-iol-geo-2021,2021,Ben Cleveland,IOL,Georgia,4,103,Wide Left Consensus Big Board (Arif Hasan) — wideleft.football,6062,343,9.75,33.75,5.05,,28,102,,4.88,30,,,,,,3,94,Baltimore,,2026-07-26,104,99,93.5
ben-dinucci-qb-jam-2020,2020,Ben DiNucci,QB,James Madison,,,Wide Left Consensus Big Board (Arif Hasan) — wideleft.football,,,,,,,,,,,,,,,,,7,231,Dallas,,2026-07-26,,,
ben-gedeon-lb-mic-2017,2017,Ben Gedeon,LB,Michigan,6,199,Wide Left Consensus Big Board (Arif Hasan) — wideleft.football,6016,244,10,32.63,4.75,,34.5,119,6.98,4.13,27,,,,,,4,120,Minnesota,,2026-07-26,193,199,75.9
ben-griffiths-st--2022,2022,Ben Griffiths,ST,,,,Wide Left Consensus Big Board (Arif Hasan) — wideleft.football,,,,,,,,,,,,P,,,,,,,,,2026-08-06,,,
ben-mason-rb-mic-2021,2021,Ben Mason,RB,Michigan,7,247,Wide Left Consensus Big Board (Arif Hasan) — wideleft.football,6026,246,9.375,32.625,4.73,,37.5,117,6.96,4.42,29,FB,,,,,5,184,Baltimore,,2026-07-26,225,271,108.7
ben-niemann-lb--2018,2018,Ben Niemann,LB,,,,Wide Left Consensus Big Board (Arif Hasan) — wideleft.football,,,,,,,,,,,,,,,,,,,,,2026-07-26,,,
ben-powers-iol-okl-2019,2019,Ben Powers,IOL,Oklahoma,4,122,"Jack Lichtenstein Consensus Big Board — 14 of 17 component boards, re-averaged",6040,307,9.875,33.75,,,,,,,21,,,,,,4,123,Baltimore,,2026-05-04,,,
ben-skowronek-wr-not-2021,2021,Ben Skowronek,WR,Notre Dame,,,Wide Left Consensus Big Board (Arif Hasan) — wideleft.football,6020,220,,,,,,,,,13,,,,,,7,249,LA Rams,,2026-07-26,,,
ben-stille-dt--2022,2022,Ben Stille,DT,,,,Wide Left Consensus Big Board (Arif Hasan) — wideleft.football,,,,,,,,,,,,,,,,,,,,,2026-08-06,,,
ben-vansumeren-lb--2023,2023,Ben VanSumeren,LB,,7,349,"Jack Lichtenstein Consensus Big Board — 14 of 17 component boards, re-averaged",,,,,,,,,,,,,,,,,,,,,2026-05-04,,,
beniquez-brown-lb-mis-2016,2016,Beniquez Brown,LB,Mississippi State,7,236,Wide Left Consensus Big Board (Arif Hasan) — wideleft.football,6006,229,9.125,31.375,4.77,,31,110,7.07,4.28,18,,,,,,,,,,2026-07-26,,,112.2
benito-jones-dt-mis-2020,2020,Benito Jones,DT,Mississippi,6,210,Wide Left Consensus Big Board (Arif Hasan) — wideleft.football,6010,316,9.75,32.875,5.26,1.8,26.5,,8.21,5.27,,,,,,,,,,,2026-07-26,181,218,
benjamin-braunecker-te--2016,2016,Benjamin Braunecker,TE,,6,211,Wide Left Consensus Big Board (Arif Hasan) — wideleft.football,6033,250,9.5,32.75,4.73,,35.5,121,6.9,4.2,20,,,,,,,,,,2026-08-02,,,89.9
benjamin-st-juste-cb-min-2021,2021,Benjamin St-Juste,CB,Minnesota,4,117,Wide Left Consensus Big Board (Arif Hasan) — wideleft.football,6032,202,9.375,32.625,4.51,,34.5,119,6.63,3.96,11,,,,,,3,74,Washington,,2026-07-26,99,120,92.5
bennett-williams-s--2023,2023,Bennett Williams,S,,7,448,"Jack Lichtenstein Consensus Big Board — 14 of 17 component boards, re-averaged",,,,,,,,,,,,,,,,,,,,,2026-05-04,,,
benny-lemay-rb-cha-2020,2020,Benny LeMay,RB,Charlotte,,,Wide Left Consensus Big Board (Arif Hasan) — wideleft.football,5081,221,9,29.875,4.75,,28.5,112,,,24,,,,,,,,,,2026-07-26,,,
benny-snell-jr-rb-ken-2019,2019,Benny Snell Jr.,RB,Kentucky,5,166,"Jack Lichtenstein Consensus Big Board — 14 of 17 component boards, re-averaged",5103,224,9.375,31,4.66,,29.5,119,7.07,4.33,16,,,,,,4,122,Pittsburgh,,2026-05-04,,,
bentlee-sanders-cb--2023,2023,Bentlee Sanders,CB,,7,434,"Jack Lichtenstein Consensus Big Board — 14 of 17 component boards, re-averaged",,,,,,,,,,,,,,,,,,,,,2026-05-04,,,
bernhard-raimann-ot-cen-2022,2022,Bernhard Raimann,OT,Central Michigan,2,39,Wide Left Consensus Big Board (Arif Hasan) — wideleft.football,6061,303,10.25,32.875,5.05,,30.5,117,7.46,4.49,30,,,,,,3,77,Indianapolis,,2026-08-06,41,42,102.9
bijan-robinson-rb-tex-2023,2023,Bijan Robinson,RB,Texas,1,4,"Jack Lichtenstein Consensus Big Board — 14 of 17 component boards, re-averaged",5110,215,9.75,31.125,4.46,,37,124,,,,,,,,,1,8,Atlanta,,2026-05-04,,,
bijhon-jackson-dt--2018,2018,Bijhon Jackson,DT,,,,Wide Left Consensus Big Board (Arif Hasan) — wideleft.football,,,,,,,,,,,,,,,,,,,,,2026-07-26,,,
bilal-nichols-dt-del-2018,2018,Bilal Nichols,DT,Delaware,6,194,Wide Left Consensus Big Board (Arif Hasan) — wideleft.football,6036,306,10.25,33.375,4.95,1.73,,,,,29,,,,,,5,145,Chicago,,2026-07-26,198,196,90.5
billy-brown-te-she-2017,2017,Billy Brown,TE,Shepherd,7,256,Wide Left Consensus Big Board (Arif Hasan) — wideleft.football,6036,254,10.38,33,4.7,,29,118,,,23,,,,,,,,,,2026-07-26,223,278,80.9
billy-hirschfeld-dt--2018,2018,Billy Hirschfeld,DT,,,,Wide Left Consensus Big Board (Arif Hasan) — wideleft.football,,,,,,,,,,,,,,,,,,,,,2026-07-26,,,
billy-price-iol-ohi-2018,2018,Billy Price,IOL,Ohio State,2,34,Wide Left Consensus Big Board (Arif Hasan) — wideleft.football,6036,305,9.75,32,,,,,,,,,,,,,1,21,Cincinnati,,2026-07-26,43,30,87.4
binjimen-victor-wr--2020,2020,Binjimen Victor,WR,,7,255,Wide Left Consensus Big Board (Arif Hasan) — wideleft.football,6036,198,9.625,34.125,4.6,1.51,35,128,7.1,,9,,,,,,,,,,2026-07-26,261,255,
bj-ojulari-edge-lsu-2023,2023,BJ Ojulari,EDGE,LSU,2,39,"Jack Lichtenstein Consensus Big Board — 14 of 17 component boards, re-averaged",6023,248,10.5,34.25,,,32.5,126,,,,,,,,,2,41,Arizona,,2026-05-04,,,
bj-thompson-lb-s.f-2023,2023,BJ Thompson,LB,S.F. Austin,7,320,"Jack Lichtenstein Consensus Big Board — 14 of 17 component boards, re-averaged",,,,,,,,,,,,,,,,,5,166,Kansas City,,2026-05-04,,,
blace-brown-cb-tro-2019,2019,Blace Brown,CB,Troy,7,303,"Jack Lichtenstein Consensus Big Board — 14 of 17 component boards, re-averaged",6003,194,9.75,32,4.75,,,126,7.33,4.22,14,,,,,,,,,,2026-05-04,,,
blair-brown-lb-ohi-2017,2017,Blair Brown,LB,Ohio,5,163,Wide Left Consensus Big Board (Arif Hasan) — wideleft.football,5114,238,9.38,31.25,4.65,,37,124,6.92,4.18,,,,,,,5,148,Jacksonville,,2026-07-26,168,228,136.5
blaise-andries-iol-min-2022,2022,Blaise Andries,IOL,Minnesota,,,Wide Left Consensus Big Board (Arif Hasan) — wideleft.football,6062,308,9.875,33.875,5.1,,30.5,106,7.84,4.68,,,,,,,,,,,2026-08-06,,,
blake-brandel-ot-ore-2020,2020,Blake Brandel,OT,Oregon State,,,Wide Left Consensus Big Board (Arif Hasan) — wideleft.football,,,,,,,,,,,,,,,,,6,203,Minnesota,,2026-07-26,,,
blake-cashman-lb-min-2019,2019,Blake Cashman,LB,Minnesota,4,115,"Jack Lichtenstein Consensus Big Board — 14 of 17 component boards, re-averaged",6011,237,8.75,30.125,4.5,,37.5,124,6.95,4.12,18,,,,,,5,157,NY Jets,,2026-05-04,,,
blake-countess-cb-aub-2016,2016,Blake Countess,CB,Auburn,,,Wide Left Consensus Big Board (Arif Hasan) — wideleft.football,,,,,,,,,,,,,,,,,6,196,Philadelphia,,2026-07-26,,,
blake-ferguson-st-lsu-2020,2020,Blake Ferguson,ST,LSU,,,Wide Left Consensus Big Board (Arif Hasan) — wideleft.football,6025,229,9.75,31.375,5.07,,31,112,7.43,4.52,,LS,,,,,6,185,Miami,,2026-07-26,,,
blake-freeland-ot-byu-2023,2023,Blake Freeland,OT,BYU,4,106,"Jack Lichtenstein Consensus Big Board — 14 of 17 component boards, re-averaged",6077,302,10,33.875,4.98,1.68,37,120,7.46,4.71,,,,,,,4,106,Indianapolis,,2026-05-04,,,
blake-gallagher-lb-nor-2021,2021,Blake Gallagher,LB,Northwestern,,,Wide Left Consensus Big Board (Arif Hasan) — wideleft.football,5116,228,9.125,31,4.83,,31.5,107,7.23,4.4,27,,,,,,,,,,2026-07-26,,,
blake-haubeil-st-ohi-2021,2021,Blake Haubeil,ST,Ohio State,,,Wide Left Consensus Big Board (Arif Hasan) — wideleft.football,6036,233,8.875,32.375,,,,,,,,K,,,,,,,,,2026-07-26,,,
blake-hayes-st-ill-2022,2022,Blake Hayes,ST,Illinois,,,Wide Left Consensus Big Board (Arif Hasan) — wideleft.football,6043,226,9.75,33,,,,,,,,P,,,,,,,,,2026-08-06,,,
blake-jarwin-te--2017,2017,Blake Jarwin,TE,,7,255,Wide Left Consensus Big Board (Arif Hasan) — wideleft.football,,,,,,,,,,,,,,,,,,,,,2026-07-26,312,265,76.3
blake-martinez-lb-sta-2016,2016,Blake Martinez,LB,Stanford,4,133,Wide Left Consensus Big Board (Arif Hasan) — wideleft.football,6015,237,10,31.625,4.71,,28.5,113,6.98,4.2,22,,,,,,4,131,Green Bay,,2026-07-26,,,82.6
blake-whiteheart-te-wak-2023,2023,Blake Whiteheart,TE,Wake Forest,7,279,"Jack Lichtenstein Consensus Big Board — 14 of 17 component boards, re-averaged",6036,247,8.75,32.125,4.7,,35.5,115,,,20,,,,,,,,,,2026-05-04,,,
blessuan-austin-cb-rut-2019,2019,Blessuan Austin,CB,Rutgers,7,298,"Jack Lichtenstein Consensus Big Board — 14 of 17 component boards, re-averaged",6005,198,10,32.5,,,,,,,15,,,,,,6,196,NY Jets,,2026-05-04,,,
bo-melton-wr-rut-2022,2022,Bo Melton,WR,Rutgers,5,164,Wide Left Consensus Big Board (Arif Hasan) — wideleft.football,5110,189,9,31.25,4.34,,38,121,6.98,,,,,,,,7,229,Seattle,,2026-08-06,156,167,76
bo-scarbrough-rb-ala-2018,2018,Bo Scarbrough,RB,Alabama,5,156,Wide Left Consensus Big Board (Arif Hasan) — wideleft.football,6013,228,10,33.5,4.52,,40,129,,4.34,14,,,,,,7,236,Dallas,,2026-07-26,164,149,78.8
bobby-brown-iii-dt-tex-2021,2021,Bobby Brown III,DT,Texas A&M,5,146,Wide Left Consensus Big Board (Arif Hasan) — wideleft.football,,,,,,,,,,,,,,,,,4,117,LA Rams,,2026-07-26,140,151,100.5
bobby-evans-ot-okl-2019,2019,Bobby Evans,OT,Oklahoma,3,101,"Jack Lichtenstein Consensus Big Board — 14 of 17 component boards, re-averaged",6043,312,9.875,34.75,5.2,,,,,,22,,,,,,3,97,LA Rams,,2026-05-04,,,
bobby-okereke-lb-sta-2019,2019,Bobby Okereke,LB,Stanford,4,118,"Jack Lichtenstein Consensus Big Board — 14 of 17 component boards, re-averaged",6013,239,10.125,34.5,4.58,,33.5,122,7.25,4.26,,,,,,,3,89,Indianapolis,,2026-05-04,,,
bobo-wilson-wr--2017,2017,Bobo Wilson,WR,,,,Wide Left Consensus Big Board (Arif Hasan) — wideleft.football,5092,189,9.38,31.38,,,,,,,,,,,,,,,,,2026-07-26,,,
bopete-keyes-cb-tul-2020,2020,BoPete Keyes,CB,Tulane,,,Wide Left Consensus Big Board (Arif Hasan) — wideleft.football,6007,202,8.75,32.625,,,36,126,,,,,,,,,,,,,2026-07-26,,,
boston-scott-rb-lou-2018,2018,Boston Scott,RB,Louisiana Tech,,,Wide Left Consensus Big Board (Arif Hasan) — wideleft.football,,,,,,,,,,,,,,,,,6,201,New Orleans,,2026-07-26,,,
boston-stiverson-iol--2016,2016,Boston Stiverson,IOL,,,,Wide Left Consensus Big Board (Arif Hasan) — wideleft.football,,,,,,,,,,,,,,,,,,,,,2026-07-26,,,
boye-mafe-edge-min-2022,2022,Boye Mafe,EDGE,Minnesota,2,35,Wide Left Consensus Big Board (Arif Hasan) — wideleft.football,6036,261,9.875,32.625,4.53,,38,125,,,,,,,,,2,40,Seattle,,2026-08-06,33,35,93.8
brad-craddock-st-mar-2016,2016,Brad Craddock,ST,Maryland,,,Wide Left Consensus Big Board (Arif Hasan) — wideleft.football,6000,186,8.25,31,4.88,,,,,,,K,,,,,,,,,2026-07-26,,,
brad-hawkins-s--2022,2022,Brad Hawkins,S,,,,Wide Left Consensus Big Board (Arif Hasan) — wideleft.football,,,,,,,,,,,,,,,,,,,,,2026-08-06,,,
brad-kaaya-qb-mia-2017,2017,Brad Kaaya,QB,Miami,4,112,Wide Left Consensus Big Board (Arif Hasan) — wideleft.football,6037,214,9.75,32,,,,,,,,,,,,,6,215,Detroit,,2026-07-26,122,109,97.1
brad-robbins-st-mic-2023,2023,Brad Robbins,ST,Michigan,7,454,"Jack Lichtenstein Consensus Big Board — 14 of 17 component boards, re-averaged",6004,199,9,30.375,,,,,,,,P,,,,,6,217,Cincinnati,,2026-05-04,,,
brad-seaton-ot-vil-2017,2017,Brad Seaton,OT,Villanova,,,Wide Left Consensus Big Board (Arif Hasan) — wideleft.football,,,,,,,,,,,,,,,,,7,236,Tennessee,,2026-07-26,,,
braden-mann-st-tex-2020,2020,Braden Mann,ST,Texas A&M,7,248,Wide Left Consensus Big Board (Arif Hasan) — wideleft.football,5113,198,9.25,30,4.83,,31,111,7.03,4.13,,P,,,,,6,191,NY Jets,,2026-07-26,154,286,
braden-smith-iol-aub-2018,2018,Braden Smith,IOL,Auburn,2,61,Wide Left Consensus Big Board (Arif Hasan) — wideleft.football,6062,315,9.375,32.25,5.22,1.8,33.5,113,,4.77,35,,,,,,2,37,Indianapolis,,2026-07-26,60,61,82.5
bradlee-anae-edge-uta-2020,2020,Bradlee Anae,EDGE,Utah,3,81,Wide Left Consensus Big Board (Arif Hasan) — wideleft.football,6033,257,10.125,32.125,4.93,1.68,31,115,7.44,4.43,25,,,,,,5,179,Dallas,,2026-07-26,74,82,
bradley-bozeman-iol-ala-2018,2018,Bradley Bozeman,IOL,Alabama,7,230,Wide Left Consensus Big Board (Arif Hasan) — wideleft.football,,,,,,,,,,,,,,,,,6,215,Baltimore,,2026-07-26,277,237,98.1
bradley-chubb-edge-nor-2018,2018,Bradley Chubb,EDGE,North Carolina State,1,3,Wide Left Consensus Big Board (Arif Hasan) — wideleft.football,6043,269,9.875,34,4.65,1.63,36,121,7.37,4.41,24,,,,,,1,5,Denver,,2026-07-26,2,3,87.1
brady-breeze-s-ore-2021,2021,Brady Breeze,S,Oregon,7,253,Wide Left Consensus Big Board (Arif Hasan) — wideleft.football,5116,197,9.5,30.5,4.55,,38,120,7.05,4.22,20,,,,,,6,215,Tennessee,,2026-07-26,281,249,84.5
brady-christensen-ot-byu-2021,2021,Brady Christensen,OT,BYU,3,74,Wide Left Consensus Big Board (Arif Hasan) — wideleft.football,,,,,,,34,124,,,30,,,,,,3,70,Carolina,,2026-07-26,100,73,117.2
braeden-daniels-iol-uta-2023,2023,Braeden Daniels,IOL,Utah,4,128,"Jack Lichtenstein Consensus Big Board — 14 of 17 component boards, re-averaged",6035,294,9.375,33,4.99,1.71,30.5,109,7.53,4.6,,,,,,,4,118,Washington,,2026-05-04,,,
bralon-addison-wr-ore-2016,2016,Bralon Addison,WR,Oregon,6,195,Wide Left Consensus Big Board (Arif Hasan) — wideleft.football,5092,197,9.125,29.5,4.66,,34.5,116,6.95,4.14,13,,,,,,,,,,2026-07-26,,,92.1
branden-jackson-edge-tex-2016,2016,Branden Jackson,EDGE,Texas Tech,,,Wide Left Consensus Big Board (Arif Hasan) — wideleft.football,6037,273,10.25,33.375,5.06,,31.5,113,7.4,4.77,20,,,,,,,,,,2026-07-26,,,
brandin-echols-cb-ken-2021,2021,Brandin Echols,CB,Kentucky,7,273,Wide Left Consensus Big Board (Arif Hasan) — wideleft.football,5101,179,9.125,30.25,4.34,,42.5,136,6.84,4.12,13,,,,,,6,200,NY Jets,,2026-07-26,260,280,101.3
brandon-aiyuk-wr-ari-2020,2020,Brandon Aiyuk,WR,Arizona State,2,39,Wide Left Consensus Big Board (Arif Hasan) — wideleft.football,5115,205,9.75,33.5,4.5,1.52,40,128,,,11,,,,,,1,25,San Francisco,,2026-07-26,30,40,
brandon-allen-qb-ark-2016,2016,Brandon Allen,QB,Arkansas,6,189,Wide Left Consensus Big Board (Arif Hasan) — wideleft.football,6013,217,8.875,31.25,4.84,,28,110,7.06,4.33,,,,,,,6,201,Jacksonville,,2026-07-26,,,87.4
brandon-barnes-te--2017,2017,Brandon Barnes,TE,,,,Wide Left Consensus Big Board (Arif Hasan) — wideleft.football,,,,,,,,,,,,,,,,,,,,,2026-07-26,,,
brandon-doughty-qb-wes-2016,2016,Brandon Doughty,QB,Western Kentucky,7,247,Wide Left Consensus Big Board (Arif Hasan) — wideleft.football,6023,213,9.125,32,5.22,,27,103,7.49,4.52,,,,,,,7,223,Miami,,2026-07-26,,,89.1
brandon-facyson-cb-vir-2018,2018,Brandon Facyson,CB,Virginia Tech,7,231,Wide Left Consensus Big Board (Arif Hasan) — wideleft.football,6014,197,9.75,32.625,4.53,,,,,,16,,,,,,,,,,2026-07-26,234,230,82.3
brandon-hill-s-pit-2023,2023,Brandon Hill,S,Pittsburgh,7,237,"Jack Lichtenstein Consensus Big Board — 14 of 17 component boards, re-averaged",5103,193,9.5,30.75,4.43,,35.5,123,,,15,,,,,,7,248,Houston,,2026-05-04,,,
brandon-hitner-iol--2019,2019,Brandon Hitner,IOL,,7,292,"Jack Lichtenstein Consensus Big Board — 14 of 17 component boards, re-averaged",,,,,,,,,,,,,,,,,,,,,2026-05-04,,,
brandon-jones-s-tex-2020,2020,Brandon Jones,S,Texas,4,130,Wide Left Consensus Big Board (Arif Hasan) — wideleft.football,5111,198,8.75,30.125,,,,,,,,,,,,,3,70,Miami,,2026-08-02,109,133,
brandon-joseph-s-not-2023,2023,Brandon Joseph,S,Notre Dame,5,174,"Jack Lichtenstein Consensus Big Board — 14 of 17 component boards, re-averaged",6003,202,9,30.875,4.62,,30.5,118,7.08,4.23,17,,,,,,,,,,2026-05-04,,,
brandon-kipper-iol--2023,2023,Brandon Kipper,IOL,,7,433,"Jack Lichtenstein Consensus Big Board — 14 of 17 component boards, re-averaged",,,,,,,,,,,,,,,,,,,,,2026-05-04,,,
brandon-knight-iol-ind-2019,2019,Brandon Knight,IOL,Indiana,7,354,"Jack Lichtenstein Consensus Big Board — 14 of 17 component boards, re-averaged",6036,314,10,34,,,,,,,,,,,,,,,,,2026-05-04,,,
brandon-kublanow-iol--2017,2017,Brandon Kublanow,IOL,,,,Wide Left Consensus Big Board (Arif Hasan) — wideleft.football,,,,,,,,,,,,,,,,,,,,,2026-07-26,,,
brandon-lingen-te--2018,2018,Brandon Lingen,TE,,,,Wide Left Consensus Big Board (Arif Hasan) — wideleft.football,,,,,,,,,,,,,,,,,,,,,2026-07-26,,,
brandon-parker-ot-nor-2018,2018,Brandon Parker,OT,North Carolina A&T,5,144,Wide Left Consensus Big Board (Arif Hasan) — wideleft.football,6075,305,9.75,35,5.4,1.83,28.5,113,7.82,4.68,,,,,,,3,65,Las Vegas,,2026-07-26,142,135,96.7
brandon-rusnak-cb--2019,2019,Brandon Rusnak,CB,,7,425,"Jack Lichtenstein Consensus Big Board — 14 of 17 component boards, re-averaged",,,,,,,,,,,,,,,,,,,,,2026-05-04,,,
brandon-shell-ot-sou-2016,2016,Brandon Shell,OT,South Carolina,6,192,Wide Left Consensus Big Board (Arif Hasan) — wideleft.football,6053,324,10.75,34.75,5.22,,30.5,112,,,22,,,,,,5,158,NY Jets,,2026-07-26,,,81.4
brandon-smith-lb-pen-2022,2022,Brandon Smith,LB,Penn State,4,109,Wide Left Consensus Big Board (Arif Hasan) — wideleft.football,6034,250,10.25,34.625,4.52,,37.5,128,,,,,,,,,4,120,Carolina,,2026-08-06,107,112,93
brandon-smith-wr-iow-2021,2021,Brandon Smith,WR,Iowa,7,283,Wide Left Consensus Big Board (Arif Hasan) — wideleft.football,6010,218,,,4.62,,39.5,130,,,,,,,,,,,,,2026-07-26,257,295,90
brandon-stephens-cb-smu-2021,2021,Brandon Stephens,CB,SMU,7,255,Wide Left Consensus Big Board (Arif Hasan) — wideleft.football,6001,213,9.75,32,,,,,,,,,,,,,3,104,Baltimore,,2026-07-26,227,256,100.9
brandon-wellington-lb--2020,2020,Brandon Wellington,LB,,,,Wide Left Consensus Big Board (Arif Hasan) — wideleft.football,,,,,,,,,,,,,,,,,,,,,2026-07-26,,,
brandon-wilds-rb-sou-2016,2016,Brandon Wilds,RB,South Carolina,,,Wide Left Consensus Big Board (Arif Hasan) — wideleft.football,6006,220,10.25,32,4.54,,36.5,118,7.08,4.33,21,,,,,,,,,,2026-07-26,,,
brandon-williams-cb-tex-2016,2016,Brandon Williams,CB,Texas A&M,,,Wide Left Consensus Big Board (Arif Hasan) — wideleft.football,5113,197,8.625,32.5,4.37,,30.5,118,6.85,4.19,18,,,,,,3,92,Arizona,,2026-07-26,,,
brandon-wilson-cb-hou-2017,2017,Brandon Wilson,CB,Houston,,,Wide Left Consensus Big Board (Arif Hasan) — wideleft.football,,,,,,,,,,,,,,,,,6,207,Cincinnati,,2026-07-26,,,
bravvion-roy-dt-bay-2020,2020,Bravvion Roy,DT,Baylor,7,232,Wide Left Consensus Big Board (Arif Hasan) — wideleft.football,,,,,,,,,,,,,,,,,6,184,Carolina,,2026-07-26,307,205,
braxton-berrios-wr-mia-2018,2018,Braxton Berrios,WR,Miami,7,224,Wide Left Consensus Big Board (Arif Hasan) — wideleft.football,5085,184,9.25,28,,,,,,,11,,,,,,6,210,New England,,2026-07-26,207,225,72.3
braxton-deaver-te--2016,2016,Braxton Deaver,TE,,,,Wide Left Consensus Big Board (Arif Hasan) — wideleft.football,,,,,,,,,,,,,,,,,,,,,2026-07-26,,,
braxton-jones-ot-sou-2022,2022,Braxton Jones,OT,Southern Utah,4,134,Wide Left Consensus Big Board (Arif Hasan) — wideleft.football,6052,310,10.25,35.375,4.97,,25.5,108,,4.84,,,,,,,5,168,Chicago,,2026-08-06,143,137,77.3
braxton-miller-wr-ohi-2016,2016,Braxton Miller,WR,Ohio State,2,58,Wide Left Consensus Big Board (Arif Hasan) — wideleft.football,6013,201,9.125,31.75,4.5,,35,123,6.65,4.07,17,,,,,,3,85,Houston,,2026-07-26,,,82.4
brayden-willis-te-okl-2023,2023,Brayden Willis,TE,Oklahoma,7,275,"Jack Lichtenstein Consensus Big Board — 14 of 17 component boards, re-averaged",6034,241,9.75,33.25,,,32,117,7.3,4.36,20,,,,,,7,247,San Francisco,,2026-05-04,,,
braylon-sanders-wr-mis-2022,2022,Braylon Sanders,WR,Mississippi,7,280,Wide Left Consensus Big Board (Arif Hasan) — wideleft.football,6001,194,10,31.5,4.48,,34.5,121,,,,,,,,,,,,,2026-08-06,280,281,85.1
breece-hall-rb-iow-2022,2022,Breece Hall,RB,Iowa State,2,37,Wide Left Consensus Big Board (Arif Hasan) — wideleft.football,5112,217,9.75,31.25,4.39,,40,126,,,,,,,,,2,36,NY Jets,,2026-08-06,31,38,101
breeland-speaks-dt-mis-2018,2018,Breeland Speaks,DT,Mississippi,4,137,Wide Left Consensus Big Board (Arif Hasan) — wideleft.football,6027,283,9.875,33.75,4.87,1.65,32.5,110,7.63,4.65,,Pass Rusher,,,,,2,46,Kansas City,,2026-07-26,101,147,93.8
breiden-fehoko-dt--2019,2019,Breiden Fehoko,DT,,7,243,"Jack Lichtenstein Consensus Big Board — 14 of 17 component boards, re-averaged",,,,,,,,,,,,,,,,,,,,,2026-05-04,,,
brendan-beaulieu-wr--2023,2023,Brendan Beaulieu,WR,,7,304,"Jack Lichtenstein Consensus Big Board — 14 of 17 component boards, re-averaged",,,,,,,,,,,,,,,,,,,,,2026-05-04,,,
brendan-langley-cb-lam-2017,2017,Brendan Langley,CB,Lamar,6,196,Wide Left Consensus Big Board (Arif Hasan) — wideleft.football,6003,201,9.5,32,,,,,,,,,,,,,3,101,Denver,,2026-07-26,175,221,97.8
brendan-mahon-iol--2018,2018,Brendan Mahon,IOL,,,,Wide Left Consensus Big Board (Arif Hasan) — wideleft.football,,,,,,,,,,,,,,,,,,,,,2026-07-26,,,
brenden-jaimes-ot-neb-2021,2021,Brenden Jaimes,OT,Nebraska,6,199,Wide Left Consensus Big Board (Arif Hasan) — wideleft.football,6050,298,10,32.625,,,30.5,112,7.5,4.51,25,,,,,,5,159,LA Chargers,,2026-07-26,195,187,91.3
brenden-knox-rb-mar-2021,2021,Brenden Knox,RB,Marshall,7,288,Wide Left Consensus Big Board (Arif Hasan) — wideleft.football,5100,215,,,4.67,,35,112,7.19,4.39,23,,,,,,,,,,2026-07-26,312,286,86.4
brendon-hayes-dt--2020,2020,Brendon Hayes,DT,,,,Wide Left Consensus Big Board (Arif Hasan) — wideleft.football,,,,,,,,,,,,,,,,,,,,,2026-07-26,,,
brendon-white-s-rut-2021,2021,Brendon White,S,Rutgers,,,Wide Left Consensus Big Board (Arif Hasan) — wideleft.football,6013,215,8.75,31.875,4.66,,34.5,112,6.82,4.33,19,,,,,,,,,,2026-07-26,,,
brennan-eagles-wr-tex-2021,2021,Brennan Eagles,WR,Texas,,,Wide Left Consensus Big Board (Arif Hasan) — wideleft.football,6030,225,,,4.55,,36.5,125,6.93,4.42,,,,,,,,,,,2026-07-26,,,
brennan-scarlett-dt--2016,2016,Brennan Scarlett,DT,,,,Wide Left Consensus Big Board (Arif Hasan) — wideleft.football,,,,,,,,,,,,,,,,,,,,,2026-07-26,,,
brent-laing-iol-dul-2023,2023,Brent Laing,IOL,Duluth/University of Minnesota,7,404,"Jack Lichtenstein Consensus Big Board — 14 of 17 component boards, re-averaged",6037,304,9.75,32.375,,,,,,,24,,,,,,,,,,2026-05-04,,,
brenton-cox-jr-edge-flo-2023,2023,Brenton Cox Jr.,EDGE,Florida,7,234,"Jack Lichtenstein Consensus Big Board — 14 of 17 component boards, re-averaged",6037,250,9.25,33.125,4.82,1.65,33,115,,,24,,,,,,,,,,2026-05-04,,,
brenton-strange-te-pen-2023,2023,Brenton Strange,TE,Penn State,4,109,"Jack Lichtenstein Consensus Big Board — 14 of 17 component boards, re-averaged",6037,253,9.625,31.125,4.7,,36,124,7.25,4.46,23,,,,,,2,61,Jacksonville,,2026-05-04,,,
breon-borders-cb--2017,2017,Breon Borders,CB,,,,Wide Left Consensus Big Board (Arif Hasan) — wideleft.football,,,,,,,,,,,,,,,,,,,,,2026-07-26,,,
brett-heggie-iol-flo-2021,2021,Brett Heggie,IOL,Florida,,,Wide Left Consensus Big Board (Arif Hasan) — wideleft.football,6040,310,9.75,33.25,5.5,,26,105,7.66,4.69,21,,,,,,,,,,2026-07-26,,,
brett-neilon-iol--2023,2023,Brett Neilon,IOL,,7,291,"Jack Lichtenstein Consensus Big Board — 14 of 17 component boards, re-averaged",,,,,,,,,,,,,,,,,,,,,2026-05-04,,,
brett-rypien-qb-boi-2019,2019,Brett Rypien,QB,Boise State,5,173,"Jack Lichtenstein Consensus Big Board — 14 of 17 component boards, re-averaged",6015,210,9,30.375,4.91,,33,116,7.1,4.29,,,,,,,,,,,2026-05-04,,,
brett-toth-ot-arm-2018,2018,Brett Toth,OT,Army,6,213,Wide Left Consensus Big Board (Arif Hasan) — wideleft.football,6056,291,10.25,33.375,,,,,,,,,,,,,,,,,2026-07-26,261,206,76.3
brevin-jordan-te-mia-2021,2021,Brevin Jordan,TE,Miami,3,83,Wide Left Consensus Big Board (Arif Hasan) — wideleft.football,6025,247,9.75,32.875,4.64,,31,116,,,17,,,,,,5,147,Houston,,2026-07-26,94,78,127.2
brian-allen-cb-uta-2017,2017,Brian Allen,CB,Utah,6,192,Wide Left Consensus Big Board (Arif Hasan) — wideleft.football,6031,215,10,34,4.48,,34.5,117,6.64,4.34,15,,,,,,5,173,Pittsburgh,,2026-07-26,249,193,84.3
brian-allen-iol-mic-2018,2018,Brian Allen,IOL,Michigan State,7,219,Wide Left Consensus Big Board (Arif Hasan) — wideleft.football,6011,298,9.25,32.375,5.34,1.88,26.5,99,7.81,4.71,27,,,,,,4,111,LA Rams,,2026-07-26,212,224,77.8
brian-asamoah-lb-okl-2022,2022,Brian Asamoah,LB,Oklahoma,3,88,Wide Left Consensus Big Board (Arif Hasan) — wideleft.football,6002,226,10,32.625,4.56,,36.5,124,,,,,,,,,3,66,Minnesota,,2026-08-06,86,91,104.8
brian-branch-s-ala-2023,2023,Brian Branch,S,Alabama,1,15,"Jack Lichtenstein Consensus Big Board — 14 of 17 component boards, re-averaged",5115,190,9.5,30.75,4.58,,34.5,125,,,14,,,,,,2,45,Detroit,,2026-05-04,,,
brian-burns-edge-flo-2019,2019,Brian Burns,EDGE,Florida State,1,19,"Jack Lichtenstein Consensus Big Board — 14 of 17 component boards, re-averaged",6046,249,10,33.875,4.53,1.57,36,129,7.01,,,,,,,,1,16,Carolina,,2026-05-04,,,
brian-cole-ii-s-mis-2020,2020,Brian Cole II,S,Mississippi State,7,245,Wide Left Consensus Big Board (Arif Hasan) — wideleft.football,6016,213,10,31.375,4.52,1.56,,,,,,,,,,,7,249,Minnesota,,2026-07-26,207,249,
brian-herrien-rb-geo-2020,2020,Brian Herrien,RB,Georgia,,,Wide Left Consensus Big Board (Arif Hasan) — wideleft.football,5111,209,9,29.75,4.62,,38.5,126,7.12,4.4,18,,,,,,,,,,2026-07-26,,,
brian-hill-rb-wyo-2017,2017,Brian Hill,RB,Wyoming,5,141,Wide Left Consensus Big Board (Arif Hasan) — wideleft.football,6010,219,8.88,31.38,4.54,,34,125,7.03,4.32,15,,,,,,5,156,Atlanta,,2026-07-26,160,135,83.6
brian-lewerke-qb-mic-2020,2020,Brian Lewerke,QB,Michigan State,,,Wide Left Consensus Big Board (Arif Hasan) — wideleft.football,6024,213,10.625,32.125,4.95,,31,113,7.14,4.4,,,,,,,,,,,2026-07-26,,,
brian-oneill-ot-pit-2018,2018,Brian O'Neill,OT,Pittsburgh,3,72,Wide Left Consensus Big Board (Arif Hasan) — wideleft.football,6067,297,9.375,34.125,4.82,1.7,29.5,107,7.14,4.5,22,,,,,,2,62,Minnesota,,2026-07-26,61,72,117.9
brian-peavy-cb--2019,2019,Brian Peavy,CB,,7,308,"Jack Lichtenstein Consensus Big Board — 14 of 17 component boards, re-averaged",,,,,,,,,,,,,,,,,,,,,2026-05-04,,,
brian-poole-cb--2016,2016,Brian Poole,CB,,,,Wide Left Consensus Big Board (Arif Hasan) — wideleft.football,,,,,,,,,,,,,,,,,,,,,2026-07-26,,,
brian-robinson-jr-rb-ala-2022,2022,Brian Robinson Jr.,RB,Alabama,4,105,Wide Left Consensus Big Board (Arif Hasan) — wideleft.football,6015,225,9.75,31.875,4.53,,30,119,,,,,,,,,3,98,Washington,,2026-08-06,103,103,87.2
briean-boddy-calhoun-cb-min-2016,2016,Briean Boddy-Calhoun,CB,Minnesota,7,218,Wide Left Consensus Big Board (Arif Hasan) — wideleft.football,5094,193,9.125,31,4.47,,35,123,7.16,4.22,10,,,,,,,,,,2026-07-26,,,87
briley-moore-te-kan-2021,2021,Briley Moore,TE,Kansas State,7,286,Wide Left Consensus Big Board (Arif Hasan) — wideleft.football,6042,240,9.875,31,4.66,,37.5,123,7.24,4.37,26,,,,,,,,,,2026-07-26,297,287,94
britain-covey-wr--2022,2022,Britain Covey,WR,,,,Wide Left Consensus Big Board (Arif Hasan) — wideleft.football,,,,,,,,,,,,,,,,,,,,,2026-08-06,,,
brittain-brown-rb-ucl-2022,2022,Brittain Brown,RB,UCLA,,,Wide Left Consensus Big Board (Arif Hasan) — wideleft.football,,,,,,,,,,,,,,,,,7,250,Las Vegas,,2026-08-06,,,
brock-purdy-qb-iow-2022,2022,Brock Purdy,QB,Iowa State,7,290,Wide Left Consensus Big Board (Arif Hasan) — wideleft.football,6005,212,9.25,29,4.84,,27,127,7.21,4.45,,,,,,,7,262,San Francisco,,2026-08-06,324,287,82.2
broderick-jones-ot-geo-2023,2023,Broderick Jones,OT,Georgia,1,16,"Jack Lichtenstein Consensus Big Board — 14 of 17 component boards, re-averaged",6053,311,10.625,34.75,4.97,1.74,30,108,,,,,,,,,1,14,Pittsburgh,,2026-05-04,,,
broderick-washington-jr-dt-tex-2020,2020,Broderick Washington Jr.,DT,Texas Tech,7,251,Wide Left Consensus Big Board (Arif Hasan) — wideleft.football,6022,305,10.375,32.5,,,,,,,23,,,,,,5,170,Baltimore,,2026-07-26,227,253,
brodric-martin-dt-wes-2023,2023,Brodric Martin,DT,Western Kentucky,6,200,"Jack Lichtenstein Consensus Big Board — 14 of 17 component boards, re-averaged",,,,,,,,,,,,,,,,,3,96,Detroit,,2026-05-04,,,
bronson-kaufusi-edge-byu-2016,2016,Bronson Kaufusi,EDGE,BYU,3,77,Wide Left Consensus Big Board (Arif Hasan) — wideleft.football,6064,285,9.75,34.5,4.87,,30,111,7.03,4.25,25,,,,,,3,70,Baltimore,,2026-07-26,,,84.8
brooks-ellis-lb-ark-2017,2017,Brooks Ellis,LB,Arkansas,7,286,Wide Left Consensus Big Board (Arif Hasan) — wideleft.football,6017,240,9.75,31.75,4.79,,29.5,115,6.8,4.25,18,,,,,,,,,,2026-07-26,298,303,87
bruce-anderson-rb--2019,2019,Bruce Anderson,RB,,7,326,"Jack Lichtenstein Consensus Big Board — 14 of 17 component boards, re-averaged",,,,,,,,,,,,,,,,,,,,,2026-05-04,,,
bruce-hector-dt--2018,2018,Bruce Hector,DT,,,,Wide Left Consensus Big Board (Arif Hasan) — wideleft.football,,,,,,,,,,,,,,,,,,,,,2026-07-26,,,
bryan-bresee-dt-cle-2023,2023,Bryan Bresee,DT,Clemson,2,33,"Jack Lichtenstein Consensus Big Board — 14 of 17 component boards, re-averaged",6054,298,10.25,32.5,4.86,1.71,29,,,,22,,,,,,1,29,New Orleans,,2026-05-04,,,
bryan-cook-s-cin-2022,2022,Bryan Cook,S,Cincinnati,3,87,Wide Left Consensus Big Board (Arif Hasan) — wideleft.football,6006,206,8.5,31.875,,,,,,,,,,,,,2,62,Kansas City,,2026-08-06,93,87,96.1
bryan-cox-edge-flo-2017,2017,Bryan Cox,EDGE,Florida,6,186,Wide Left Consensus Big Board (Arif Hasan) — wideleft.football,6027,265,9.5,33.75,4.89,,26.5,109,7.36,4.46,16,,,,,,,,,,2026-07-26,209,176,75.3
bryan-edwards-wr-sou-2020,2020,Bryan Edwards,WR,South Carolina,3,78,Wide Left Consensus Big Board (Arif Hasan) — wideleft.football,6026,212,9.5,32.25,,,,,,,,,,,,,3,81,Las Vegas,,2026-07-26,82,76,
bryan-mills-cb--2021,2021,Bryan Mills,CB,,7,261,Wide Left Consensus Big Board (Arif Hasan) — wideleft.football,6011,174,9,32,,,,,,,,,,,,,,,,,2026-07-26,228,274,87.1
bryce-baringer-st-mic-2023,2023,Bryce Baringer,ST,Michigan State,7,283,"Jack Lichtenstein Consensus Big Board — 14 of 17 component boards, re-averaged",6016,216,9,30.5,,,,,,,,P,,,,,6,192,New England,,2026-05-04,,,
bryce-ford-wheaton-wr-wes-2023,2023,Bryce Ford-Wheaton,WR,West Virginia,6,215,"Jack Lichtenstein Consensus Big Board — 14 of 17 component boards, re-averaged",6036,221,9.375,33.5,4.38,,41,129,6.97,4.15,,,,,,,,,,,2026-05-04,,,
bryce-hall-cb-vir-2020,2020,Bryce Hall,CB,Virginia,3,65,Wide Left Consensus Big Board (Arif Hasan) — wideleft.football,6012,202,9.625,32.25,,,,,,,11,,,,,,5,158,NY Jets,,2026-07-26,80,64,
bryce-hargrove-iol-pit-2021,2021,Bryce Hargrove,IOL,Pittsburgh,,,Wide Left Consensus Big Board (Arif Hasan) — wideleft.football,6037,310,9.875,32.5,5.46,,27,97,8.06,5.03,26,,,,,,,,,,2026-07-26,,,
bryce-huff-edge--2020,2020,Bryce Huff,EDGE,,7,288,Wide Left Consensus Big Board (Arif Hasan) — wideleft.football,,,,,,,,,,,,,,,,,,,,,2026-07-26,292,278,
bryce-love-rb-sta-2019,2019,Bryce Love,RB,Stanford,4,124,"Jack Lichtenstein Consensus Big Board — 14 of 17 component boards, re-averaged",5087,200,9.125,29.375,,,,,,,18,,,,,,4,112,Washington,,2026-05-04,,,
bryce-perkins-qb--2020,2020,Bryce Perkins,QB,,,,Wide Left Consensus Big Board (Arif Hasan) — wideleft.football,,,,,,,,,,,,,,,,,,,,,2026-07-26,,,
bryce-thompson-cb--2021,2021,Bryce Thompson,CB,,7,256,Wide Left Consensus Big Board (Arif Hasan) — wideleft.football,,,,,,,,,,,,,,,,,,,,,2026-07-26,268,252,89.5
bryce-treggs-wr--2016,2016,Bryce Treggs,WR,,,,Wide Left Consensus Big Board (Arif Hasan) — wideleft.football,,,,,,,,,,,,,,,,,,,,,2026-07-26,,,
bryce-williams-te-eas-2016,2016,Bryce Williams,TE,East Carolina,6,199,Wide Left Consensus Big Board (Arif Hasan) — wideleft.football,6056,257,9.625,33.625,4.94,,29.5,111,7.19,4.53,19,,,,,,,,,,2026-07-26,,,92
bryce-young-qb-ala-2023,2023,Bryce Young,QB,Alabama,1,3,"Jack Lichtenstein Consensus Big Board — 14 of 17 component boards, re-averaged",5101,204,9.75,30.5,,,,,,,,,,,,,1,1,Carolina,,2026-05-04,,,
brycen-hopkins-te-pur-2020,2020,Brycen Hopkins,TE,Purdue,4,106,Wide Left Consensus Big Board (Arif Hasan) — wideleft.football,6037,245,10.125,32.125,4.66,1.61,33.5,116,7.25,4.28,21,,,,,,4,136,LA Rams,,2026-07-26,128,99,
bryson-allbright-edge--2016,2016,Bryson Allbright,EDGE,,,,Wide Left Consensus Big Board (Arif Hasan) — wideleft.football,,,,,,,,,,,,,,,,,,,,,2026-07-26,,,
bubba-bolden-s-mia-2022,2022,Bubba Bolden,S,Miami,7,227,Wide Left Consensus Big Board (Arif Hasan) — wideleft.football,6021,209,9,31.375,4.47,,,116,,,,,,,,,,,,,2026-08-06,269,228,118.9
bucky-hodges-te-vir-2017,2017,Bucky Hodges,TE,Virginia Tech,3,78,Wide Left Consensus Big Board (Arif Hasan) — wideleft.football,6060,257,,,4.57,,39,134,,4.45,18,,,,,,6,201,Minnesota,,2026-07-26,85,75,98.9
budda-baker-s-was-2017,2017,Budda Baker,S,Washington,1,31,Wide Left Consensus Big Board (Arif Hasan) — wideleft.football,5095,195,9,30.75,4.45,,32.5,115,6.76,4.08,15,,,,,,2,36,Arizona,,2026-07-26,39,29,95.5
buddy-johnson-lb-tex-2021,2021,Buddy Johnson,LB,Texas A&M,7,252,Wide Left Consensus Big Board (Arif Hasan) — wideleft.football,6004,229,9.875,31.5,,,,,,,,,,,,,4,140,Pittsburgh,,2026-07-26,186,270,99.7
bug-howard-wr-nor-2017,2017,Bug Howard,WR,North Carolina,,,Wide Left Consensus Big Board (Arif Hasan) — wideleft.football,6041,221,10.38,33.13,4.58,,37.5,119,6.95,4.14,,,,,,,,,,,2026-07-26,,,
bumper-pool-lb--2023,2023,Bumper Pool,LB,,7,429,"Jack Lichtenstein Consensus Big Board — 14 of 17 component boards, re-averaged",,,,,,,,,,,,,,,,,,,,,2026-05-04,,,
bunchy-stallings-iol--2019,2019,Bunchy Stallings,IOL,,7,324,"Jack Lichtenstein Consensus Big Board — 14 of 17 component boards, re-averaged",,,,,,,,,,,,,,,,,,,,,2026-05-04,,,
byron-cowart-dt-mar-2019,2019,Byron Cowart,DT,Maryland,7,290,"Jack Lichtenstein Consensus Big Board — 14 of 17 component boards, re-averaged",6030,298,10,33.75,5.16,,30,111,,,26,,,,,,5,159,New England,,2026-05-04,,,
byron-marshall-wr-ore-2016,2016,Byron Marshall,WR,Oregon,7,282,Wide Left Consensus Big Board (Arif Hasan) — wideleft.football,5093,201,9.5,30.25,4.42,,,,,,17,,,,,,,,,,2026-07-26,,,92.3
byron-murphy-ii-cb-was-2019,2019,Byron Murphy II,CB,Washington,1,16,"Jack Lichtenstein Consensus Big Board — 14 of 17 component boards, re-averaged",5106,190,8.875,30.125,4.55,,36.5,120,,,14,,,,,,2,33,Arizona,,2026-05-04,,,
byron-pringle-wr-kan-2018,2018,Byron Pringle,WR,Kansas State,6,198,Wide Left Consensus Big Board (Arif Hasan) — wideleft.football,6011,203,9.25,32,4.46,,33.5,120,6.87,4.4,15,,,,,,,,,,2026-07-26,238,198,80.1
byron-young-edge-ten-2023,2023,Byron Young,EDGE,Tennessee,3,93,"Jack Lichtenstein Consensus Big Board — 14 of 17 component boards, re-averaged",6023,250,9.25,32.5,4.43,1.62,38,132,7.19,,22,,,,,,3,77,LA Rams,,2026-05-04,,,
byron-young-dt-ala-2023,2023,Byron Young,DT,Alabama,4,104,"Jack Lichtenstein Consensus Big Board — 14 of 17 component boards, re-averaged",6030,294,,,,,26,108,7.68,,24,Pass Rusher,,,,,3,70,Las Vegas,,2026-05-04,,,
cj-beathard-qb-iow-2017,2017,C.J. Beathard,QB,Iowa,7,220,Wide Left Consensus Big Board (Arif Hasan) — wideleft.football,6024,219,9.38,30.63,,,31,113,,,,,,,,,3,104,San Francisco,,2026-07-26,174,229,82.8
cj-conrad-te-ken-2019,2019,C.J. Conrad,TE,Kentucky,7,377,"Jack Lichtenstein Consensus Big Board — 14 of 17 component boards, re-averaged",6044,249,9.25,31,,,,,,,,,,,,,,,,,2026-05-04,,,
cj-henderson-cb-flo-2020,2020,C.J. Henderson,CB,Florida,1,16,Wide Left Consensus Big Board (Arif Hasan) — wideleft.football,6006,204,9,31.625,4.39,,37.5,127,,,20,,,,,,1,9,Jacksonville,,2026-07-26,16,15,
cj-johnson-lb-mis-2016,2016,C.J. Johnson,LB,Mississippi,,,Wide Left Consensus Big Board (Arif Hasan) — wideleft.football,6013,234,8.875,32.75,4.81,,,,,4.52,,,,,,,,,,,2026-07-26,,,
cj-johnson-wr-eas-2023,2023,C.J. Johnson,WR,East Carolina,7,295,"Jack Lichtenstein Consensus Big Board — 14 of 17 component boards, re-averaged",6020,224,,,,,,,,,,,,,,,,,,,2026-05-04,,,
cj-prosise-rb-not-2016,2016,C.J. Prosise,RB,Notre Dame,3,91,Wide Left Consensus Big Board (Arif Hasan) — wideleft.football,6004,220,8.5,32.125,4.48,,35.5,121,,,,,,,,,3,90,Seattle,,2026-07-26,,,84.9
cj-stroud-qb-ohi-2023,2023,C.J. Stroud,QB,Ohio State,1,5,"Jack Lichtenstein Consensus Big Board — 14 of 17 component boards, re-averaged",6030,214,10,32.625,,,,,,,,,,,,,1,2,Houston,,2026-05-04,,,
cj-wright-dt--2022,2022,C.J. Wright,DT,,,,Wide Left Consensus Big Board (Arif Hasan) — wideleft.football,,,,,,,,,,,,,,,,,,,,,2026-08-06,,,
cade-hall-edge--2022,2022,Cade Hall,EDGE,,,,Wide Left Consensus Big Board (Arif Hasan) — wideleft.football,,,,,,,,,,,,,,,,,,,,,2026-08-06,,,
cade-johnson-wr--2021,2021,Cade Johnson,WR,,4,134,Wide Left Consensus Big Board (Arif Hasan) — wideleft.football,5105,184,9.375,29.25,,,,,,,,,,,,,,,,,2026-07-26,127,140,100.3
cade-mays-iol-ten-2022,2022,Cade Mays,IOL,Tennessee,6,183,Wide Left Consensus Big Board (Arif Hasan) — wideleft.football,6046,311,10,34.125,5.24,,26,102,7.57,4.71,,,,,,,6,199,Carolina,,2026-08-06,205,177,91
cade-otton-te-was-2022,2022,Cade Otton,TE,Washington,4,104,Wide Left Consensus Big Board (Arif Hasan) — wideleft.football,6050,247,9.5,32.75,,,,,,,,,,,,,4,106,Tampa Bay,,2026-08-06,99,104,105.3
cade-york-st-lsu-2022,2022,Cade York,ST,LSU,7,289,Wide Left Consensus Big Board (Arif Hasan) — wideleft.football,6012,206,8.75,31.625,,,,,,,12,K,,,,,4,124,Cleveland,,2026-08-06,206,328,89.3
caden-sterns-s-tex-2021,2021,Caden Sterns,S,Texas,4,136,Wide Left Consensus Big Board (Arif Hasan) — wideleft.football,5117,202,9.5,32.125,4.41,,42,128,6.96,4.13,14,,,,,,5,152,Denver,,2026-07-26,146,133,96.9
cal-adomitis-st-pit-2022,2022,Cal Adomitis,ST,Pittsburgh,,,Wide Left Consensus Big Board (Arif Hasan) — wideleft.football,6015,235,10,30.125,4.97,1.72,29.5,107,7.53,4.62,18,LS,,,,,,,,,2026-08-06,,,
cale-garrett-lb-mis-2020,2020,Cale Garrett,LB,Missouri,,,Wide Left Consensus Big Board (Arif Hasan) — wideleft.football,6016,234,9.5,31.25,4.92,,32,124,6.91,4.13,,,,,,,,,,,2026-07-26,,,
caleb-azubike-edge--2016,2016,Caleb Azubike,EDGE,,,,Wide Left Consensus Big Board (Arif Hasan) — wideleft.football,,,,,,,,,,,,,,,,,,,,,2026-07-26,,,
caleb-benenoch-ot-ucl-2016,2016,Caleb Benenoch,OT,UCLA,6,186,Wide Left Consensus Big Board (Arif Hasan) — wideleft.football,6054,311,10,34.125,4.98,,28,104,8.15,5.11,,,,,,,5,148,Tampa Bay,,2026-07-26,,,126.7
caleb-brantley-dt-flo-2017,2017,Caleb Brantley,DT,Florida,2,61,Wide Left Consensus Big Board (Arif Hasan) — wideleft.football,6025,307,9.75,32,5.14,,27,105,7.66,4.62,21,,,,,,6,185,Cleveland,,2026-07-26,50,64,112.5
caleb-chandler-iol--2023,2023,Caleb Chandler,IOL,,7,413,"Jack Lichtenstein Consensus Big Board — 14 of 17 component boards, re-averaged",,,,,,,,,,,,,,,,,,,,,2026-05-04,,,
caleb-farley-cb-vir-2021,2021,Caleb Farley,CB,Virginia Tech,1,18,Wide Left Consensus Big Board (Arif Hasan) — wideleft.football,6010,207,8.75,33.375,,,,,,,,,,,,,1,22,Tennessee,,2026-07-26,23,18,97.2
caleb-kelly-lb--2022,2022,Caleb Kelly,LB,,,,Wide Left Consensus Big Board (Arif Hasan) — wideleft.football,,,,,,,,,,,,,,,,,,,,,2026-08-06,,,
caleb-murphy-edge-fer-2023,2023,Caleb Murphy,EDGE,Ferris St.,7,346,"Jack Lichtenstein Consensus Big Board — 14 of 17 component boards, re-averaged",6032,254,10.25,32.75,4.81,1.65,28.5,119,7.28,4.45,,,,,,,,,,,2026-05-04,,,
caleb-peterson-iol--2017,2017,Caleb Peterson,IOL,,,,Wide Left Consensus Big Board (Arif Hasan) — wideleft.football,,,,,,,,,,,,,,,,,,,,,2026-07-26,,,
caleb-tannor-edge--2023,2023,Caleb Tannor,EDGE,,7,482,"Jack Lichtenstein Consensus Big Board — 14 of 17 component boards, re-averaged",,,,,,,,,,,,,,,,,,,,,2026-05-04,,,
caleb-wilson-te-ucl-2019,2019,Caleb Wilson,TE,UCLA,6,191,"Jack Lichtenstein Consensus Big Board — 14 of 17 component boards, re-averaged",6042,240,9.75,33,4.56,,29,113,7.2,4.4,,,,,,,7,254,Arizona,,2026-05-04,,,
calijah-kancey-dt-pit-2023,2023,Calijah Kancey,DT,Pittsburgh,1,27,"Jack Lichtenstein Consensus Big Board — 14 of 17 component boards, re-averaged",6010,281,9.125,30.625,4.67,1.64,,,,,,Pass Rusher,,,,,1,19,Tampa Bay,,2026-05-04,,,
calvin-anderson-ot--2019,2019,Calvin Anderson,OT,,7,348,"Jack Lichtenstein Consensus Big Board — 14 of 17 component boards, re-averaged",,,,,,,,,,,,,,,,,,,,,2026-05-04,,,
calvin-austin-iii-wr-mem-2022,2022,Calvin Austin III,WR,Memphis,3,85,Wide Left Consensus Big Board (Arif Hasan) — wideleft.football,5076,170,9.25,30,4.32,,39,135,6.65,4.07,,,,,,,4,138,Pittsburgh,,2026-08-06,85,84,91
calvin-avery-dt--2023,2023,Calvin Avery,DT,,7,337,"Jack Lichtenstein Consensus Big Board — 14 of 17 component boards, re-averaged",,,,,,,,,,,,,,,,,,,,,2026-05-04,,,
calvin-munson-lb--2017,2017,Calvin Munson,LB,,7,272,Wide Left Consensus Big Board (Arif Hasan) — wideleft.football,,,,,,,,,,,,,,,,,,,,,2026-07-26,371,278,88.1
calvin-ridley-wr-ala-2018,2018,Calvin Ridley,WR,Alabama,1,20,Wide Left Consensus Big Board (Arif Hasan) — wideleft.football,6004,189,9.125,31.625,4.43,,31,110,6.88,4.41,15,,,,,,1,26,Atlanta,,2026-07-26,16,21,101.9
calvin-taylor-jr-dt--2020,2020,Calvin Taylor Jr.,DT,,,,Wide Left Consensus Big Board (Arif Hasan) — wideleft.football,,,,,,,,,,,,,,,,,,,,,2026-07-26,,,
calvin-throckmorton-ot-ore-2020,2020,Calvin Throckmorton,OT,Oregon,6,216,Wide Left Consensus Big Board (Arif Hasan) — wideleft.football,6050,317,9.5,32.5,5.57,1.95,27,97,8.07,4.98,23,,,,,,,,,,2026-07-26,249,211,
cam-akers-rb-flo-2020,2020,Cam Akers,RB,Florida State,2,56,Wide Left Consensus Big Board (Arif Hasan) — wideleft.football,5103,217,9,30.625,4.47,,35.5,122,,4.42,20,,,,,,2,52,LA Rams,,2026-07-26,60,55,
cam-bright-lb--2023,2023,Cam Bright,LB,,7,392,"Jack Lichtenstein Consensus Big Board — 14 of 17 component boards, re-averaged",,,,,,,,,,,,,,,,,,,,,2026-05-04,,,
cam-brown-lb-pen-2020,2020,Cam Brown,LB,Penn State,6,198,Wide Left Consensus Big Board (Arif Hasan) — wideleft.football,,,,,,,,,,,,,,,,,6,183,NY Giants,,2026-08-02,173,209,
cam-gill-lb--2020,2020,Cam Gill,LB,,,,Wide Left Consensus Big Board (Arif Hasan) — wideleft.football,,,,,,,,,,,,,,,,,,,,,2026-07-26,,,
cam-jones-lb-ind-2023,2023,Cam Jones,LB,Indiana,7,232,"Jack Lichtenstein Consensus Big Board — 14 of 17 component boards, re-averaged",6012,226,9.5,31.25,4.69,,33,,,,17,,,,,,,,,,2026-05-04,,,
cam-phillips-wr-vir-2018,2018,Cam Phillips,WR,Virginia Tech,,,Wide Left Consensus Big Board (Arif Hasan) — wideleft.football,6001,201,8.875,30.5,,,,,,,,,,,,,,,,,2026-07-26,,,
cam-robinson-ot-ala-2017,2017,Cam Robinson,OT,Alabama,1,24,Wide Left Consensus Big Board (Arif Hasan) — wideleft.football,6062,322,10.5,35.5,5.15,,26,106,7.81,4.82,,,,,,,2,34,Jacksonville,,2026-07-26,23,24,102.8
cam-serigne-te--2018,2018,Cam Serigne,TE,,,,Wide Left Consensus Big Board (Arif Hasan) — wideleft.football,,,,,,,,,,,,,,,,,,,,,2026-07-26,,,
cam-smith-cb-sou-2023,2023,Cam Smith,CB,South Carolina,2,40,"Jack Lichtenstein Consensus Big Board — 14 of 17 component boards, re-averaged",6006,180,9.125,31.625,4.43,,38,134,,,,,,,,,2,51,Miami,,2026-05-04,,,
cam-sutton-cb-ten-2017,2017,Cam Sutton,CB,Tennessee,3,86,Wide Left Consensus Big Board (Arif Hasan) — wideleft.football,5112,188,8.25,30,4.52,,34,120,6.81,,11,,,,,,3,94,Pittsburgh,,2026-08-02,,,87.5
cam-taylor-britt-cb-neb-2022,2022,Cam Taylor-Britt,CB,Nebraska,3,86,Wide Left Consensus Big Board (Arif Hasan) — wideleft.football,5105,196,10,31.5,4.38,,,,,,,,,,,,2,60,Cincinnati,,2026-08-06,84,92,121.3
camaron-cheeseman-st-mic-2021,2021,Camaron Cheeseman,ST,Michigan,,,Wide Left Consensus Big Board (Arif Hasan) — wideleft.football,6042,239,9.375,32,,,,,,,,LS,,,,,6,225,Washington,,2026-07-26,,,
cameron-brown-cb-ohi-2023,2023,Cameron Brown,CB,Ohio State,7,277,"Jack Lichtenstein Consensus Big Board — 14 of 17 component boards, re-averaged",6000,199,9,31,,,,,,,,,,,,,,,,,2026-05-04,,,
cameron-clark-iol-cha-2020,2020,Cameron Clark,IOL,Charlotte,7,226,Wide Left Consensus Big Board (Arif Hasan) — wideleft.football,6044,308,11,34.125,5.29,1.81,25,101,,,26,,,,,,4,129,NY Jets,,2026-07-26,206,231,
cameron-dantzler-cb-mis-2020,2020,Cameron Dantzler,CB,Mississippi State,3,75,Wide Left Consensus Big Board (Arif Hasan) — wideleft.football,6022,188,9,30.625,4.64,,34.5,,,,,,,,,,3,89,Minnesota,,2026-07-26,78,74,
cameron-dicker-st-tex-2022,2022,Cameron Dicker,ST,Texas,,,Wide Left Consensus Big Board (Arif Hasan) — wideleft.football,6007,220,9,30,,,,,,,,K,,,,,,,,,2026-08-06,,,
cameron-goode-lb-cal-2022,2022,Cameron Goode,LB,California,,,Wide Left Consensus Big Board (Arif Hasan) — wideleft.football,,,,,,,,,,,,,,,,,7,224,Miami,,2026-08-06,,,
cameron-johnston-st-ohi-2017,2017,Cameron Johnston,ST,Ohio State,,,Wide Left Consensus Big Board (Arif Hasan) — wideleft.football,5110,194,9,31,4.92,,,,,,,P,,,,,,,,,2026-07-26,,,
cameron-jurgens-iol-neb-2022,2022,Cameron Jurgens,IOL,Nebraska,3,95,Wide Left Consensus Big Board (Arif Hasan) — wideleft.football,6027,303,10,33.375,4.92,,,,,,25,,,,,,2,51,Philadelphia,,2026-08-06,66,99,109.7
cameron-latu-te-ala-2023,2023,Cameron Latu,TE,Alabama,6,183,"Jack Lichtenstein Consensus Big Board — 14 of 17 component boards, re-averaged",6043,242,9.5,32.375,,,,,,,,,,,,,3,101,San Francisco,,2026-05-04,,,
cameron-lee-iol-ill-2017,2017,Cameron Lee,IOL,Illinois State,,,Wide Left Consensus Big Board (Arif Hasan) — wideleft.football,6046,312,10.88,33.88,5.44,,25.5,100,8.02,4.75,18,,,,,,,,,,2026-07-26,,,
cameron-mcgrone-lb-mic-2021,2021,Cameron McGrone,LB,Michigan,4,113,Wide Left Consensus Big Board (Arif Hasan) — wideleft.football,,,,,,,,,,,,,,,,,5,177,New England,,2026-07-26,135,105,107.8
cameron-mitchell-cb-nor-2023,2023,Cameron Mitchell,CB,Northwestern,5,157,"Jack Lichtenstein Consensus Big Board — 14 of 17 component boards, re-averaged",5106,191,9.75,31.375,4.47,,35,,,,15,,,,,,5,142,Cleveland,,2026-05-04,,,
cameron-sample-edge-tul-2021,2021,Cameron Sample,EDGE,Tulane,4,131,Wide Left Consensus Big Board (Arif Hasan) — wideleft.football,6026,267,9.75,33.375,4.72,,37,116,7.39,4.48,23,,,,,,4,111,Cincinnati,,2026-07-26,120,132,93.5
cameron-smith-lb-usc-2019,2019,Cameron Smith,LB,USC,5,147,"Jack Lichtenstein Consensus Big Board — 14 of 17 component boards, re-averaged",6020,238,10.375,32.375,4.69,,39,123,,4.23,15,,,,,,5,162,Minnesota,,2026-05-04,,,
cameron-thomas-edge-san-2022,2022,Cameron Thomas,EDGE,San Diego State,3,65,Wide Left Consensus Big Board (Arif Hasan) — wideleft.football,6041,267,10.25,32.5,,1.6,,,,,24,,,,,,3,87,Arizona,,2026-08-06,77,64,105.3
cameron-tom-iol--2017,2017,Cameron Tom,IOL,,,,Wide Left Consensus Big Board (Arif Hasan) — wideleft.football,,,,,,,,,,,,,,,,,,,,,2026-07-26,,,
cameron-young-dt-mis-2023,2023,Cameron Young,DT,Mississippi State,5,169,"Jack Lichtenstein Consensus Big Board — 14 of 17 component boards, re-averaged",6033,304,10,34.5,5.1,1.8,,,,,,,,,,,4,123,Seattle,,2026-05-04,,,
camerun-peoples-rb-app-2023,2023,Camerun Peoples,RB,Appalachian State,7,354,"Jack Lichtenstein Consensus Big Board — 14 of 17 component boards, re-averaged",6010,217,,,4.61,,37,121,,,,,,,,,,,,,2026-05-04,,,
camryn-bynum-cb-cal-2021,2021,Camryn Bynum,CB,California,5,167,Wide Left Consensus Big Board (Arif Hasan) — wideleft.football,6002,196,9.625,30.75,4.58,,34,129,6.99,4.1,,,,,,,4,125,Minnesota,,2026-07-26,160,164,91.3
canaan-severin-wr--2016,2016,Canaan Severin,WR,,,,Wide Left Consensus Big Board (Arif Hasan) — wideleft.football,,,,,,,,,,,,,,,,,,,,,2026-07-26,,,
cardale-jones-qb-ohi-2016,2016,Cardale Jones,QB,Ohio State,3,99,Wide Left Consensus Big Board (Arif Hasan) — wideleft.football,6050,253,9.75,33.75,4.81,,36,,,,,,,,,,4,139,Buffalo,,2026-07-26,,,107.8
carl-granderson-edge-wyo-2019,2019,Carl Granderson,EDGE,Wyoming,6,189,"Jack Lichtenstein Consensus Big Board — 14 of 17 component boards, re-averaged",6046,254,9.625,34,4.79,1.71,35,119,7.44,4.41,,,,,,,,,,,2026-05-04,,,
carl-lawson-edge-aub-2017,2017,Carl Lawson,EDGE,Auburn,2,42,Wide Left Consensus Big Board (Arif Hasan) — wideleft.football,6016,261,10.38,31.5,4.67,,33,114,7.46,4.19,35,,,,,,4,116,Cincinnati,,2026-07-26,61,34,112
carl-nassib-edge-pen-2016,2016,Carl Nassib,EDGE,Penn State,3,85,Wide Left Consensus Big Board (Arif Hasan) — wideleft.football,6067,277,10.375,34,4.84,,28.5,114,7.27,4.37,21,,,,,,3,65,Cleveland,,2026-07-26,,,93.2
carlo-kemp-dt--2021,2021,Carlo Kemp,DT,,,,Wide Left Consensus Big Board (Arif Hasan) — wideleft.football,6024,281,9.625,30.125,,,,,,,,Pass Rusher,,,,,,,,,2026-07-26,,,
carlos-basham-jr-edge-wak-2021,2021,Carlos Basham Jr.,EDGE,Wake Forest,2,49,Wide Left Consensus Big Board (Arif Hasan) — wideleft.football,6030,274,,,4.64,,34,122,7.13,4.25,20,,,,,,2,61,Buffalo,,2026-07-26,38,53,103.5
carlos-davis-dt-neb-2020,2020,Carlos Davis,DT,Nebraska,7,270,Wide Left Consensus Big Board (Arif Hasan) — wideleft.football,6020,313,9.625,32,4.82,1.67,,,,4.52,27,,,,,,7,232,Pittsburgh,,2026-07-26,240,283,
carlos-henderson-wr-lou-2017,2017,Carlos Henderson,WR,Louisiana Tech,3,68,Wide Left Consensus Big Board (Arif Hasan) — wideleft.football,5110,199,9.13,31.38,4.46,,36,131,7.18,4.35,13,,,,,,3,82,Denver,,2026-07-26,105,55,113.2
carlos-watkins-dt-cle-2017,2017,Carlos Watkins,DT,Clemson,4,104,Wide Left Consensus Big Board (Arif Hasan) — wideleft.football,6032,309,10.38,34.63,,,,,,,25,,,,,,4,142,Houston,,2026-07-26,104,100,97.1
carlton-davis-cb-aub-2018,2018,Carlton Davis,CB,Auburn,2,42,Wide Left Consensus Big Board (Arif Hasan) — wideleft.football,6010,203,8.875,32.75,4.53,,34,124,,,16,,,,,,2,63,Tampa Bay,,2026-07-26,59,43,117.2
carlton-martial-lb--2023,2023,Carlton Martial,LB,,7,411,"Jack Lichtenstein Consensus Big Board — 14 of 17 component boards, re-averaged",,,,,,,,,,,,,,,,,,,,,2026-05-04,,,
carrington-valentine-cb-ken-2023,2023,Carrington Valentine,CB,Kentucky,7,246,"Jack Lichtenstein Consensus Big Board — 14 of 17 component boards, re-averaged",5115,193,9.25,32.25,,,39,128,,,9,,,,,,7,232,Green Bay,,2026-05-04,,,
carroll-phillips-edge-ill-2017,2017,Carroll Phillips,EDGE,Illinois,5,146,Wide Left Consensus Big Board (Arif Hasan) — wideleft.football,6032,242,9.75,33,4.64,,30,123,7.06,4.37,23,,,,,,,,,,2026-07-26,147,144,81.7
carson-green-ot--2021,2021,Carson Green,OT,,7,264,Wide Left Consensus Big Board (Arif Hasan) — wideleft.football,6061,320,10.375,34.5,,,,,,,,,,,,,,,,,2026-07-26,272,253,82.5
carson-strong-qb-nev-2022,2022,Carson Strong,QB,Nevada,3,99,Wide Left Consensus Big Board (Arif Hasan) — wideleft.football,6033,226,9.125,32,,,,,,,,,,,,,,,,,2026-08-06,113,88,95.1
carson-wells-lb--2022,2022,Carson Wells,LB,,,,Wide Left Consensus Big Board (Arif Hasan) — wideleft.football,,,,,,,,,,,,,,,,,,,,,2026-08-06,,,
carson-wentz-qb-nor-2016,2016,Carson Wentz,QB,North Dakota State,1,12,Wide Left Consensus Big Board (Arif Hasan) — wideleft.football,6052,237,10,33.25,4.77,,30.5,118,6.86,4.15,,,,,,,1,2,Philadelphia,,2026-07-26,,,119.7
carter-coughlin-edge-min-2020,2020,Carter Coughlin,EDGE,Minnesota,6,203,Wide Left Consensus Big Board (Arif Hasan) — wideleft.football,6031,236,9.5,31.375,4.57,,36,126,,,,,,,,,7,218,NY Giants,,2026-07-26,202,196,
carter-warren-ot-pit-2023,2023,Carter Warren,OT,Pittsburgh,5,143,"Jack Lichtenstein Consensus Big Board — 14 of 17 component boards, re-averaged",6054,311,9.125,35.375,,,,,,,,,,,,,4,120,NY Jets,,2026-05-04,,,
cary-angeline-te--2021,2021,Cary Angeline,TE,,,,Wide Left Consensus Big Board (Arif Hasan) — wideleft.football,6064,245,10,33,,,,,,,,,,,,,,,,,2026-07-26,,,
case-cookus-qb--2020,2020,Case Cookus,QB,,,,Wide Left Consensus Big Board (Arif Hasan) — wideleft.football,,,,,,,,,,,,,,,,,,,,,2026-07-26,,,
case-hatch-rb--2023,2023,Case Hatch,RB,,7,373,"Jack Lichtenstein Consensus Big Board — 14 of 17 component boards, re-averaged",,,,,,,,,,,,FB,,,,,,,,,2026-05-04,,,
casey-sayles-dt--2017,2017,Casey Sayles,DT,,,,Wide Left Consensus Big Board (Arif Hasan) — wideleft.football,,,,,,,,,,,,,,,,,,,,,2026-07-26,,,
casey-toohill-edge-sta-2020,2020,Casey Toohill,EDGE,Stanford,7,236,Wide Left Consensus Big Board (Arif Hasan) — wideleft.football,6043,250,9.5,33.5,4.62,,39,126,7.08,4.21,17,,,,,,7,233,Philadelphia,,2026-07-26,212,237,
cassanova-mckinzy-lb-aub-2016,2016,Cassanova McKinzy,LB,Auburn,7,255,Wide Left Consensus Big Board (Arif Hasan) — wideleft.football,6010,248,9.875,31.25,4.83,,,,,,21,,,,,,,,,,2026-07-26,,,85.7
cassh-maluia-lb-wyo-2020,2020,Cassh Maluia,LB,Wyoming,,,Wide Left Consensus Big Board (Arif Hasan) — wideleft.football,,,,,,,,,,,,,,,,,6,204,New England,,2026-07-26,,,
cayleb-jones-wr-ari-2016,2016,Cayleb Jones,WR,Arizona,7,246,Wide Left Consensus Big Board (Arif Hasan) — wideleft.football,6025,209,9.25,32.75,4.65,,33.5,,6.99,4.14,9,,,,,,,,,,2026-07-26,,,102.5
cece-jefferson-edge-flo-2019,2019,CeCe Jefferson,EDGE,Florida,7,371,"Jack Lichtenstein Consensus Big Board — 14 of 17 component boards, re-averaged",6014,266,9.625,33.625,5.02,1.73,30.5,108,7.5,4.53,17,,,,,,,,,,2026-05-04,,,
cedric-tillman-wr-ten-2023,2023,Cedric Tillman,WR,Tennessee,2,51,"Jack Lichtenstein Consensus Big Board — 14 of 17 component boards, re-averaged",6033,213,10,32.75,4.54,,37,128,,,,,,,,,3,74,Cleveland,,2026-05-04,,,
cedrice-paillant-iol--2023,2023,Cedrice Paillant,IOL,,7,472,"Jack Lichtenstein Consensus Big Board — 14 of 17 component boards, re-averaged",,,,,,,,,,,,,,,,,,,,,2026-05-04,,,
cedrick-dort-jr-cb--2023,2023,Cedrick Dort Jr.,CB,,7,475,"Jack Lichtenstein Consensus Big Board — 14 of 17 component boards, re-averaged",,,,,,,,,,,,,,,,,,,,,2026-05-04,,,
cedrick-wilson-wr-boi-2018,2018,Cedrick Wilson,WR,Boise State,4,133,Wide Left Consensus Big Board (Arif Hasan) — wideleft.football,6022,197,9.75,31.5,4.55,,37,121,6.89,4.23,9,,,,,,6,208,Dallas,,2026-07-26,135,133,90.6
ceedee-lamb-wr-okl-2020,2020,CeeDee Lamb,WR,Oklahoma,1,9,Wide Left Consensus Big Board (Arif Hasan) — wideleft.football,6015,198,9.25,32.25,4.5,1.46,34.5,124,,,11,,,,,,1,17,Dallas,,2026-07-26,10,7,
cesar-ruiz-iol-mic-2020,2020,Cesar Ruiz,IOL,Michigan,1,30,Wide Left Consensus Big Board (Arif Hasan) — wideleft.football,6026,307,11,33.125,5.08,1.77,33,113,7.91,4.64,28,,,,,,1,24,New Orleans,,2026-07-26,32,30,
cethan-carter-te-neb-2017,2017,Cethan Carter,TE,Nebraska,,,Wide Left Consensus Big Board (Arif Hasan) — wideleft.football,6032,241,9,32.38,4.68,,,,,,19,,,,,,,,,,2026-07-26,,,
chad-hansen-wr-cal-2017,2017,Chad Hansen,WR,California,3,100,Wide Left Consensus Big Board (Arif Hasan) — wideleft.football,6017,202,10.13,32.13,4.53,,35,119,6.74,4.13,11,,,,,,4,141,NY Jets,,2026-07-26,98,97,89.5
chad-kelly-qb-mis-2017,2017,Chad Kelly,QB,Mississippi,7,236,Wide Left Consensus Big Board (Arif Hasan) — wideleft.football,,,,,,,,,,,,,,,,,7,253,Denver,,2026-07-26,227,231,83.5
chad-muma-lb-wyo-2022,2022,Chad Muma,LB,Wyoming,2,54,Wide Left Consensus Big Board (Arif Hasan) — wideleft.football,6026,239,10,31.625,4.63,,40,129,7.06,4.28,27,,,,,,3,70,Jacksonville,,2026-08-06,57,53,81
chad-ryland-st-mar-2023,2023,Chad Ryland,ST,Maryland,7,431,"Jack Lichtenstein Consensus Big Board — 14 of 17 component boards, re-averaged",5116,190,9.375,30.125,,,,,,,,K,,,,,4,112,New England,,2026-05-04,,,
chad-thomas-edge-mia-2018,2018,Chad Thomas,EDGE,Miami,4,116,Wide Left Consensus Big Board (Arif Hasan) — wideleft.football,6060,281,10.25,33.5,4.92,1.7,29,116,,,,,,,,,3,67,Cleveland,,2026-07-26,143,117,94
chad-wheeler-ot-usc-2017,2017,Chad Wheeler,OT,USC,5,176,Wide Left Consensus Big Board (Arif Hasan) — wideleft.football,6070,306,9.5,33.13,5.48,,20.5,105,,5.01,15,,,,,,,,,,2026-07-26,198,166,84.4
chad-williams-wr-gra-2017,2017,Chad Williams,WR,Grambling St.,7,226,Wide Left Consensus Big Board (Arif Hasan) — wideleft.football,,,,,,,,,,,,,,,,,3,98,Arizona,,2026-07-26,283,211,116.4
chamarri-conner-s-vir-2023,2023,Chamarri Conner,S,Virginia Tech,7,243,"Jack Lichtenstein Consensus Big Board — 14 of 17 component boards, re-averaged",6000,202,9,31.375,4.51,,40.5,125,,,20,,,,,,4,119,Kansas City,,2026-05-04,,,
chance-campbell-lb-mis-2022,2022,Chance Campbell,LB,Mississippi,7,272,Wide Left Consensus Big Board (Arif Hasan) — wideleft.football,6023,232,10.125,31.25,4.57,,39.5,127,,,,,,,,,6,219,Tennessee,,2026-08-06,266,273,110.7
chandler-cox-rb-aub-2019,2019,Chandler Cox,RB,Auburn,7,436,"Jack Lichtenstein Consensus Big Board — 14 of 17 component boards, re-averaged",,,,,,,,,,,,,,,,,7,233,Miami,,2026-05-04,,,
chandler-staton-st--2022,2022,Chandler Staton,ST,,,,Wide Left Consensus Big Board (Arif Hasan) — wideleft.football,,,,,,,,,,,,K,,,,,,,,,2026-08-06,,,
chandler-wooten-lb--2022,2022,Chandler Wooten,LB,,,,Wide Left Consensus Big Board (Arif Hasan) — wideleft.football,,,,,,,,,,,,,,,,,,,,,2026-08-06,,,
chandler-zavala-iol-nor-2023,2023,Chandler Zavala,IOL,North Carolina State,3,88,"Jack Lichtenstein Consensus Big Board — 14 of 17 component boards, re-averaged",,,,,,,,,,,,,,,,,4,114,Carolina,,2026-05-04,,,
chandon-herring-ot--2021,2021,Chandon Herring,OT,,,,Wide Left Consensus Big Board (Arif Hasan) — wideleft.football,6066,307,9.25,33.75,,,,,,,,,,,,,,,,,2026-07-26,,,
chandon-sullivan-cb-geo-2018,2018,Chandon Sullivan,CB,Georgia State,7,271,Wide Left Consensus Big Board (Arif Hasan) — wideleft.football,5106,195,9,32.375,4.6,,40.5,134,,4.36,15,,,,,,,,,,2026-07-26,228,274,85.4
channing-stribling-cb-mic-2017,2017,Channing Stribling,CB,Michigan,6,189,Wide Left Consensus Big Board (Arif Hasan) — wideleft.football,6012,188,8.5,31.5,4.6,,31.5,114,6.94,4.56,5,,,,,,,,,,2026-07-26,182,187,78.1
channing-tindall-lb-geo-2022,2022,Channing Tindall,LB,Georgia,3,78,Wide Left Consensus Big Board (Arif Hasan) — wideleft.football,6017,230,10.625,32.875,4.47,,42,129,,,,,,,,,3,102,Miami,,2026-08-06,64,80,91.3
chapelle-russell-lb-tem-2020,2020,Chapelle Russell,LB,Temple,,,Wide Left Consensus Big Board (Arif Hasan) — wideleft.football,6020,236,10,32.375,4.69,,35,121,7.38,4.41,21,,,,,,7,241,Tampa Bay,,2026-07-26,,,
charles-cross-ot-mis-2022,2022,Charles Cross,OT,Mississippi State,1,9,Wide Left Consensus Big Board (Arif Hasan) — wideleft.football,6046,307,10.75,34.5,4.95,,26,112,7.88,4.61,,,,,,,1,9,Seattle,,2026-08-06,10,9,84.8
charles-harris-edge-mis-2017,2017,Charles Harris,EDGE,Missouri,2,33,Wide Left Consensus Big Board (Arif Hasan) — wideleft.football,6026,253,9.63,32.38,4.82,,32,109,7.47,4.42,21,,,,,,1,22,Miami,,2026-07-26,31,39,134.1
charles-omenihu-edge-tex-2019,2019,Charles Omenihu,EDGE,Texas,3,86,"Jack Lichtenstein Consensus Big Board — 14 of 17 component boards, re-averaged",6053,280,9.375,36,4.92,1.71,36.5,115,7.48,4.36,,,,,,,5,161,Houston,,2026-05-04,,,
charles-snowden-lb--2021,2021,Charles Snowden,LB,,5,155,Wide Left Consensus Big Board (Arif Hasan) — wideleft.football,6063,243,9.5,34,,,,,,,,,,,,,,,,,2026-07-26,153,155,80.7
charles-tapper-edge-okl-2016,2016,Charles Tapper,EDGE,Oklahoma,3,101,Wide Left Consensus Big Board (Arif Hasan) — wideleft.football,6025,271,11,34.375,4.59,,34,119,,,23,,,,,,4,101,Dallas,,2026-07-26,,,84.8
charles-walker-dt-okl-2017,2017,Charles Walker,DT,Oklahoma,6,184,Wide Left Consensus Big Board (Arif Hasan) — wideleft.football,6017,310,9.63,33.75,4.96,,28,107,7.89,4.96,25,,,,,,,,,,2026-07-26,231,186,79.7
charleston-rambo-wr-mia-2022,2022,Charleston Rambo,WR,Miami,6,205,Wide Left Consensus Big Board (Arif Hasan) — wideleft.football,6005,177,9.75,32,4.57,,33.5,118,,,,,,,,,,,,,2026-08-06,209,205,78.1
charlie-heck-ot-nor-2020,2020,Charlie Heck,OT,North Carolina,6,185,Wide Left Consensus Big Board (Arif Hasan) — wideleft.football,6075,311,10.25,34.125,5.16,1.8,28,112,8.02,4.86,21,,,,,,4,126,Houston,,2026-07-26,147,191,
charlie-jones-wr-pur-2023,2023,Charlie Jones,WR,Purdue,5,158,"Jack Lichtenstein Consensus Big Board — 14 of 17 component boards, re-averaged",5113,175,9,31.625,4.43,,36.5,124,,,13,,,,,,4,131,Cincinnati,,2026-05-04,,,
charlie-kolar-te-iow-2022,2022,Charlie Kolar,TE,Iowa State,4,117,Wide Left Consensus Big Board (Arif Hasan) — wideleft.football,6064,252,10,34.5,,,,,,,,,,,,,4,128,Baltimore,,2026-08-06,117,115,83.7
charlie-taumoepeau-te-por-2020,2020,Charlie Taumoepeau,TE,Portland State,7,242,Wide Left Consensus Big Board (Arif Hasan) — wideleft.football,6022,240,9.5,32.25,4.75,1.66,36.5,121,7,4.27,18,,,,,,,,,,2026-07-26,221,245,
charlie-thomas-lb-geo-2023,2023,Charlie Thomas,LB,Georgia Tech,7,299,"Jack Lichtenstein Consensus Big Board — 14 of 17 component boards, re-averaged",6025,216,8.5,31.5,4.52,,32.5,124,7.09,4.34,18,,,,,,,,,,2026-05-04,,,
charlie-woerner-te-geo-2020,2020,Charlie Woerner,TE,Georgia,,,Wide Left Consensus Big Board (Arif Hasan) — wideleft.football,6045,244,10,31.125,4.78,1.63,34.5,120,7.18,4.46,21,,,,,,6,190,San Francisco,,2026-07-26,,,
charmeachealle-moore-lb--2017,2017,Charmeachealle Moore,LB,,,,Wide Left Consensus Big Board (Arif Hasan) — wideleft.football,,,,,,,,,,,,,,,,,,,,,2026-07-26,,,
charone-peake-wr-cle-2016,2016,Charone Peake,WR,Clemson,4,109,Wide Left Consensus Big Board (Arif Hasan) — wideleft.football,6023,209,9.25,34,4.45,,35.5,122,6.96,4.46,12,,,,,,7,241,NY Jets,,2026-07-26,,,116.4
charvarius-ward-cb--2018,2018,Charvarius Ward,CB,,,,Wide Left Consensus Big Board (Arif Hasan) — wideleft.football,,,,,,,,,,,,,,,,,,,,,2026-07-26,,,
chase-allen-te-iow-2022,2022,Chase Allen,TE,Iowa State,,,Wide Left Consensus Big Board (Arif Hasan) — wideleft.football,6060,251,9.625,34.125,,,33.5,117,7.03,4.43,,,,,,,,,,,2026-08-06,,,
chase-behrndt-iol-wes-2021,2021,Chase Behrndt,IOL,West Virginia,,,Wide Left Consensus Big Board (Arif Hasan) — wideleft.football,6034,324,10.375,33.5,5.55,,24.5,101,8.21,4.93,25,,,,,,,,,,2026-07-26,,,
chase-brice-qb--2023,2023,Chase Brice,QB,,7,485,"Jack Lichtenstein Consensus Big Board — 14 of 17 component boards, re-averaged",,,,,,,,,,,,,,,,,,,,,2026-05-04,,,
chase-brown-rb-ill-2023,2023,Chase Brown,RB,Illinois,5,141,"Jack Lichtenstein Consensus Big Board — 14 of 17 component boards, re-averaged",5094,209,10,31,4.43,,40,127,,,,,,,,,5,163,Cincinnati,,2026-05-04,,,
chase-claypool-wr-not-2020,2020,Chase Claypool,WR,Notre Dame,3,67,Wide Left Consensus Big Board (Arif Hasan) — wideleft.football,6042,238,9.875,32.5,4.42,1.52,40.5,126,,,19,,,,,,2,49,Pittsburgh,,2026-07-26,57,68,
chase-edmonds-rb-for-2018,2018,Chase Edmonds,RB,Fordham,7,240,Wide Left Consensus Big Board (Arif Hasan) — wideleft.football,5091,205,9,31.125,4.55,,34,122,6.79,4.07,19,,,,,,4,134,Arizona,,2026-07-26,215,244,86.8
chase-farris-iol--2016,2016,Chase Farris,IOL,,,,Wide Left Consensus Big Board (Arif Hasan) — wideleft.football,,,,,,,,,,,,,,,,,,,,,2026-07-26,,,
chase-hansen-lb-uta-2019,2019,Chase Hansen,LB,Utah,7,240,"Jack Lichtenstein Consensus Big Board — 14 of 17 component boards, re-averaged",6027,222,9.375,30.5,,,,,,,,,,,,,,,,,2026-05-04,,,
chase-litton-qb-mar-2018,2018,Chase Litton,QB,Marshall,7,232,Wide Left Consensus Big Board (Arif Hasan) — wideleft.football,6050,230,9.375,32.25,4.9,,29.5,106,7.49,4.53,,,,,,,,,,,2026-07-26,262,232,73.1
chase-lucas-cb-ari-2022,2022,Chase Lucas,CB,Arizona State,6,214,Wide Left Consensus Big Board (Arif Hasan) — wideleft.football,5112,180,9.25,31.875,4.48,,39,128,,,,,,,,,7,237,Detroit,,2026-08-06,246,207,90.9
chase-roullier-iol-wyo-2017,2017,Chase Roullier,IOL,Wyoming,7,253,Wide Left Consensus Big Board (Arif Hasan) — wideleft.football,6035,312,9.5,32.25,5.54,,26.5,97,7.6,4.47,19,,,,,,6,199,Washington,,2026-07-26,275,216,119.7
chase-winovich-edge-mic-2019,2019,Chase Winovich,EDGE,Michigan,2,51,"Jack Lichtenstein Consensus Big Board — 14 of 17 component boards, re-averaged",6026,256,10,32.75,4.59,1.57,30.5,116,6.94,4.11,18,,,,,,3,77,New England,,2026-05-04,,,
chase-young-edge-ohi-2020,2020,Chase Young,EDGE,Ohio State,1,1,Wide Left Consensus Big Board (Arif Hasan) — wideleft.football,6047,264,10,33.75,,,,,,,,,,,,,1,2,Washington,,2026-07-26,1,1,
chasen-hines-iol-lsu-2022,2022,Chasen Hines,IOL,LSU,7,233,Wide Left Consensus Big Board (Arif Hasan) — wideleft.football,6026,327,9.875,33.875,5.22,,30.5,108,,,,,,,,,6,210,New England,,2026-08-06,224,243,91.1
chauncey-gardner-johnson-s-flo-2019,2019,Chauncey Gardner-Johnson,S,Florida,2,38,"Jack Lichtenstein Consensus Big Board — 14 of 17 component boards, re-averaged",5107,210,9.25,30.875,4.48,,36,117,7.03,4.2,17,,,,,,4,105,New Orleans,,2026-05-04,,,
chauncey-golston-edge-iow-2021,2021,Chauncey Golston,EDGE,Iowa,6,180,Wide Left Consensus Big Board (Arif Hasan) — wideleft.football,6046,269,10.875,34.75,4.79,,36,119,7.52,4.65,,,,,,,3,84,Dallas,,2026-07-26,166,188,82.4
chauncey-rivers-edge-mis-2020,2020,Chauncey Rivers,EDGE,Mississippi State,,,Wide Left Consensus Big Board (Arif Hasan) — wideleft.football,6020,262,9.75,32.875,4.97,1.8,30.5,106,7.33,4.7,20,,,,,,,,,,2026-07-26,,,
chazz-surratt-lb-nor-2021,2021,Chazz Surratt,LB,North Carolina,3,81,Wide Left Consensus Big Board (Arif Hasan) — wideleft.football,6021,229,9.625,30.25,4.58,,31,,7.02,4.16,25,,,,,,3,78,Minnesota,,2026-07-26,78,87,85.2
cheatham-norrils-cb--2016,2016,Cheatham Norrils,CB,,,,Wide Left Consensus Big Board (Arif Hasan) — wideleft.football,,,,,,,,,,,,,,,,,,,,,2026-07-26,,,
cheyenne-ogrady-te--2020,2020,Cheyenne O'Grady,TE,,6,206,Wide Left Consensus Big Board (Arif Hasan) — wideleft.football,,,,,,,,,,,,,,,,,,,,,2026-07-26,282,197,
chidi-okeke-ot--2019,2019,Chidi Okeke,OT,,7,345,"Jack Lichtenstein Consensus Big Board — 14 of 17 component boards, re-averaged",,,,,,,,,,,,,,,,,,,,,2026-05-04,,,
chidobe-awuzie-cb-col-2017,2017,Chidobe Awuzie,CB,Colorado,2,46,Wide Left Consensus Big Board (Arif Hasan) — wideleft.football,5117,202,8.5,30.63,4.43,,34.5,132,6.81,4.14,16,,,,,,2,60,Dallas,,2026-07-26,41,51,100.2
chigozie-nnoruka-dt--2019,2019,Chigozie Nnoruka,DT,,7,413,"Jack Lichtenstein Consensus Big Board — 14 of 17 component boards, re-averaged",,,,,,,,,,,,,,,,,,,,,2026-05-04,,,
chigoziem-okonkwo-te-mar-2022,2022,Chigoziem Okonkwo,TE,Maryland,5,165,Wide Left Consensus Big Board (Arif Hasan) — wideleft.football,6024,238,9.75,32.75,4.52,,35.5,,,,,,,,,,4,143,Tennessee,,2026-08-06,169,166,79.9
chris-bergin-lb--2021,2021,Chris Bergin,LB,,,,Wide Left Consensus Big Board (Arif Hasan) — wideleft.football,,,,,,,,,,,,,,,,,,,,,2026-07-26,,,
chris-brown-s-tex-2021,2021,Chris Brown,S,Texas,,,Wide Left Consensus Big Board (Arif Hasan) — wideleft.football,5100,191,,,4.55,,36,118,6.85,4.18,15,,,,,,,,,,2026-07-26,,,
chris-brown-wr-not-2016,2016,Chris Brown,WR,Notre Dame,7,284,Wide Left Consensus Big Board (Arif Hasan) — wideleft.football,6020,194,9,32.25,4.48,,,,,,,,,,,,,,,,2026-07-26,,,84.9
chris-campbell-cb-pen-2018,2018,Chris Campbell,CB,Penn State,7,228,Wide Left Consensus Big Board (Arif Hasan) — wideleft.football,6010,194,,,,,,,,,14,,,,,,6,182,Arizona,,2026-08-02,279,217,146
chris-claybrooks-cb-mem-2020,2020,Chris Claybrooks,CB,Memphis,,,Wide Left Consensus Big Board (Arif Hasan) — wideleft.football,,,,,,,,,,,,,,,,,7,223,Jacksonville,,2026-07-26,,,
chris-covington-lb-ind-2018,2018,Chris Covington,LB,Indiana,,,Wide Left Consensus Big Board (Arif Hasan) — wideleft.football,6022,245,9.25,32.5,4.78,,,,,,23,,,,,,6,193,Dallas,,2026-07-26,,,
chris-evans-rb-mic-2021,2021,Chris Evans,RB,Michigan,6,193,Wide Left Consensus Big Board (Arif Hasan) — wideleft.football,5110,211,10,32.5,4.5,,40.5,127,6.83,4.12,20,,,,,,6,202,Cincinnati,,2026-07-26,210,184,83.1
chris-garrett-edge-con-2021,2021,Chris Garrett,EDGE,Concordia-St.Paul (MN),,,Wide Left Consensus Big Board (Arif Hasan) — wideleft.football,6034,241,9.625,33.125,,,,,,,,,,,,,7,252,LA Rams,,2026-07-26,,,
chris-godwin-wr-pen-2017,2017,Chris Godwin,WR,Penn State,3,69,Wide Left Consensus Big Board (Arif Hasan) — wideleft.football,6010,209,9.13,31.63,4.42,,36,126,7.01,4,19,,,,,,3,84,Tampa Bay,,2026-07-26,69,68,100.4
chris-herndon-te-mia-2018,2018,Chris Herndon,TE,Miami,4,134,Wide Left Consensus Big Board (Arif Hasan) — wideleft.football,6036,253,9.25,32.875,,,,,,,21,,,,,,4,107,NY Jets,,2026-07-26,145,131,96.8
chris-jackson-s-mar-2020,2020,Chris Jackson,S,Marshall,,,Wide Left Consensus Big Board (Arif Hasan) — wideleft.football,,,,,,,,,,,,,,,,,7,243,Tennessee,,2026-07-26,,,
chris-jones-dt-mis-2016,2016,Chris Jones,DT,Mississippi State,2,42,Wide Left Consensus Big Board (Arif Hasan) — wideleft.football,6056,310,10.75,34.5,5.03,,24.5,106,7.44,4.62,26,,,,,,2,37,Kansas City,,2026-07-26,,,134.1
chris-lindstrom-iol-bos-2019,2019,Chris Lindstrom,IOL,Boston College,2,35,"Jack Lichtenstein Consensus Big Board — 14 of 17 component boards, re-averaged",6036,308,9.5,34.125,4.91,,30.5,117,7.61,4.54,25,,,,,,1,14,Atlanta,,2026-05-04,,,
chris-mayes-dt-geo-2016,2016,Chris Mayes,DT,Georgia,,,Wide Left Consensus Big Board (Arif Hasan) — wideleft.football,6031,338,9,34,5.34,,23.5,104,,5.13,33,Run Stuffer,,,,,,,,,2026-07-26,,,
chris-miller-s-bay-2020,2020,Chris Miller,S,Baylor,,,Wide Left Consensus Big Board (Arif Hasan) — wideleft.football,5112,190,9,29.875,4.61,1.52,35.5,133,7.09,4.12,12,,,,,,,,,,2026-07-26,,,
chris-moore-wr-cin-2016,2016,Chris Moore,WR,Cincinnati,6,204,Wide Left Consensus Big Board (Arif Hasan) — wideleft.football,6010,206,9.375,33.375,4.53,,37,130,6.76,4.2,10,,,,,,4,107,Baltimore,,2026-07-26,,,96.3
chris-murray-iol--2023,2023,Chris Murray,IOL,,7,274,"Jack Lichtenstein Consensus Big Board — 14 of 17 component boards, re-averaged",,,,,,,,,,,,,,,,,,,,,2026-05-04,,,
chris-oladokun-qb-sou-2022,2022,Chris Oladokun,QB,South Dakota State,,,Wide Left Consensus Big Board (Arif Hasan) — wideleft.football,,,,,,,,,,,,,,,,,7,241,Pittsburgh,,2026-08-06,,,
chris-olave-wr-ohi-2022,2022,Chris Olave,WR,Ohio State,1,17,Wide Left Consensus Big Board (Arif Hasan) — wideleft.football,6003,187,9.5,31.125,4.39,,32,124,,,,,,,,,1,11,New Orleans,,2026-08-06,19,17,93.6
chris-owens-iol--2022,2022,Chris Owens,IOL,,,,Wide Left Consensus Big Board (Arif Hasan) — wideleft.football,,,,,,,,,,,,,,,,,,,,,2026-08-06,,,
chris-paul-iol-tul-2022,2022,Chris Paul,IOL,Tulsa,5,175,Wide Left Consensus Big Board (Arif Hasan) — wideleft.football,6037,323,9.375,33.625,4.89,,27,109,7.74,4.83,,,,,,,7,230,Washington,,2026-08-06,179,174,94.8
chris-rodriguez-jr-rb-ken-2023,2023,Chris Rodriguez Jr.,RB,Kentucky,6,205,"Jack Lichtenstein Consensus Big Board — 14 of 17 component boards, re-averaged",5115,217,8.625,30.625,,,,,,,,,,,,,6,193,Washington,,2026-05-04,,,
chris-rumph-ii-edge-duk-2021,2021,Chris Rumph II,EDGE,Duke,4,124,Wide Left Consensus Big Board (Arif Hasan) — wideleft.football,6020,244,,,,,,,,,18,,,,,,4,118,LA Chargers,,2026-07-26,101,135,93.4
chris-slayton-dt-syr-2019,2019,Chris Slayton,DT,Syracuse,7,219,"Jack Lichtenstein Consensus Big Board — 14 of 17 component boards, re-averaged",6035,307,10.625,33.5,5.13,1.81,29,101,,4.73,28,,,,,,7,245,NY Giants,,2026-05-04,,,
chris-steele-cb-usc-2022,2022,Chris Steele,CB,USC,7,299,Wide Left Consensus Big Board (Arif Hasan) — wideleft.football,6003,187,8.75,31.125,4.48,,37.5,126,,,,,,,,,,,,,2026-08-06,313,295,120.3
chris-swain-rb--2016,2016,Chris Swain,RB,,,,Wide Left Consensus Big Board (Arif Hasan) — wideleft.football,,,,,,,,,,,,FB,,,,,,,,,2026-07-26,,,
chris-warren-rb-tex-2018,2018,Chris Warren,RB,Texas,,,Wide Left Consensus Big Board (Arif Hasan) — wideleft.football,6020,247,10,32,4.69,,33,121,6.98,4.18,25,,,,,,,,,,2026-07-26,,,
chris-westry-cb--2019,2019,Chris Westry,CB,,7,417,"Jack Lichtenstein Consensus Big Board — 14 of 17 component boards, re-averaged",,,,,,,,,,,,,,,,,,,,,2026-05-04,,,
chris-wilcox-cb-byu-2021,2021,Chris Wilcox,CB,BYU,,,Wide Left Consensus Big Board (Arif Hasan) — wideleft.football,6015,198,9.875,31.625,,,,,,,,,,,,,7,251,Tampa Bay,,2026-07-26,,,
chris-williamson-cb-min-2020,2020,Chris Williamson,CB,Minnesota,,,Wide Left Consensus Big Board (Arif Hasan) — wideleft.football,,,,,,,,,,,,,,,,,7,247,NY Giants,,2026-07-26,,,
chris-worley-lb-ohi-2018,2018,Chris Worley,LB,Ohio State,7,263,Wide Left Consensus Big Board (Arif Hasan) — wideleft.football,6013,238,9.25,31.25,4.86,,29.5,,,,15,,,,,,,,,,2026-07-26,274,249,84
chris-wormley-dt-mic-2017,2017,Chris Wormley,DT,Michigan,2,50,Wide Left Consensus Big Board (Arif Hasan) — wideleft.football,6051,298,10.5,34.13,,,,,,,23,,,,,,3,74,Baltimore,,2026-07-26,47,53,111.5
christian-barmore-dt-ala-2021,2021,Christian Barmore,DT,Alabama,1,26,Wide Left Consensus Big Board (Arif Hasan) — wideleft.football,6040,310,,,4.93,,,,,,,,,,,,2,38,New England,,2026-07-26,25,27,91.5
christian-benford-cb-vil-2022,2022,Christian Benford,CB,Villanova,,,Wide Left Consensus Big Board (Arif Hasan) — wideleft.football,,,,,,,,,,,,,,,,,6,185,Buffalo,,2026-08-06,,,
christian-braswell-cb-rut-2023,2023,Christian Braswell,CB,Rutgers,7,265,"Jack Lichtenstein Consensus Big Board — 14 of 17 component boards, re-averaged",,,,,,,,,,,,,,,,,6,202,Jacksonville,,2026-05-04,,,
christian-brown-dt--2017,2017,Christian Brown,DT,,,,Wide Left Consensus Big Board (Arif Hasan) — wideleft.football,,,,,,,,,,,,,,,,,,,,,2026-07-26,,,
christian-darrisaw-ot-vir-2021,2021,Christian Darrisaw,OT,Virginia Tech,1,14,Wide Left Consensus Big Board (Arif Hasan) — wideleft.football,,,,,,,,,,,,,,,,,1,23,Minnesota,,2026-07-26,15,14,89.4
christian-gonzalez-cb-ore-2023,2023,Christian Gonzalez,CB,Oregon,1,7,"Jack Lichtenstein Consensus Big Board — 14 of 17 component boards, re-averaged",6013,197,9.5,32,4.38,,41.5,133,,,14,,,,,,1,17,New England,,2026-05-04,,,
christian-hackenberg-qb-pen-2016,2016,Christian Hackenberg,QB,Penn State,3,98,Wide Left Consensus Big Board (Arif Hasan) — wideleft.football,6043,223,9,32,4.78,,31,114,7.04,4.33,,,,,,,2,51,NY Jets,,2026-07-26,,,104.5
christian-harris-lb-ala-2022,2022,Christian Harris,LB,Alabama,2,57,Wide Left Consensus Big Board (Arif Hasan) — wideleft.football,6004,226,9.625,32.125,4.44,,34.5,132,,,,,,,,,3,75,Houston,,2026-08-06,48,57,140.2
christian-holmes-cb-okl-2022,2022,Christian Holmes,CB,Oklahoma State,,,Wide Left Consensus Big Board (Arif Hasan) — wideleft.football,,,,,,,,,,,,,,,,,7,240,Washington,,2026-08-06,,,
christian-izien-s--2023,2023,Christian Izien,S,,7,314,"Jack Lichtenstein Consensus Big Board — 14 of 17 component boards, re-averaged",,,,,,,,,,,,,,,,,,,,,2026-05-04,,,
christian-kirk-wr-tex-2018,2018,Christian Kirk,WR,Texas A&M,2,44,Wide Left Consensus Big Board (Arif Hasan) — wideleft.football,5103,201,9.875,30.375,4.47,,35.5,115,7.09,4.45,20,,,,,,2,47,Arizona,,2026-07-26,45,44,94
christian-lacouture-dt--2018,2018,Christian LaCouture,DT,,,,Wide Left Consensus Big Board (Arif Hasan) — wideleft.football,,,,,,,,,,,,,,,,,,,,,2026-07-26,,,
christian-matthew-cb-val-2022,2022,Christian Matthew,CB,Valdosta St.,,,Wide Left Consensus Big Board (Arif Hasan) — wideleft.football,,,,,,,,,,,,,,,,,7,244,Arizona,,2026-08-06,,,
christian-mccaffrey-rb-sta-2017,2017,Christian McCaffrey,RB,Stanford,1,13,Wide Left Consensus Big Board (Arif Hasan) — wideleft.football,5112,202,9,30,4.48,,37.5,121,6.57,4.22,10,,,,,,1,8,Carolina,,2026-07-26,11,14,111.2
christian-miller-edge-ala-2019,2019,Christian Miller,EDGE,Alabama,3,98,"Jack Lichtenstein Consensus Big Board — 14 of 17 component boards, re-averaged",6033,247,9.75,35.125,,,38.5,118,,,,,,,,,4,115,Carolina,,2026-05-04,,,
christian-morgan-s--2022,2022,Christian Morgan,S,,,,Wide Left Consensus Big Board (Arif Hasan) — wideleft.football,,,,,,,,,,,,,,,,,,,,,2026-08-06,,,
christian-sam-lb-ari-2018,2018,Christian Sam,LB,Arizona State,5,177,Wide Left Consensus Big Board (Arif Hasan) — wideleft.football,6020,244,10,31.5,4.75,,32,114,7.03,4.25,28,,,,,,6,178,New England,,2026-07-26,183,180,94.3
christian-sims-te--2023,2023,Christian Sims,TE,,7,407,"Jack Lichtenstein Consensus Big Board — 14 of 17 component boards, re-averaged",,,,,,,,,,,,,,,,,,,,,2026-05-04,,,
christian-tago-lb--2017,2017,Christian Tago,LB,,,,Wide Left Consensus Big Board (Arif Hasan) — wideleft.football,,,,,,,,,,,,,,,,,,,,,2026-07-26,,,
christian-uphoff-s--2021,2021,Christian Uphoff,S,,7,236,Wide Left Consensus Big Board (Arif Hasan) — wideleft.football,6020,209,10,30.75,,,,,,,,,,,,,,,,,2026-07-26,220,248,91.4
christian-watson-wr-nor-2022,2022,Christian Watson,WR,North Dakota State,2,49,Wide Left Consensus Big Board (Arif Hasan) — wideleft.football,6041,208,10.125,32.5,4.36,1.46,38.5,136,,,,,,,,,2,34,Green Bay,,2026-08-06,46,48,91.3
christian-westerman-iol-ari-2016,2016,Christian Westerman,IOL,Arizona State,3,68,Wide Left Consensus Big Board (Arif Hasan) — wideleft.football,6031,298,11,33.5,5.12,,,98,7.69,4.71,34,,,,,,5,161,Cincinnati,,2026-07-26,,,87.1
christian-wilkins-dt-cle-2019,2019,Christian Wilkins,DT,Clemson,1,11,"Jack Lichtenstein Consensus Big Board — 14 of 17 component boards, re-averaged",6032,315,9.75,32.5,5.04,1.76,29.5,107,,4.55,28,,,,,,1,13,Miami,,2026-05-04,,,
christian-young-s--2023,2023,Christian Young,S,,7,453,"Jack Lichtenstein Consensus Big Board — 14 of 17 component boards, re-averaged",,,,,,,,,,,,,,,,,,,,,2026-05-04,,,
christopher-allen-edge-ala-2022,2022,Christopher Allen,EDGE,Alabama,6,185,Wide Left Consensus Big Board (Arif Hasan) — wideleft.football,6034,241,10,33,,,,,,,,,,,,,,,,,2026-08-06,157,189,84.6
christopher-carson-rb-okl-2017,2017,Christopher Carson,RB,Oklahoma State,,,Wide Left Consensus Big Board (Arif Hasan) — wideleft.football,5116,218,9.63,33.25,4.58,,37,130,,,23,,,,,,7,249,Seattle,,2026-07-26,,,
christopher-hinton-dt-mic-2022,2022,Christopher Hinton,DT,Michigan,7,224,Wide Left Consensus Big Board (Arif Hasan) — wideleft.football,6035,305,10.5,32.375,5.28,1.74,31.5,106,,,,,,,,,,,,,2026-08-06,211,230,98.5
christopher-smith-s-geo-2023,2023,Christopher Smith,S,Georgia,3,101,"Jack Lichtenstein Consensus Big Board — 14 of 17 component boards, re-averaged",5110,192,,,4.62,,33,116,,,15,,,,,,5,170,Las Vegas,,2026-05-04,,,
chuba-hubbard-rb-okl-2021,2021,Chuba Hubbard,RB,Oklahoma State,4,123,Wide Left Consensus Big Board (Arif Hasan) — wideleft.football,6000,210,9,32,4.48,,36,120,7.24,4.26,20,,,,,,4,126,Carolina,,2026-07-26,128,121,84.6
chuck-clark-s-vir-2017,2017,Chuck Clark,S,Virginia Tech,7,290,Wide Left Consensus Big Board (Arif Hasan) — wideleft.football,6000,208,9,32.25,4.54,,34,122,6.85,4.07,16,,,,,,6,186,Baltimore,,2026-07-26,242,367,93.3
chukwuma-okorafor-ot-wes-2018,2018,Chukwuma Okorafor,OT,Western Michigan,3,75,Wide Left Consensus Big Board (Arif Hasan) — wideleft.football,6060,320,10.25,34.5,5.31,1.88,23.5,102,7.87,4.8,19,,,,,,3,92,Pittsburgh,,2026-07-26,94,73,100.8
chuma-edoga-ot-usc-2019,2019,Chuma Edoga,OT,USC,4,112,"Jack Lichtenstein Consensus Big Board — 14 of 17 component boards, re-averaged",6034,308,9.625,34.75,5.19,,,,,,21,,,,,,3,92,NY Jets,,2026-05-04,,,
chunky-clements-dt-ill-2017,2017,Chunky Clements,DT,Illinois,,,Wide Left Consensus Big Board (Arif Hasan) — wideleft.football,6023,301,10.38,32.88,,,,,,,23,,,,,,,,,,2026-07-26,,,
cj-marable-rb-coa-2021,2021,CJ Marable,RB,Coastal Carolina,,,Wide Left Consensus Big Board (Arif Hasan) — wideleft.football,5067,195,9.25,29.5,4.59,,36,116,7.25,4.39,17,,,,,,,,,,2026-07-26,,,
cj-verdell-rb-ore-2022,2022,CJ Verdell,RB,Oregon,,,Wide Left Consensus Big Board (Arif Hasan) — wideleft.football,5080,194,,,,,29.5,118,,,,,,,,,,,,,2026-08-06,,,
clark-phillips-iii-cb-uta-2023,2023,Clark Phillips III,CB,Utah,2,58,"Jack Lichtenstein Consensus Big Board — 14 of 17 component boards, re-averaged",5090,184,9.125,29.125,4.51,,33,,,4.32,18,,,,,,4,113,Atlanta,,2026-05-04,,,
clay-johnston-lb-bay-2020,2020,Clay Johnston,LB,Baylor,,,Wide Left Consensus Big Board (Arif Hasan) — wideleft.football,6010,227,9,30.5,,,,,,,18,,,,,,7,234,LA Rams,,2026-07-26,,,
clayton-fejedelem-s-ill-2016,2016,Clayton Fejedelem,S,Illinois,7,261,Wide Left Consensus Big Board (Arif Hasan) — wideleft.football,,,,,,,,,,,,,,,,,7,245,Cincinnati,,2026-07-26,,,89.8
clayton-thorson-qb-nor-2019,2019,Clayton Thorson,QB,Northwestern,6,184,"Jack Lichtenstein Consensus Big Board — 14 of 17 component boards, re-averaged",6040,222,9.75,31.125,,,,,,,,,,,,,5,167,Philadelphia,,2026-05-04,,,
clayton-tune-qb-hou-2023,2023,Clayton Tune,QB,Houston,6,190,"Jack Lichtenstein Consensus Big Board — 14 of 17 component boards, re-averaged",6024,220,9.375,31.375,4.64,,37.5,122,6.89,4.25,,,,,,,5,139,Arizona,,2026-05-04,,,
clelin-ferrell-edge-cle-2019,2019,Clelin Ferrell,EDGE,Clemson,1,18,"Jack Lichtenstein Consensus Big Board — 14 of 17 component boards, re-averaged",6043,264,10.5,34.125,,,,,7.26,4.4,25,,,,,,1,4,Las Vegas,,2026-05-04,,,
cleveland-wallace-iii-cb-san-2016,2016,Cleveland Wallace III,CB,San Jose State,,,Wide Left Consensus Big Board (Arif Hasan) — wideleft.football,5106,188,9.5,31.75,4.68,,35.5,123,,,,,,,,,,,,,2026-07-26,,,
clifton-duck-cb--2019,2019,Clifton Duck,CB,,7,409,"Jack Lichtenstein Consensus Big Board — 14 of 17 component boards, re-averaged",,,,,,,,,,,,,,,,,,,,,2026-05-04,,,
clyde-edwards-helaire-rb-lsu-2020,2020,Clyde Edwards-Helaire,RB,LSU,2,44,Wide Left Consensus Big Board (Arif Hasan) — wideleft.football,5072,207,9.625,29,4.6,,39.5,123,,,15,,,,,,1,32,Kansas City,,2026-07-26,40,42,
cobie-durant-cb-sou-2022,2022,Cobie Durant,CB,South Carolina State,7,238,Wide Left Consensus Big Board (Arif Hasan) — wideleft.football,5095,180,8.75,30.75,4.38,,,,,,,,,,,,4,142,LA Rams,,2026-08-06,201,248,89.2
coby-bryant-cb-cin-2022,2022,Coby Bryant,CB,Cincinnati,3,90,Wide Left Consensus Big Board (Arif Hasan) — wideleft.football,6013,193,9.375,30.625,4.54,,,,,,17,,,,,,4,109,Seattle,,2026-08-06,95,89,105.9
cody-barton-lb-uta-2019,2019,Cody Barton,LB,Utah,6,200,"Jack Lichtenstein Consensus Big Board — 14 of 17 component boards, re-averaged",6024,237,9.25,31.875,4.64,,32.5,116,6.9,4.03,30,,,,,,3,88,Seattle,,2026-05-04,,,
cody-core-wr-mis-2016,2016,Cody Core,WR,Mississippi,7,257,Wide Left Consensus Big Board (Arif Hasan) — wideleft.football,6025,205,10.375,32,4.47,,31.5,119,,,14,,,,,,6,199,Cincinnati,,2026-07-26,,,91.2
cody-ford-ot-okl-2019,2019,Cody Ford,OT,Oklahoma,1,24,"Jack Lichtenstein Consensus Big Board — 14 of 17 component boards, re-averaged",6036,329,9.75,34,5.21,,28.5,104,8.27,4.87,19,,,,,,2,38,Buffalo,,2026-05-04,,,
cody-ince-iol--2022,2022,Cody Ince,IOL,,,,Wide Left Consensus Big Board (Arif Hasan) — wideleft.football,,,,,,,,,,,,,,,,,,,,,2026-08-06,,,
cody-kessler-qb-usc-2016,2016,Cody Kessler,QB,USC,6,207,Wide Left Consensus Big Board (Arif Hasan) — wideleft.football,6012,220,10,32.625,4.89,,29.5,104,7.32,4,,,,,,,3,93,Cleveland,,2026-07-26,,,84.8
cody-mauch-ot-nor-2023,2023,Cody Mauch,OT,North Dakota State,2,46,"Jack Lichtenstein Consensus Big Board — 14 of 17 component boards, re-averaged",6050,302,9.75,32.375,5.08,1.79,29,108,7.33,4.55,29,,,,,,2,48,Tampa Bay,,2026-05-04,,,
cody-oconnell-iol--2018,2018,Cody O'Connell,IOL,,7,283,Wide Left Consensus Big Board (Arif Hasan) — wideleft.football,,,,,,,,,,,,,,,,,,,,,2026-07-26,301,283,88.2
cody-roscoe-dt--2022,2022,Cody Roscoe,DT,,,,Wide Left Consensus Big Board (Arif Hasan) — wideleft.football,,,,,,,,,,,,,,,,,,,,,2026-08-06,,,
cody-thompson-wr-tol-2019,2019,Cody Thompson,WR,Toledo,7,395,"Jack Lichtenstein Consensus Big Board — 14 of 17 component boards, re-averaged",6014,205,9.375,31,4.57,,38.5,119,6.87,4.03,19,,,,,,,,,,2026-05-04,,,
cody-white-wr-mic-2020,2020,Cody White,WR,Michigan State,,,Wide Left Consensus Big Board (Arif Hasan) — wideleft.football,6033,217,10,32.5,4.66,1.56,35.5,120,7.19,4.52,,,,,,,,,,,2026-07-26,,,
cody-whitehair-iol-kan-2016,2016,Cody Whitehair,IOL,Kansas State,2,36,Wide Left Consensus Big Board (Arif Hasan) — wideleft.football,6036,301,10.125,32,5.02,,25.5,110,7.32,4.58,16,,,,,,2,56,Chicago,,2026-07-26,,,81.5
cohl-cabral-iol-ari-2020,2020,Cohl Cabral,IOL,Arizona State,,,Wide Left Consensus Big Board (Arif Hasan) — wideleft.football,6047,300,10,32.25,,,,,,,20,,,,,,,,,,2026-07-26,,,
colby-gossett-iol-app-2018,2018,Colby Gossett,IOL,Appalachian State,5,170,Wide Left Consensus Big Board (Arif Hasan) — wideleft.football,6047,311,10,33.875,5.2,1.85,25,103,7.6,4.83,32,,,,,,6,213,Minnesota,,2026-07-26,171,177,98.6
colby-parkinson-te-sta-2020,2020,Colby Parkinson,TE,Stanford,5,164,Wide Left Consensus Big Board (Arif Hasan) — wideleft.football,6072,252,9.625,33.25,4.77,1.65,32.5,109,7.15,4.46,18,,,,,,4,133,Seattle,,2026-07-26,117,170,
colby-sorsdal-ot-wil-2023,2023,Colby Sorsdal,OT,William & Mary,7,414,"Jack Lichtenstein Consensus Big Board — 14 of 17 component boards, re-averaged",,,,,,,,,,,,,,,,,5,152,Detroit,,2026-05-04,,,
colby-wooden-dt-aub-2023,2023,Colby Wooden,DT,Auburn,4,107,"Jack Lichtenstein Consensus Big Board — 14 of 17 component boards, re-averaged",6040,273,10.375,33.75,4.79,1.68,,115,,4.52,23,Pass Rusher,,,,,4,116,Green Bay,,2026-05-04,,,
cole-croston-ot--2017,2017,Cole Croston,OT,,,,Wide Left Consensus Big Board (Arif Hasan) — wideleft.football,,,,,,,,,,,,,,,,,,,,,2026-07-26,,,
cole-hikutini-te-lou-2017,2017,Cole Hikutini,TE,Louisville,6,179,Wide Left Consensus Big Board (Arif Hasan) — wideleft.football,6043,247,10,32.75,,,,,,,20,,,,,,,,,,2026-07-26,157,183,87
cole-holcomb-lb-nor-2019,2019,Cole Holcomb,LB,North Carolina,7,331,"Jack Lichtenstein Consensus Big Board — 14 of 17 component boards, re-averaged",,,,,,,,,,,,,,,,,5,173,Washington,,2026-05-04,,,
cole-johnson-qb--2022,2022,Cole Johnson,QB,,,,Wide Left Consensus Big Board (Arif Hasan) — wideleft.football,,,,,,,,,,,,,,,,,,,,,2026-08-06,,,
cole-kelley-qb-sou-2022,2022,Cole Kelley,QB,Southeastern Louisiana,7,255,Wide Left Consensus Big Board (Arif Hasan) — wideleft.football,6073,249,9.875,33.75,,,,,,,,,,,,,,,,,2026-08-06,291,246,90.6
cole-kmet-te-not-2020,2020,Cole Kmet,TE,Notre Dame,2,62,Wide Left Consensus Big Board (Arif Hasan) — wideleft.football,6056,262,10.5,33,4.7,1.6,37,123,7.44,4.41,,,,,,,2,43,Chicago,,2026-07-26,47,63,
cole-luke-cb--2017,2017,Cole Luke,CB,,,,Wide Left Consensus Big Board (Arif Hasan) — wideleft.football,,,,,,,,,,,,,,,,,,,,,2026-07-26,,,
cole-madison-ot-was-2018,2018,Cole Madison,OT,Washington State,6,187,Wide Left Consensus Big Board (Arif Hasan) — wideleft.football,6052,308,10.375,32.25,5.33,1.85,28.5,97,7.86,4.88,26,,,,,,5,138,Green Bay,,2026-07-26,199,184,96.8
cole-mcdonald-qb-haw-2020,2020,Cole McDonald,QB,Hawaii,7,222,Wide Left Consensus Big Board (Arif Hasan) — wideleft.football,6031,215,9.75,32.25,4.58,,36,121,7.13,4.52,,,,,,,7,224,Tennessee,,2026-07-26,260,201,
cole-reyes-s--2018,2018,Cole Reyes,S,,,,Wide Left Consensus Big Board (Arif Hasan) — wideleft.football,,,,,,,,,,,,,,,,,,,,,2026-07-26,,,
cole-strange-iol-ten-2022,2022,Cole Strange,IOL,Tennessee-Chattanooga,3,76,Wide Left Consensus Big Board (Arif Hasan) — wideleft.football,6047,307,10.125,33,5.03,,28,120,7.44,4.5,31,,,,,,1,29,New England,,2026-08-06,74,71,108.8
cole-toner-ot-har-2016,2016,Cole Toner,OT,Harvard,7,221,Wide Left Consensus Big Board (Arif Hasan) — wideleft.football,6052,306,9.75,33.125,5.32,,26,103,7.88,4.59,22,,,,,,5,170,Arizona,,2026-07-26,,,85.4
cole-tracy-st-lsu-2019,2019,Cole Tracy,ST,LSU,7,321,"Jack Lichtenstein Consensus Big Board — 14 of 17 component boards, re-averaged",5103,184,9.125,29.75,,,,,,,,K,,,,,,,,,2026-05-04,,,
cole-turner-te-nev-2022,2022,Cole Turner,TE,Nevada,6,180,Wide Left Consensus Big Board (Arif Hasan) — wideleft.football,6060,246,9.875,33,4.76,,27,120,7.06,4.41,17,,,,,,5,149,Washington,,2026-08-06,184,182,80.5
cole-van-lanen-ot-wis-2021,2021,Cole Van Lanen,OT,Wisconsin,7,259,Wide Left Consensus Big Board (Arif Hasan) — wideleft.football,6042,305,9.75,33.375,5.11,,30,107,7.34,4.64,22,,,,,,6,214,Green Bay,,2026-07-26,285,260,86.3
coleman-shelton-iol-was-2018,2018,Coleman Shelton,IOL,Washington,7,249,Wide Left Consensus Big Board (Arif Hasan) — wideleft.football,6033,292,8.5,31.5,5.24,1.78,26.5,110,7.62,4.59,,,,,,,,,,,2026-07-26,253,248,89.2
colin-holba-st-lou-2017,2017,Colin Holba,ST,Louisville,,,Wide Left Consensus Big Board (Arif Hasan) — wideleft.football,6042,248,9.63,33.63,5.19,,28,115,,,,LS,,,,,6,213,Pittsburgh,,2026-07-26,,,
colin-newell-iol--2022,2022,Colin Newell,IOL,,,,Wide Left Consensus Big Board (Arif Hasan) — wideleft.football,,,,,,,,,,,,,,,,,,,,,2026-08-06,,,
collin-bevins-dt--2017,2017,Collin Bevins,DT,,,,Wide Left Consensus Big Board (Arif Hasan) — wideleft.football,,,,,,,,,,,,,,,,,,,,,2026-07-26,,,
collin-buchanan-ot-mia-2017,2017,Collin Buchanan,OT,Miami (OH),7,257,Wide Left Consensus Big Board (Arif Hasan) — wideleft.football,6046,316,10.5,32.38,,,25,97,,,23,,,,,,,,,,2026-07-26,225,330,104
collin-johnson-wr-tex-2020,2020,Collin Johnson,WR,Texas,4,137,Wide Left Consensus Big Board (Arif Hasan) — wideleft.football,6055,222,9,31.75,,,,,,,17,,,,,,5,165,Jacksonville,,2026-07-26,136,136,
colten-menges-st--2021,2021,Colten Menges,ST,,,,Wide Left Consensus Big Board (Arif Hasan) — wideleft.football,,,,,,,,,,,,LS,,,,,,,,,2026-07-26,,,
colton-dowell-wr-ut-2023,2023,Colton Dowell,WR,UT Martin,7,468,"Jack Lichtenstein Consensus Big Board — 14 of 17 component boards, re-averaged",,,,,,,,,,,,,,,,,7,228,Tennessee,,2026-05-04,,,
colton-mckivitz-ot-wes-2020,2020,Colton McKivitz,OT,West Virginia,6,208,Wide Left Consensus Big Board (Arif Hasan) — wideleft.football,6061,306,10,33.75,5.35,1.8,26,106,7.87,5,20,,,,,,5,153,San Francisco,,2026-07-26,177,216,
connor-cook-qb-mic-2016,2016,Connor Cook,QB,Michigan State,2,52,Wide Left Consensus Big Board (Arif Hasan) — wideleft.football,6040,217,9.75,33,4.79,,33,113,7.21,4.28,,,,,,,4,100,Las Vegas,,2026-07-26,,,102.6
connor-galvin-ot-bay-2023,2023,Connor Galvin,OT,Baylor,7,293,"Jack Lichtenstein Consensus Big Board — 14 of 17 component boards, re-averaged",6065,293,9,32.375,5.48,1.81,30.5,104,8,4.92,29,,,,,,,,,,2026-05-04,,,
connor-harris-lb-lin-2017,2017,Connor Harris,LB,Lindenwood,7,247,Wide Left Consensus Big Board (Arif Hasan) — wideleft.football,5111,242,9.38,30.13,4.73,,33,114,7.13,4.31,18,,,,,,,,,,2026-07-26,220,241,92.8
connor-heyward-rb-mic-2022,2022,Connor Heyward,RB,Michigan State,7,271,Wide Left Consensus Big Board (Arif Hasan) — wideleft.football,5111,233,9.5,31.875,4.72,,32.5,,,,,FB,,,,,6,208,Pittsburgh,,2026-08-06,199,284,94.5
connor-mcgovern-iol-pen-2019,2019,Connor McGovern,IOL,Penn State,3,92,"Jack Lichtenstein Consensus Big Board — 14 of 17 component boards, re-averaged",6053,308,9.875,34.125,,,,112,7.66,4.57,28,,,,,,3,90,Dallas,,2026-05-04,,,
connor-mcgovern-iol-mis-2016,2016,Connor McGovern,IOL,Missouri,4,118,Wide Left Consensus Big Board (Arif Hasan) — wideleft.football,6042,306,10.375,32.875,5.11,,33,109,7.5,4.65,33,,,,,,5,144,Denver,,2026-07-26,,,85.7
connor-williams-ot-tex-2018,2018,Connor Williams,OT,Texas,1,23,Wide Left Consensus Big Board (Arif Hasan) — wideleft.football,6051,296,10.5,33,5.05,1.72,34,112,7.83,4.63,26,,,,,,2,50,Dallas,,2026-07-26,33,20,104.9
connor-wujciak-dt-bos-2016,2016,Connor Wujciak,DT,Boston College,7,263,Wide Left Consensus Big Board (Arif Hasan) — wideleft.football,6024,291,10,33.25,4.91,,34.5,117,7.32,4.27,22,Pass Rusher,,,,,,,,,2026-07-26,,,83.8
conor-mcdermott-ot-ucl-2017,2017,Conor McDermott,OT,UCLA,5,171,Wide Left Consensus Big Board (Arif Hasan) — wideleft.football,6081,307,11,34.75,5.18,,28.5,105,7.52,4.58,,,,,,,6,211,New England,,2026-07-26,203,164,111.5
conor-sheehy-dt--2018,2018,Conor Sheehy,DT,,,,Wide Left Consensus Big Board (Arif Hasan) — wideleft.football,,,,,,,,,,,,,,,,,,,,,2026-07-26,,,
cooper-hodges-ot-app-2023,2023,Cooper Hodges,OT,Appalachian State,7,461,"Jack Lichtenstein Consensus Big Board — 14 of 17 component boards, re-averaged",,,,,,,,,,,,,,,,,7,226,Jacksonville,,2026-05-04,,,
cooper-kupp-wr-eas-2017,2017,Cooper Kupp,WR,Eastern Washington,3,77,Wide Left Consensus Big Board (Arif Hasan) — wideleft.football,6015,204,9.5,31.5,4.62,,31,116,6.75,4.08,,,,,,,3,69,LA Rams,,2026-07-26,67,77,95.6
cooper-rush-qb-cen-2017,2017,Cooper Rush,QB,Central Michigan,7,298,Wide Left Consensus Big Board (Arif Hasan) — wideleft.football,6025,228,9.13,32.38,4.93,,27,105,7.23,4.47,,,,,,,,,,,2026-07-26,384,307,88.2
corbin-kaufusi-edge--2019,2019,Corbin Kaufusi,EDGE,,7,362,"Jack Lichtenstein Consensus Big Board — 14 of 17 component boards, re-averaged",,,,,,,,,,,,,,,,,,,,,2026-05-04,,,
cordale-flott-cb-lsu-2022,2022,Cordale Flott,CB,LSU,6,208,Wide Left Consensus Big Board (Arif Hasan) — wideleft.football,6004,175,8,30.125,,,,,,,,,,,,,3,81,NY Giants,,2026-08-06,147,212,128.7
cordel-iwuagwu-iol-tcu-2020,2020,Cordel Iwuagwu,IOL,TCU,,,Wide Left Consensus Big Board (Arif Hasan) — wideleft.football,6027,309,10.125,33.75,5.22,1.8,27,94,8.03,4.87,25,,,,,,,,,,2026-07-26,,,
cordell-volson-ot-nor-2022,2022,Cordell Volson,OT,North Dakota State,6,209,Wide Left Consensus Big Board (Arif Hasan) — wideleft.football,6061,315,10.5,33.875,5.27,,25,104,8.31,4.93,25,,,,,,4,136,Cincinnati,,2026-08-06,252,201,82.3
cordrea-tankersley-cb-cle-2017,2017,Cordrea Tankersley,CB,Clemson,2,57,Wide Left Consensus Big Board (Arif Hasan) — wideleft.football,6012,199,9.13,32.25,4.4,,29.5,121,7,4.32,13,,,,,,3,97,Miami,,2026-07-26,72,50,117.6
corey-ballentine-cb-was-2019,2019,Corey Ballentine,CB,Washburn,4,134,"Jack Lichtenstein Consensus Big Board — 14 of 17 component boards, re-averaged",5110,196,9.5,31.625,4.47,,39.5,135,6.82,4.14,15,,,,,,6,180,NY Giants,,2026-05-04,,,
corey-clement-rb-wis-2017,2017,Corey Clement,RB,Wisconsin,5,164,Wide Left Consensus Big Board (Arif Hasan) — wideleft.football,5101,220,9.75,30.5,4.68,,28.5,115,,,19,,,,,,,,,,2026-07-26,181,159,74.8
corey-coleman-wr-bay-2016,2016,Corey Coleman,WR,Baylor,1,23,Wide Left Consensus Big Board (Arif Hasan) — wideleft.football,5105,194,9,30.25,4.42,,40.5,129,,,17,,,,,,1,15,Cleveland,,2026-07-26,,,118.8
corey-davis-wr-wes-2017,2017,Corey Davis,WR,Western Michigan,1,10,Wide Left Consensus Big Board (Arif Hasan) — wideleft.football,6026,209,9.13,33,,,,,,,,,,,,,1,5,Tennessee,,2026-07-26,10,10,106.6
corey-levin-iol-ten-2017,2017,Corey Levin,IOL,Tenn-Chattanooga,7,272,Wide Left Consensus Big Board (Arif Hasan) — wideleft.football,6040,307,,,5.16,,26.5,106,7.55,4.73,26,,,,,,6,217,Tennessee,,2026-07-26,318,267,84.1
corey-tindal-cb--2016,2016,Corey Tindal,CB,,,,Wide Left Consensus Big Board (Arif Hasan) — wideleft.football,,,,,,,,,,,,,,,,,,,,,2026-07-26,,,
corey-vereen-edge--2017,2017,Corey Vereen,EDGE,,,,Wide Left Consensus Big Board (Arif Hasan) — wideleft.football,,,,,,,,,,,,,,,,,,,,,2026-07-26,,,
corn-elder-cb-mia-2017,2017,Corn Elder,CB,Miami,4,130,Wide Left Consensus Big Board (Arif Hasan) — wideleft.football,5097,183,8.75,31.25,4.55,,,,,,,,,,,,5,152,Carolina,,2026-07-26,153,122,86.7
cornell-armstrong-cb-sou-2018,2018,Cornell Armstrong,CB,Southern Miss,,,Wide Left Consensus Big Board (Arif Hasan) — wideleft.football,,,,,,,,,,,,,,,,,6,209,Miami,,2026-07-26,,,
cornell-powell-wr-cle-2021,2021,Cornell Powell,WR,Clemson,5,151,Wide Left Consensus Big Board (Arif Hasan) — wideleft.football,6002,204,10,32.75,4.53,,36.5,128,7.03,4.21,16,,,,,,5,181,Kansas City,,2026-07-26,177,142,94.7
cortez-broughton-dt-cin-2019,2019,Cortez Broughton,DT,Cincinnati,7,234,"Jack Lichtenstein Consensus Big Board — 14 of 17 component boards, re-averaged",,,,,,,,,,,,,,,,,7,242,LA Chargers,,2026-05-04,,,
cory-durden-dt--2023,2023,Cory Durden,DT,,7,351,"Jack Lichtenstein Consensus Big Board — 14 of 17 component boards, re-averaged",,,,,,,,,,,,,,,,,,,,,2026-05-04,,,
cory-james-lb-col-2016,2016,Cory James,LB,Colorado State,,,Wide Left Consensus Big Board (Arif Hasan) — wideleft.football,,,,,,,,,,,,,,,,,6,194,Las Vegas,,2026-07-26,,,
cory-johnson-dt--2016,2016,Cory Johnson,DT,,,,Wide Left Consensus Big Board (Arif Hasan) — wideleft.football,,,,,,,,,,,,,,,,,,,,,2026-07-26,,,
cory-trice-cb-pur-2023,2023,Cory Trice,CB,Purdue,4,112,"Jack Lichtenstein Consensus Big Board — 14 of 17 component boards, re-averaged",6033,206,9.75,32.375,4.47,,35.5,132,,,17,,,,,,7,241,Pittsburgh,,2026-05-04,,,
courtland-sutton-wr-smu-2018,2018,Courtland Sutton,WR,SMU,1,31,Wide Left Consensus Big Board (Arif Hasan) — wideleft.football,6033,218,9.75,32.375,4.54,,35.5,124,6.57,4.11,18,,,,,,2,40,Denver,,2026-07-26,36,31,104.6
creed-humphrey-iol-okl-2021,2021,Creed Humphrey,IOL,Oklahoma,2,41,Wide Left Consensus Big Board (Arif Hasan) — wideleft.football,6042,302,9.625,32.5,5.11,,33,112,7.5,4.49,29,,,,,,2,63,Kansas City,,2026-07-26,47,38,83.7
crevon-leblanc-cb--2016,2016,Cre'Von LeBlanc,CB,,7,272,Wide Left Consensus Big Board (Arif Hasan) — wideleft.football,,,,,,,,,,,,,,,,,,,,,2026-07-26,,,84.8
cullen-gillaspia-rb-tex-2019,2019,Cullen Gillaspia,RB,Texas A&M,7,442,"Jack Lichtenstein Consensus Big Board — 14 of 17 component boards, re-averaged",,,,,,,,,,,,,,,,,7,220,Houston,,2026-05-04,,,
curt-maggitt-lb-ten-2016,2016,Curt Maggitt,LB,Tennessee,7,243,Wide Left Consensus Big Board (Arif Hasan) — wideleft.football,6032,247,10.125,33,4.73,,,,,,,,,,,,,,,,2026-07-26,,,84.7
curtis-bolton-lb--2019,2019,Curtis Bolton,LB,,6,215,"Jack Lichtenstein Consensus Big Board — 14 of 17 component boards, re-averaged",,,,,,,,,,,,,,,,,,,,,2026-05-04,,,
curtis-brooks-dt-cin-2022,2022,Curtis Brooks,DT,Cincinnati,7,283,Wide Left Consensus Big Board (Arif Hasan) — wideleft.football,,,,,,,,,,,,,,,,,6,216,Indianapolis,,2026-08-06,310,278,110.6
curtis-robinson-lb-sta-2021,2021,Curtis Robinson,LB,Stanford,,,Wide Left Consensus Big Board (Arif Hasan) — wideleft.football,6031,236,10,31.625,4.6,,37.5,117,7,4.26,22,,,,,,,,,,2026-07-26,,,
curtis-samuel-wr-ohi-2017,2017,Curtis Samuel,WR,Ohio State,2,52,Wide Left Consensus Big Board (Arif Hasan) — wideleft.football,5105,196,9.5,31.25,4.31,,37,119,7.09,4.33,18,,,,,,2,40,Carolina,,2026-07-26,43,59,113.7
curtis-weaver-edge-boi-2020,2020,Curtis Weaver,EDGE,Boise State,3,66,Wide Left Consensus Big Board (Arif Hasan) — wideleft.football,6023,265,10,32.375,,,32.5,116,7,4.27,,,,,,,5,164,Miami,,2026-07-26,79,66,
cyrus-jones-cb-ala-2016,2016,Cyrus Jones,CB,Alabama,4,114,Wide Left Consensus Big Board (Arif Hasan) — wideleft.football,5097,197,9.125,31.375,4.49,,33,116,6.71,4.21,10,,,,,,2,60,New England,,2026-07-26,,,86.7
dj-chark-wr-lsu-2018,2018,D.J. Chark,WR,LSU,2,60,Wide Left Consensus Big Board (Arif Hasan) — wideleft.football,6027,199,9.25,32.375,4.34,,40,129,,,16,,,,,,2,61,Jacksonville,,2026-07-26,49,60,98.6
dj-davidson-dt-ari-2022,2022,D.J. Davidson,DT,Arizona State,,,Wide Left Consensus Big Board (Arif Hasan) — wideleft.football,6033,327,10.125,33,,,28,,7.85,4.72,23,Run Stuffer,,,,,5,147,NY Giants,,2026-08-06,,,
dj-foster-wr-ari-2016,2016,D.J. Foster,WR,Arizona State,7,244,Wide Left Consensus Big Board (Arif Hasan) — wideleft.football,5102,193,9.25,30.5,4.57,,35.5,117,6.75,4.07,14,,,,,,,,,,2026-07-26,,,82
dj-jones-dt-akr-2017,2017,D.J. Jones,DT,Akron,6,193,Wide Left Consensus Big Board (Arif Hasan) — wideleft.football,6005,319,10.25,32.5,5.04,,28.5,108,7.73,4.65,25,,,,,,6,198,San Francisco,,2026-07-26,176,225,82.7
dj-moore-wr-mar-2018,2018,D.J. Moore,WR,Maryland,1,32,Wide Left Consensus Big Board (Arif Hasan) — wideleft.football,6000,210,9,31.625,4.42,,39.5,132,6.95,4.07,15,,,,,,1,24,Carolina,,2026-07-26,29,33,83.2
dj-pettway-edge-ala-2016,2016,D.J. Pettway,EDGE,Alabama,7,290,Wide Left Consensus Big Board (Arif Hasan) — wideleft.football,6021,265,9.5,32.25,4.99,,28,108,7.74,4.69,17,,,,,,,,,,2026-07-26,,,88.4
dj-reader-dt-cle-2016,2016,D.J. Reader,DT,Clemson,5,141,Wide Left Consensus Big Board (Arif Hasan) — wideleft.football,6025,327,9.5,33,5.33,,29.5,99,7.9,4.71,30,Run Stuffer,,,,,5,166,Houston,,2026-07-26,,,89.3
dj-reed-cb-kan-2018,2018,D.J. Reed,CB,Kansas State,5,143,Wide Left Consensus Big Board (Arif Hasan) — wideleft.football,5091,188,10,31.625,4.51,,36.5,,,,11,,,,,,5,142,San Francisco,,2026-07-26,156,136,90.3
dj-white-cb-geo-2016,2016,D.J. White,CB,Georgia Tech,5,153,Wide Left Consensus Big Board (Arif Hasan) — wideleft.football,5107,193,9.25,31.5,4.49,,33,132,7.18,4.33,17,,,,,,6,178,Kansas City,,2026-07-26,,,95.4
dj-wonnum-edge-sou-2020,2020,D.J. Wonnum,EDGE,South Carolina,6,180,Wide Left Consensus Big Board (Arif Hasan) — wideleft.football,6045,258,10.5,34.125,4.73,1.7,34.5,123,7.25,4.44,20,,,,,,4,117,Minnesota,,2026-07-26,148,208,
dk-metcalf-wr-mis-2019,2019,D.K. Metcalf,WR,Mississippi,1,21,"Jack Lichtenstein Consensus Big Board — 14 of 17 component boards, re-averaged",6030,228,,,4.33,,40.5,134,7.38,4.5,27,,,,,,2,64,Seattle,,2026-05-04,,,
dadi-lhomme-nicolas-lb-vir-2016,2016,Dadi Lhomme Nicolas,LB,Virginia Tech,5,170,Wide Left Consensus Big Board (Arif Hasan) — wideleft.football,6027,235,10.375,34.75,4.74,,41,116,7.04,4.38,14,,,,,,6,203,Kansas City,,2026-08-02,,,80.9
daelin-hayes-edge-not-2021,2021,Daelin Hayes,EDGE,Notre Dame,5,165,Wide Left Consensus Big Board (Arif Hasan) — wideleft.football,6034,253,9.375,32.875,4.71,,32.5,119,7.17,4.29,26,,,,,,5,171,Baltimore,,2026-07-26,151,176,80.5
daesean-hamilton-wr-pen-2018,2018,DaeSean Hamilton,WR,Penn State,3,84,Wide Left Consensus Big Board (Arif Hasan) — wideleft.football,6005,203,9.375,31,,,34.5,118,6.84,4.15,,,,,,,4,113,Denver,,2026-07-26,90,84,88.3
daeshon-hall-edge-tex-2017,2017,Daeshon Hall,EDGE,Texas A&M,3,99,Wide Left Consensus Big Board (Arif Hasan) — wideleft.football,6052,266,9.63,35,4.76,,36,123,7.03,4.38,18,,,,,,3,77,Carolina,,2026-07-26,90,101,103.4
daijean-dixon-wr-nic-2022,2022,Dai'Jean Dixon,WR,Nicholls St.,7,273,Wide Left Consensus Big Board (Arif Hasan) — wideleft.football,6025,205,9.5,32.375,4.62,,34,125,7.28,4.42,,,,,,,,,,,2026-08-06,258,275,89.4
daikiel-shorts-jr-wr--2017,2017,Daikiel Shorts Jr.,WR,,,,Wide Left Consensus Big Board (Arif Hasan) — wideleft.football,,,,,,,,,,,,,,,,,,,,,2026-07-26,,,
daiyan-henley-lb-was-2023,2023,Daiyan Henley,LB,Washington State,3,67,"Jack Lichtenstein Consensus Big Board — 14 of 17 component boards, re-averaged",6007,225,9.5,33,4.54,,35,125,,,,,,,,,3,85,LA Chargers,,2026-05-04,,,
dak-prescott-qb-mis-2016,2016,Dak Prescott,QB,Mississippi State,4,104,Wide Left Consensus Big Board (Arif Hasan) — wideleft.football,6022,226,10,32.25,4.79,,32.5,116,7.11,4.32,,,,,,,4,135,Dallas,,2026-07-26,,,91.7
dakota-allen-lb-tex-2019,2019,Dakota Allen,LB,Texas Tech,7,289,"Jack Lichtenstein Consensus Big Board — 14 of 17 component boards, re-averaged",6006,232,9.25,31.25,4.77,,31.5,116,6.88,4.04,23,,,,,,7,251,LA Rams,,2026-05-04,,,
dallas-daniels-wr--2023,2023,Dallas Daniels,WR,,7,381,"Jack Lichtenstein Consensus Big Board — 14 of 17 component boards, re-averaged",,,,,,,,,,,,,,,,,,,,,2026-05-04,,,
dallas-goedert-te-sou-2018,2018,Dallas Goedert,TE,South Dakota State,2,40,Wide Left Consensus Big Board (Arif Hasan) — wideleft.football,6045,256,10,34,,,,,,,23,,,,,,2,49,Philadelphia,,2026-07-26,37,42,99.4
dallis-flowers-cb--2022,2022,Dallis Flowers,CB,,,,Wide Left Consensus Big Board (Arif Hasan) — wideleft.football,,,,,,,,,,,,,,,,,,,,,2026-08-06,,,
dalton-keene-te-vir-2020,2020,Dalton Keene,TE,Virginia Tech,6,184,Wide Left Consensus Big Board (Arif Hasan) — wideleft.football,6041,253,9.75,32.25,4.71,1.63,34,125,7.07,4.19,21,,,,,,3,101,New England,,2026-07-26,190,199,
dalton-kincaid-te-uta-2023,2023,Dalton Kincaid,TE,Utah,1,21,"Jack Lichtenstein Consensus Big Board — 14 of 17 component boards, re-averaged",6035,246,10.25,32.625,,,,,,,,,,,,,1,25,Buffalo,,2026-05-04,,,
dalton-risner-ot-kan-2019,2019,Dalton Risner,OT,Kansas State,1,32,"Jack Lichtenstein Consensus Big Board — 14 of 17 component boards, re-averaged",6046,312,10.25,34,5.3,,28.5,110,7.69,4.52,23,,,,,,2,41,Denver,,2026-05-04,,,
dalton-schultz-te-sta-2018,2018,Dalton Schultz,TE,Stanford,4,132,Wide Left Consensus Big Board (Arif Hasan) — wideleft.football,6053,244,9.5,31.25,4.75,,32,120,7,4.4,15,,,,,,4,137,Dallas,,2026-07-26,158,128,99.6
dalton-sturm-qb--2018,2018,Dalton Sturm,QB,,,,Wide Left Consensus Big Board (Arif Hasan) — wideleft.football,,,,,,,,,,,,,,,,,,,,,2026-07-26,,,
dalton-wagner-ot-ark-2023,2023,Dalton Wagner,OT,Arkansas,7,363,"Jack Lichtenstein Consensus Big Board — 14 of 17 component boards, re-averaged",6080,320,10.5,34.375,,,24.5,102,,,24,,,,,,,,,,2026-05-04,,,
dalvin-cook-rb-flo-2017,2017,Dalvin Cook,RB,Florida State,1,12,Wide Left Consensus Big Board (Arif Hasan) — wideleft.football,5103,210,9.25,32.38,4.49,,30.5,116,7.27,4.53,22,,,,,,2,41,Minnesota,,2026-07-26,12,12,112.9
dalvin-tomlinson-dt-ala-2017,2017,Dalvin Tomlinson,DT,Alabama,3,79,Wide Left Consensus Big Board (Arif Hasan) — wideleft.football,6027,310,10.13,33.5,5.19,,27,110,7.68,4.59,,,,,,,2,55,NY Giants,,2026-07-26,78,79,100.1
dalyn-dawkins-rb--2018,2018,Dalyn Dawkins,RB,,,,Wide Left Consensus Big Board (Arif Hasan) — wideleft.football,,,,,,,,,,,,,,,,,,,,,2026-07-26,,,
damar-hamlin-s-pit-2021,2021,Damar Hamlin,S,Pittsburgh,6,185,Wide Left Consensus Big Board (Arif Hasan) — wideleft.football,6007,200,9.125,32.25,4.6,,35,118,6.93,4.4,18,,,,,,6,212,Buffalo,,2026-07-26,162,182,88.6
damarcus-fields-cb-tex-2022,2022,DaMarcus Fields,CB,Texas Tech,,,Wide Left Consensus Big Board (Arif Hasan) — wideleft.football,5115,193,9.125,31.25,4.48,,34.5,,,,,,,,,,,,,,2026-08-06,,,
damarcus-mitchell-lb--2022,2022,DaMarcus Mitchell,LB,,,,Wide Left Consensus Big Board (Arif Hasan) — wideleft.football,,,,,,,,,,,,,,,,,,,,,2026-08-06,,,
damarion-williams-cb-hou-2022,2022,Damarion Williams,CB,Houston,7,256,Wide Left Consensus Big Board (Arif Hasan) — wideleft.football,5102,182,8.75,29.625,,,34.5,118,,,17,,,,,,4,141,Baltimore,,2026-08-06,254,264,121.9
damarius-travis-s-min-2017,2017,Damarius Travis,S,Minnesota,7,268,Wide Left Consensus Big Board (Arif Hasan) — wideleft.football,6007,206,9,31.75,,,32.5,115,7.08,4.28,13,,,,,,,,,,2026-07-26,202,275,93.4
damarkus-lodge-wr-mis-2019,2019,DaMarkus Lodge,WR,Mississippi,7,237,"Jack Lichtenstein Consensus Big Board — 14 of 17 component boards, re-averaged",6017,202,9.5,33.125,4.55,,33.5,119,7.06,4.53,11,,,,,,,,,,2026-05-04,,,
damarri-mathis-cb-pit-2022,2022,Damarri Mathis,CB,Pittsburgh,5,145,Wide Left Consensus Big Board (Arif Hasan) — wideleft.football,5110,196,8.25,31.875,4.39,,,,,,,,,,,,4,115,Denver,,2026-08-06,121,154,100.3
dameon-pierce-rb-flo-2022,2022,Dameon Pierce,RB,Florida,4,107,Wide Left Consensus Big Board (Arif Hasan) — wideleft.football,5095,218,9.375,30.75,4.59,,34.5,119,,,21,,,,,,4,107,Houston,,2026-08-06,102,106,85.8
damien-harris-rb-ala-2019,2019,Damien Harris,RB,Alabama,3,76,"Jack Lichtenstein Consensus Big Board — 14 of 17 component boards, re-averaged",5101,216,9.75,30.75,4.57,,37,121,,,16,,,,,,3,87,New England,,2026-05-04,,,
damien-lewis-iol-lsu-2020,2020,Damien Lewis,IOL,LSU,3,94,Wide Left Consensus Big Board (Arif Hasan) — wideleft.football,6020,327,10.25,33,5.24,1.83,30,108,,,27,,,,,,3,69,Seattle,,2026-07-26,108,95,
damien-mama-iol-usc-2017,2017,Damien Mama,IOL,USC,6,195,Wide Left Consensus Big Board (Arif Hasan) — wideleft.football,6034,334,11,35,5.84,,24.5,96,8.51,5.38,,,,,,,,,,,2026-07-26,154,208,76.9
damion-ratley-wr-tex-2018,2018,Damion Ratley,WR,Texas A&M,,,Wide Left Consensus Big Board (Arif Hasan) — wideleft.football,,,,,,,,,,,,,,,,,6,175,Cleveland,,2026-07-26,,,
damon-arnette-cb-ohi-2020,2020,Damon Arnette,CB,Ohio State,2,63,Wide Left Consensus Big Board (Arif Hasan) — wideleft.football,5115,195,9.125,30,4.56,,,,,,,,,,,,1,19,Las Vegas,,2026-07-26,62,61,
damon-webb-s-ohi-2018,2018,Damon Webb,S,Ohio State,6,204,Wide Left Consensus Big Board (Arif Hasan) — wideleft.football,5106,195,8.125,31.25,4.62,,,,,,17,,,,,,,,,,2026-07-26,227,205,79.5
damone-clark-lb-lsu-2022,2022,Damone Clark,LB,LSU,4,103,Wide Left Consensus Big Board (Arif Hasan) — wideleft.football,6024,239,9.75,33,4.57,,36.5,127,7.12,,,,,,,,5,176,Dallas,,2026-08-06,118,102,99.9
damontae-kazee-cb-san-2017,2017,Damontae Kazee,CB,San Diego State,4,116,Wide Left Consensus Big Board (Arif Hasan) — wideleft.football,5102,184,8.63,30.88,4.54,,34,124,,,11,,,,,,5,149,Atlanta,,2026-07-26,119,118,93
damonte-coxie-wr-mem-2021,2021,Damonte Coxie,WR,Memphis,7,277,Wide Left Consensus Big Board (Arif Hasan) — wideleft.football,6021,198,8.75,33.25,4.77,,30.5,122,6.92,4.45,4,,,,,,,,,,2026-07-26,412,255,84.9
damoreea-stringfellow-wr--2017,2017,Damore'ea Stringfellow,WR,,6,197,Wide Left Consensus Big Board (Arif Hasan) — wideleft.football,,,,,,,,,,,,,,,,,,,,,2026-07-26,201,196,85.8
dan-feeney-iol-ind-2017,2017,Dan Feeney,IOL,Indiana,2,49,Wide Left Consensus Big Board (Arif Hasan) — wideleft.football,6037,305,10.25,33.38,5.24,,28,101,7.52,4.68,26,,,,,,3,71,LA Chargers,,2026-07-26,49,46,114.5
dan-moore-jr-ot-tex-2021,2021,Dan Moore Jr.,OT,Texas A&M,6,196,Wide Left Consensus Big Board (Arif Hasan) — wideleft.football,6055,311,10.25,34.5,,,,,,,,,,,,,4,128,Pittsburgh,,2026-07-26,165,202,93.6
dan-skipper-ot-ark-2017,2017,Dan Skipper,OT,Arkansas,7,224,Wide Left Consensus Big Board (Arif Hasan) — wideleft.football,6095,309,10.5,33.38,5.42,,26,97,7.61,5.01,,,,,,,,,,,2026-07-26,244,223,84.6
dan-vitale-edge-nor-2016,2016,Dan Vitale,EDGE,Northwestern,7,227,Wide Left Consensus Big Board (Arif Hasan) — wideleft.football,6007,239,9.75,31.75,4.6,,38.5,123,7.12,4.12,30,,,,,,6,197,Tampa Bay,,2026-07-26,,,87
dandre-swift-rb-geo-2020,2020,D'Andre Swift,RB,Georgia,1,22,Wide Left Consensus Big Board (Arif Hasan) — wideleft.football,5082,212,9,29.875,4.48,,35.5,121,,,,,,,,,2,35,Detroit,,2026-07-26,21,23,
dandre-walker-edge-geo-2019,2019,D'Andre Walker,EDGE,Georgia,3,91,"Jack Lichtenstein Consensus Big Board — 14 of 17 component boards, re-averaged",6023,251,9.875,34.375,,,,,,,,,,,,,5,168,Tennessee,,2026-05-04,,,
dane-belton-s-iow-2022,2022,Dane Belton,S,Iowa,6,198,Wide Left Consensus Big Board (Arif Hasan) — wideleft.football,6005,205,9.125,31,4.43,,36.5,123,7.01,4.24,,,,,,,4,114,NY Giants,,2026-08-06,171,199,105.7
dane-cruikshank-s-ari-2018,2018,Dane Cruikshank,S,Arizona,5,155,Wide Left Consensus Big Board (Arif Hasan) — wideleft.football,6012,206,8.75,31,4.41,,38.5,121,6.89,4.24,25,,,,,,5,152,Tennessee,,2026-07-26,169,154,121.5
dane-evans-qb--2017,2017,Dane Evans,QB,,,,Wide Left Consensus Big Board (Arif Hasan) — wideleft.football,,,,,,,,,,,,,,,,,,,,,2026-07-26,,,
dane-jackson-cb-pit-2020,2020,Dane Jackson,CB,Pittsburgh,5,162,Wide Left Consensus Big Board (Arif Hasan) — wideleft.football,5115,187,8.75,30.375,4.57,,35,122,7.07,4.27,,,,,,,7,239,Buffalo,,2026-07-26,158,163,
dangelo-amos-s--2021,2021,D'Angelo Amos,S,,,,Wide Left Consensus Big Board (Arif Hasan) — wideleft.football,,,,,,,,,,,,,,,,,,,,,2026-07-26,,,
daniel-bellinger-te-san-2022,2022,Daniel Bellinger,TE,San Diego State,5,157,Wide Left Consensus Big Board (Arif Hasan) — wideleft.football,6047,253,10.125,32.5,4.63,,34.5,125,7.05,4.47,22,,,,,,4,112,NY Giants,,2026-08-06,131,165,87.5
daniel-braverman-wr-wes-2016,2016,Daniel Braverman,WR,Western Michigan,6,187,Wide Left Consensus Big Board (Arif Hasan) — wideleft.football,,,,,,,,,,,,,,,,,7,230,Chicago,,2026-07-26,,,83.7
daniel-brunskill-ot-san-2017,2017,Daniel Brunskill,OT,San Diego State,,,Wide Left Consensus Big Board (Arif Hasan) — wideleft.football,6051,273,9.88,33.88,,,28,106,7.9,4.84,17,,,,,,,,,,2026-07-26,,,
daniel-carlson-st-aub-2018,2018,Daniel Carlson,ST,Auburn,7,281,Wide Left Consensus Big Board (Arif Hasan) — wideleft.football,6052,213,9.75,32,,,,,,,,K,,,,,5,167,Minnesota,,2026-07-26,192,238,102.6
daniel-faalele-ot-min-2022,2022,Daniel Faalele,OT,Minnesota,2,60,Wide Left Consensus Big Board (Arif Hasan) — wideleft.football,6080,384,11,35.125,,,,,,,24,,,,,,4,110,Baltimore,,2026-08-06,67,60,97.9
daniel-gutierrez-st--2022,2022,Daniel Gutierrez,ST,,,,Wide Left Consensus Big Board (Arif Hasan) — wideleft.football,,,,,,,,,,,,K,,,,,,,,,2026-08-06,,,
daniel-hardy-lb-mon-2022,2022,Daniel Hardy,LB,Montana State,,,Wide Left Consensus Big Board (Arif Hasan) — wideleft.football,,,,,,,,,,,,,,,,,7,235,LA Rams,,2026-08-06,,,
daniel-jones-qb-duk-2019,2019,Daniel Jones,QB,Duke,2,47,"Jack Lichtenstein Consensus Big Board — 14 of 17 component boards, re-averaged",6051,221,9.75,32.5,4.81,,33.5,120,7,4.41,,,,,,,1,6,NY Giants,,2026-05-04,,,
daniel-lasco-rb-cal-2016,2016,Daniel Lasco,RB,California,5,166,Wide Left Consensus Big Board (Arif Hasan) — wideleft.football,6002,209,9.125,32,4.46,,41.5,135,7.22,4.26,23,,,,,,7,237,New Orleans,,2026-07-26,,,81.2
daniel-scott-s-cal-2023,2023,Daniel Scott,S,California,5,149,"Jack Lichtenstein Consensus Big Board — 14 of 17 component boards, re-averaged",6007,208,10,30.25,4.45,,39.5,128,6.75,4.17,22,,,,,,5,158,Indianapolis,,2026-05-04,,,
daniel-thomas-s-aub-2020,2020,Daniel Thomas,S,Auburn,7,271,Wide Left Consensus Big Board (Arif Hasan) — wideleft.football,5100,215,9.25,31.625,4.51,1.53,37,125,,,24,,,,,,5,157,Jacksonville,,2026-07-26,291,262,
daniel-wise-dt-kan-2019,2019,Daniel Wise,DT,Kansas,6,206,"Jack Lichtenstein Consensus Big Board — 14 of 17 component boards, re-averaged",6025,281,10,33,5.28,1.8,27.5,112,7.53,4.37,22,Pass Rusher,,,,,,,,,2026-05-04,,,
daniel-wright-s--2022,2022,Daniel Wright,S,,,,Wide Left Consensus Big Board (Arif Hasan) — wideleft.football,,,,,,,,,,,,,,,,,,,,,2026-08-06,,,
danny-etling-qb-lsu-2018,2018,Danny Etling,QB,LSU,,,Wide Left Consensus Big Board (Arif Hasan) — wideleft.football,6024,222,9.375,31,4.76,,30.5,114,7.09,4.37,,,,,,,7,219,New England,,2026-07-26,,,
danny-gray-wr-smu-2022,2022,Danny Gray,WR,SMU,4,137,Wide Left Consensus Big Board (Arif Hasan) — wideleft.football,5117,186,9.625,31.875,4.33,,34,126,,,,,,,,,3,105,San Francisco,,2026-08-06,135,138,86
danny-isidora-iol-mia-2017,2017,Danny Isidora,IOL,Miami,4,140,Wide Left Consensus Big Board (Arif Hasan) — wideleft.football,6033,306,9.88,33,5.03,,29,94,8.13,4.9,26,,,,,,5,180,Minnesota,,2026-07-26,148,142,91.6
danny-johnson-cb-sou-2018,2018,Danny Johnson,CB,Southern,7,256,Wide Left Consensus Big Board (Arif Hasan) — wideleft.football,5092,185,9.25,31.125,4.44,,35,123,,,15,,,,,,,,,,2026-07-26,258,256,86.5
danny-pinter-iol-bal-2020,2020,Danny Pinter,IOL,Ball State,7,219,Wide Left Consensus Big Board (Arif Hasan) — wideleft.football,6042,306,9.5,31.875,4.91,1.73,29.5,110,7.76,4.62,24,,,,,,5,149,Indianapolis,,2026-07-26,210,225,
dante-olson-lb-mon-2020,2020,Dante Olson,LB,Montana,7,296,Wide Left Consensus Big Board (Arif Hasan) — wideleft.football,6023,237,9.125,32.375,4.88,,42,124,7,4.32,15,,,,,,,,,,2026-07-26,236,341,
dante-pettis-wr-was-2018,2018,Dante Pettis,WR,Washington,3,67,Wide Left Consensus Big Board (Arif Hasan) — wideleft.football,6004,186,9.5,32.25,,,,,,,,,,,,,2,44,San Francisco,,2026-07-26,69,67,95
dante-smith-ot-eas-2021,2021,D'Ante Smith,OT,East Carolina,4,126,Wide Left Consensus Big Board (Arif Hasan) — wideleft.football,6050,305,,,5.29,,29,113,7.96,4.81,24,,,,,,4,139,Cincinnati,,2026-07-26,116,129,131.1
dante-stills-dt-wes-2023,2023,Dante Stills,DT,West Virginia,7,221,"Jack Lichtenstein Consensus Big Board — 14 of 17 component boards, re-averaged",6034,286,9.625,32.375,4.85,1.72,28.5,113,7.38,4.61,20,Pass Rusher,,,,,6,213,Arizona,,2026-05-04,,,
danthony-jones-edge--2023,2023,D'Anthony Jones,EDGE,,7,457,"Jack Lichtenstein Consensus Big Board — 14 of 17 component boards, re-averaged",,,,,,,,,,,,,,,,,,,,,2026-05-04,,,
dare-ogunbowale-rb-wis-2017,2017,Dare Ogunbowale,RB,Wisconsin,7,250,Wide Left Consensus Big Board (Arif Hasan) — wideleft.football,5106,213,9.13,31.38,4.65,,35,120,6.99,4.34,14,,,,,,,,,,2026-07-26,267,259,94.4
dare-rosenthal-ot-ken-2022,2022,Dare Rosenthal,OT,Kentucky,6,188,Wide Left Consensus Big Board (Arif Hasan) — wideleft.football,6066,290,9,33.5,4.88,,,,,,,,,,,,,,,,2026-08-06,207,184,89.7
dareke-young-wr-len-2022,2022,Dareke Young,WR,Lenoir-Rhyne,,,Wide Left Consensus Big Board (Arif Hasan) — wideleft.football,,,,,,,,,,,,,,,,,7,233,Seattle,,2026-08-06,,,
darian-kinnard-iol-ken-2022,2022,Darian Kinnard,IOL,Kentucky,3,66,Wide Left Consensus Big Board (Arif Hasan) — wideleft.football,6053,322,11.25,35,5.31,,25,99,8.11,4.96,,,,,,,5,145,Kansas City,,2026-08-06,81,66,87.9
darian-roseboro-dt--2019,2019,Darian Roseboro,DT,,7,415,"Jack Lichtenstein Consensus Big Board — 14 of 17 component boards, re-averaged",,,,,,,,,,,,,,,,,,,,,2026-05-04,,,
darian-thompson-s-boi-2016,2016,Darian Thompson,S,Boise State,2,60,Wide Left Consensus Big Board (Arif Hasan) — wideleft.football,6017,208,9.125,30.375,4.69,,32.5,118,7.26,4.33,12,,,,,,3,71,NY Giants,,2026-07-26,,,99.8
darien-butler-lb-ari-2022,2022,Darien Butler,LB,Arizona State,,,Wide Left Consensus Big Board (Arif Hasan) — wideleft.football,5101,221,9.375,30.125,,,,,7.47,,,,,,,,,,,,2026-08-06,,,
darien-harris-lb--2016,2016,Darien Harris,LB,,,,Wide Left Consensus Big Board (Arif Hasan) — wideleft.football,,,,,,,,,,,,,,,,,,,,,2026-07-26,,,
darion-griswold-te--2016,2016,Darion Griswold,TE,,7,295,Wide Left Consensus Big Board (Arif Hasan) — wideleft.football,,,,,,,,,,,,,,,,,,,,,2026-07-26,,,90.6
darious-williams-cb--2018,2018,Darious Williams,CB,,7,290,Wide Left Consensus Big Board (Arif Hasan) — wideleft.football,,,,,,,,,,,,,,,,,,,,,2026-07-26,324,296,111.6
darius-anderson-rb--2020,2020,Darius Anderson,RB,,7,234,Wide Left Consensus Big Board (Arif Hasan) — wideleft.football,5104,208,9.625,30.5,,,,,,,,,,,,,,,,,2026-07-26,277,206,
darius-hamilton-dt--2017,2017,Darius Hamilton,DT,,,,Wide Left Consensus Big Board (Arif Hasan) — wideleft.football,,,,,,,,,,,,,,,,,,,,,2026-07-26,,,
darius-hodge-edge-mar-2021,2021,Darius Hodge,EDGE,Marshall,,,Wide Left Consensus Big Board (Arif Hasan) — wideleft.football,6000,248,,,4.73,,38.5,127,7.16,4.67,26,,,,,,,,,,2026-07-26,,,
darius-jackson-edge-jac-2018,2018,Darius Jackson,EDGE,Jacksonville State,,,Wide Left Consensus Big Board (Arif Hasan) — wideleft.football,6022,242,9.125,32,4.87,,26.5,113,7.52,,21,,,,,,,,,,2026-07-26,,,
darius-jackson-rb-eas-2016,2016,Darius Jackson,RB,Eastern Michigan,,,Wide Left Consensus Big Board (Arif Hasan) — wideleft.football,,,,,,,,,,,,,,,,,6,216,Dallas,,2026-07-26,,,
darius-latham-dt-ind-2016,2016,Darius Latham,DT,Indiana,7,225,Wide Left Consensus Big Board (Arif Hasan) — wideleft.football,6042,311,10,34.75,5.32,,29,100,7.76,4.63,,,,,,,,,,,2026-07-26,,,117.7
darius-leonard-lb-sou-2018,2018,Darius Leonard,LB,South Carolina State,3,87,Wide Left Consensus Big Board (Arif Hasan) — wideleft.football,6020,234,,,4.7,,,,,,17,,,,,,2,36,Indianapolis,,2026-07-26,67,93,115.7
darius-phillips-cb-wes-2018,2018,Darius Phillips,CB,Western Michigan,5,172,Wide Left Consensus Big Board (Arif Hasan) — wideleft.football,5097,190,9.125,31.5,4.54,,,,,,,,,,,,5,170,Cincinnati,,2026-07-26,186,153,83.6
darius-rush-cb-sou-2023,2023,Darius Rush,CB,South Carolina,3,89,"Jack Lichtenstein Consensus Big Board — 14 of 17 component boards, re-averaged",6017,198,9.5,33.375,4.36,,35,121,,,,,,,,,5,138,Indianapolis,,2026-05-04,,,
darius-slayton-wr-aub-2019,2019,Darius Slayton,WR,Auburn,5,156,"Jack Lichtenstein Consensus Big Board — 14 of 17 component boards, re-averaged",6010,190,10,32.75,4.39,,40.5,135,7,4.15,11,,,,,,5,171,NY Giants,,2026-05-04,,,
darius-stills-dt-wes-2021,2021,Darius Stills,DT,West Virginia,6,184,Wide Left Consensus Big Board (Arif Hasan) — wideleft.football,6004,278,8.875,32.25,4.98,,32.5,110,7.18,4.49,23,Pass Rusher,,,,,,,,,2026-07-26,230,178,96.2
darius-west-s-ken-2019,2019,Darius West,S,Kentucky,7,252,"Jack Lichtenstein Consensus Big Board — 14 of 17 component boards, re-averaged",5107,208,9.125,31.375,4.39,,33.5,113,,,19,,,,,,,,,,2026-05-04,,,
darnay-holmes-cb-ucl-2020,2020,Darnay Holmes,CB,UCLA,4,121,Wide Left Consensus Big Board (Arif Hasan) — wideleft.football,5096,195,9.25,29.5,4.48,,,,,,12,,,,,,4,110,NY Giants,,2026-07-26,120,123,
darnell-mooney-wr-tul-2020,2020,Darnell Mooney,WR,Tulane,7,228,Wide Left Consensus Big Board (Arif Hasan) — wideleft.football,5101,176,9.625,30.875,4.38,1.5,37,124,,,9,,,,,,5,173,Chicago,,2026-07-26,271,227,
darnell-savage-jr-s-mar-2019,2019,Darnell Savage Jr.,S,Maryland,2,48,"Jack Lichtenstein Consensus Big Board — 14 of 17 component boards, re-averaged",5106,198,9.125,31,4.36,,39.5,126,7.03,4.14,11,,,,,,1,21,Green Bay,,2026-05-04,,,
darnell-washington-te-geo-2023,2023,Darnell Washington,TE,Georgia,1,31,"Jack Lichtenstein Consensus Big Board — 14 of 17 component boards, re-averaged",6065,264,11,34.375,4.64,,31,122,,4.08,21,,,,,,3,93,Pittsburgh,,2026-05-04,,,
darnell-wright-ot-ten-2023,2023,Darnell Wright,OT,Tennessee,1,19,"Jack Lichtenstein Consensus Big Board — 14 of 17 component boards, re-averaged",6053,333,9,33.75,5.01,1.81,29,114,,,,,,,,,1,10,Chicago,,2026-05-04,,,
daron-bland-cb-fre-2022,2022,DaRon Bland,CB,Fresno State,,,Wide Left Consensus Big Board (Arif Hasan) — wideleft.football,,,,,,,,,,,,,,,,,5,167,Dallas,,2026-08-06,,,
daron-payne-dt-ala-2018,2018,Da'Ron Payne,DT,Alabama,1,24,Wide Left Consensus Big Board (Arif Hasan) — wideleft.football,6024,311,9.375,33,4.95,1.67,28.5,107,7.58,4.71,27,,,,,,1,13,Washington,,2026-07-26,15,24,92.7
darrel-williams-rb-lsu-2018,2018,Darrel Williams,RB,LSU,7,234,Wide Left Consensus Big Board (Arif Hasan) — wideleft.football,5115,225,9.375,31,4.72,,32,109,,4.21,22,,,,,,,,,,2026-07-26,216,241,92.5
darrell-daniels-te-was-2017,2017,Darrell Daniels,TE,Washington,7,272,Wide Left Consensus Big Board (Arif Hasan) — wideleft.football,6032,247,10.25,34.5,4.55,,32,116,7.09,4.47,17,,,,,,,,,,2026-07-26,240,303,95
darrell-greene-iol-san-2016,2016,Darrell Greene,IOL,San Diego State,6,215,Wide Left Consensus Big Board (Arif Hasan) — wideleft.football,6026,321,9.625,31.625,5.2,,21.5,98,8.07,4.98,28,,,,,,,,,,2026-07-26,,,108.4
darrell-henderson-rb-mem-2019,2019,Darrell Henderson,RB,Memphis,3,83,"Jack Lichtenstein Consensus Big Board — 14 of 17 component boards, re-averaged",5083,208,8.625,31,4.49,,33.5,121,,,22,,,,,,3,70,LA Rams,,2026-05-04,,,
darrell-luter-jr-cb-sou-2023,2023,Darrell Luter Jr.,CB,South Alabama,6,187,"Jack Lichtenstein Consensus Big Board — 14 of 17 component boards, re-averaged",5116,189,10.375,32.375,4.46,,40.5,123,6.9,4.43,,,,,,,5,155,San Francisco,,2026-05-04,,,
darrell-stewart-jr-wr-mic-2020,2020,Darrell Stewart Jr.,WR,Michigan State,,,Wide Left Consensus Big Board (Arif Hasan) — wideleft.football,6002,212,9.625,32,,,35,117,,,15,,,,,,,,,,2026-07-26,,,
darrell-taylor-edge-ten-2020,2020,Darrell Taylor,EDGE,Tennessee,3,93,Wide Left Consensus Big Board (Arif Hasan) — wideleft.football,6035,267,9.75,33,,,,,,,,,,,,,2,48,Seattle,,2026-07-26,89,98,
darren-carrington-wr-uta-2018,2018,Darren Carrington,WR,Utah,7,227,Wide Left Consensus Big Board (Arif Hasan) — wideleft.football,6022,199,10.375,32.75,,,36,120,,,,,,,,,,,,,2026-07-26,243,228,72
darren-hall-cb-san-2021,2021,Darren Hall,CB,San Diego State,7,226,Wide Left Consensus Big Board (Arif Hasan) — wideleft.football,5110,188,,,4.47,,38.5,132,7.07,4.28,16,,,,,,4,108,Atlanta,,2026-07-26,213,235,90.3
darreus-rogers-wr-usc-2017,2017,Darreus Rogers,WR,USC,,,Wide Left Consensus Big Board (Arif Hasan) — wideleft.football,6011,216,10.13,32,,,26.5,112,7.22,4.54,8,,,,,,,,,,2026-07-26,,,
darrian-beavers-lb-cin-2022,2022,Darrian Beavers,LB,Cincinnati,4,111,Wide Left Consensus Big Board (Arif Hasan) — wideleft.football,6036,237,9.75,32.375,,,36.5,125,6.91,,,,,,,,6,182,NY Giants,,2026-08-06,130,107,95.4
darrick-forrest-s-cin-2021,2021,Darrick Forrest,S,Cincinnati,6,192,Wide Left Consensus Big Board (Arif Hasan) — wideleft.football,5114,206,9.75,32,4.42,,39,132,6.91,4.23,21,,,,,,5,163,Washington,,2026-07-26,202,201,96.7
darrion-daniels-dt-neb-2020,2020,Darrion Daniels,DT,Nebraska,7,285,Wide Left Consensus Big Board (Arif Hasan) — wideleft.football,6032,311,9.125,33.75,5.18,1.81,27,109,7.75,4.93,21,,,,,,,,,,2026-07-26,256,297,
darrious-gaines-cb--2023,2023,Darrious Gaines,CB,,7,359,"Jack Lichtenstein Consensus Big Board — 14 of 17 component boards, re-averaged",,,,,,,,,,,,,,,,,,,,,2026-05-04,,,
darron-lee-lb-ohi-2016,2016,Darron Lee,LB,Ohio State,1,14,Wide Left Consensus Big Board (Arif Hasan) — wideleft.football,6006,232,9.75,33.25,4.47,,35.5,133,7.12,4.2,17,,,,,,1,20,NY Jets,,2026-07-26,,,108.1
darryl-johnson-jr-edge-nor-2019,2019,Darryl Johnson Jr.,EDGE,North Carolina A&T,7,320,"Jack Lichtenstein Consensus Big Board — 14 of 17 component boards, re-averaged",6060,253,10,33.875,,,,,,,20,,,,,,7,225,Buffalo,,2026-05-04,,,
darryl-williams-iol-mis-2020,2020,Darryl Williams,IOL,Mississippi State,6,187,Wide Left Consensus Big Board (Arif Hasan) — wideleft.football,6023,304,9.75,32.125,5.23,1.8,25.5,102,7.88,4.76,23,,,,,,,,,,2026-07-26,199,184,
darrynton-evans-rb-app-2020,2020,Darrynton Evans,RB,Appalachian State,4,125,Wide Left Consensus Big Board (Arif Hasan) — wideleft.football,5101,203,9.25,31.625,4.41,,37,125,,,20,,,,,,3,93,Tennessee,,2026-07-26,115,130,
darwin-thompson-rb-uta-2019,2019,Darwin Thompson,RB,Utah State,7,239,"Jack Lichtenstein Consensus Big Board — 14 of 17 component boards, re-averaged",,,,,,,,,,,,,,,,,6,214,Kansas City,,2026-05-04,,,
daryl-worley-cb-wes-2016,2016,Daryl Worley,CB,West Virginia,6,182,Wide Left Consensus Big Board (Arif Hasan) — wideleft.football,6006,204,10.25,33.375,4.64,,35.5,123,6.98,4.15,14,,,,,,3,77,Carolina,,2026-07-26,,,91
dashawn-hand-dt-ala-2018,2018,Da'Shawn Hand,DT,Alabama,3,95,Wide Left Consensus Big Board (Arif Hasan) — wideleft.football,6040,297,,,4.83,1.7,31.5,111,7.98,4.62,28,,,,,,4,114,Detroit,,2026-07-26,85,101,105.8
daurice-fountain-wr-nor-2018,2018,Daurice Fountain,WR,Northern Iowa,6,199,Wide Left Consensus Big Board (Arif Hasan) — wideleft.football,,,,,,,,,,,,,,,,,5,159,Indianapolis,,2026-07-26,157,200,99.2
davante-davis-cb-tex-2019,2019,Davante Davis,CB,Texas,7,429,"Jack Lichtenstein Consensus Big Board — 14 of 17 component boards, re-averaged",6021,202,9.75,31.375,4.57,,37,125,6.76,4.15,14,,,,,,,,,,2026-05-04,,,
davante-harris-ot--2016,2016,Davante Harris,OT,,,,Wide Left Consensus Big Board (Arif Hasan) — wideleft.football,5105,176,8.125,30.625,4.56,,38.5,124,6.82,4.06,,,,,,,,,,,2026-07-26,,,
david-anenih-edge--2022,2022,David Anenih,EDGE,,7,251,Wide Left Consensus Big Board (Arif Hasan) — wideleft.football,,,,,,,,,,,,,,,,,,,,,2026-08-06,230,260,119.9
david-bell-wr-pur-2022,2022,David Bell,WR,Purdue,3,84,Wide Left Consensus Big Board (Arif Hasan) — wideleft.football,6007,212,9.25,31.875,4.65,,33,118,7.14,4.57,,,,,,,3,99,Cleveland,,2026-08-06,108,79,100.8
david-bright-iol-sta-2018,2018,David Bright,IOL,Stanford,7,270,Wide Left Consensus Big Board (Arif Hasan) — wideleft.football,6051,307,10,33.25,,,,,,,,,,,,,,,,,2026-07-26,298,259,91.1
david-dean-dt--2016,2016,David Dean,DT,,,,Wide Left Consensus Big Board (Arif Hasan) — wideleft.football,,,,,,,,,,,,,,,,,,,,,2026-07-26,,,
david-durden-wr--2023,2023,David Durden,WR,,7,339,"Jack Lichtenstein Consensus Big Board — 14 of 17 component boards, re-averaged",,,,,,,,,,,,,,,,,,,,,2026-05-04,,,
david-edwards-ot-wis-2019,2019,David Edwards,OT,Wisconsin,4,130,"Jack Lichtenstein Consensus Big Board — 14 of 17 component boards, re-averaged",6062,308,9.75,33.375,5.28,,25.5,99,7.69,4.77,,,,,,,5,169,LA Rams,,2026-05-04,,,
david-grinnage-te-nor-2016,2016,David Grinnage,TE,North Carolina State,,,Wide Left Consensus Big Board (Arif Hasan) — wideleft.football,6052,248,10.125,34.5,4.9,,29.5,106,,,,,,,,,,,,,2026-07-26,,,
david-hedelin-iol--2016,2016,David Hedelin,IOL,,,,Wide Left Consensus Big Board (Arif Hasan) — wideleft.football,,,,,,,,,,,,,,,,,,,,,2026-07-26,,,
david-jones-s--2017,2017,David Jones,S,,,,Wide Left Consensus Big Board (Arif Hasan) — wideleft.football,,,,,,,,,,,,,,,,,,,,,2026-07-26,,,
david-long-cb-mic-2019,2019,David Long,CB,Michigan,3,74,"Jack Lichtenstein Consensus Big Board — 14 of 17 component boards, re-averaged",5112,196,10,30.75,4.45,,39.5,120,6.45,3.97,15,,,,,,3,79,LA Rams,,2026-05-04,,,
david-long-lb-wes-2019,2019,David Long,LB,West Virginia,7,380,"Jack Lichtenstein Consensus Big Board — 14 of 17 component boards, re-averaged",,,,,,,,,,,,,,,,,6,188,Tennessee,,2026-05-04,,,
david-moa-dt--2018,2018,David Moa,DT,,,,Wide Left Consensus Big Board (Arif Hasan) — wideleft.football,,,,,,,,,,,,,,,,,,,,,2026-07-26,,,
david-montgomery-rb-iow-2019,2019,David Montgomery,RB,Iowa State,2,57,"Jack Lichtenstein Consensus Big Board — 14 of 17 component boards, re-averaged",5101,222,9.25,31.375,4.63,,28.5,121,,,15,,,,,,3,73,Chicago,,2026-05-04,,,
david-moore-iol-cen-2021,2021,David Moore,IOL,Central Michigan,5,174,Wide Left Consensus Big Board (Arif Hasan) — wideleft.football,6000,200,,,4.86,,29.5,112,7.62,4.75,,,,,,,,,,,2026-07-26,175,177,140
david-moore-wr-eas-2017,2017,David Moore,WR,East Central (OK),,,Wide Left Consensus Big Board (Arif Hasan) — wideleft.football,,,,,,,,,,,,,,,,,7,226,Seattle,,2026-07-26,,,
david-morgan-te-tex-2016,2016,David Morgan,TE,Texas-San Antonio,7,220,Wide Left Consensus Big Board (Arif Hasan) — wideleft.football,6041,262,10.5,33.625,,,,,,,,,,,,,6,188,Minnesota,,2026-07-26,,,95.1
david-njoku-te-mia-2017,2017,David Njoku,TE,Miami,1,19,Wide Left Consensus Big Board (Arif Hasan) — wideleft.football,6040,246,10,35.25,4.64,,37.5,133,6.97,4.34,21,,,,,,1,29,Cleveland,,2026-07-26,20,17,114.4
david-ojabo-edge-mic-2022,2022,David Ojabo,EDGE,Michigan,1,29,Wide Left Consensus Big Board (Arif Hasan) — wideleft.football,6040,250,9,33.5,4.55,1.64,35,122,,4.45,,,,,,,2,45,Baltimore,,2026-08-06,35,28,105.9
david-onyemata-dt-man-2016,2016,David Onyemata,DT,Manitoba,7,269,Wide Left Consensus Big Board (Arif Hasan) — wideleft.football,,,,,,,,,,,,,,,,,4,120,New Orleans,,2026-07-26,,,160
david-perkins-edge--2016,2016,David Perkins,EDGE,,,,Wide Left Consensus Big Board (Arif Hasan) — wideleft.football,,,,,,,,,,,,,,,,,,,,,2026-07-26,,,
david-sharpe-ot-flo-2017,2017,David Sharpe,OT,Florida,5,151,Wide Left Consensus Big Board (Arif Hasan) — wideleft.football,6062,343,10,35.38,5.44,,20.5,97,7.87,4.78,19,,,,,,4,129,Las Vegas,,2026-07-26,116,179,90.6
david-sills-wr-wes-2019,2019,David Sills,WR,West Virginia,6,180,"Jack Lichtenstein Consensus Big Board — 14 of 17 component boards, re-averaged",6032,211,9,32,4.57,,37.5,117,6.97,4.28,14,,,,,,,,,,2026-05-04,,,
david-wells-te-san-2018,2018,David Wells,TE,San Diego State,,,Wide Left Consensus Big Board (Arif Hasan) — wideleft.football,6055,256,9.625,32.25,4.75,,33,116,7.5,4.59,20,,,,,,,,,,2026-07-26,,,
david-williams-rb-ark-2018,2018,David Williams,RB,Arkansas,,,Wide Left Consensus Big Board (Arif Hasan) — wideleft.football,,,,,,,,,,,,,,,,,7,226,Denver,,2026-07-26,,,
david-woodward-lb-uta-2020,2020,David Woodward,LB,Utah State,6,197,Wide Left Consensus Big Board (Arif Hasan) — wideleft.football,6016,230,9.25,31.625,4.79,,33.5,114,7.34,4.37,16,,,,,,,,,,2026-07-26,219,189,
davin-bellamy-edge-geo-2018,2018,Davin Bellamy,EDGE,Georgia,6,216,Wide Left Consensus Big Board (Arif Hasan) — wideleft.football,6036,255,9.5,33.25,,,,,,,15,,,,,,,,,,2026-07-26,248,213,77.9
davion-taylor-lb-col-2020,2020,Davion Taylor,LB,Colorado,5,145,Wide Left Consensus Big Board (Arif Hasan) — wideleft.football,6004,228,9.625,32.125,4.49,,35,127,6.96,4.26,21,,,,,,3,103,Philadelphia,,2026-07-26,123,152,
davis-allen-te-cle-2023,2023,Davis Allen,TE,Clemson,5,156,"Jack Lichtenstein Consensus Big Board — 14 of 17 component boards, re-averaged",6057,245,10,32.25,4.84,,38.5,125,,,,,,,,,5,175,LA Rams,,2026-05-04,,,
davis-mills-qb-sta-2021,2021,Davis Mills,QB,Stanford,3,93,Wide Left Consensus Big Board (Arif Hasan) — wideleft.football,6030,217,,,4.82,,32,110,6.95,4.4,,,,,,,3,67,Houston,,2026-07-26,72,94,92.2
davis-webb-qb-cal-2017,2017,Davis Webb,QB,California,4,105,Wide Left Consensus Big Board (Arif Hasan) — wideleft.football,6045,229,9.25,33.13,4.79,,33,118,6.92,4.21,,,,,,,3,87,NY Giants,,2026-07-26,96,106,106
daviyon-nixon-dt-iow-2021,2021,Daviyon Nixon,DT,Iowa,2,61,Wide Left Consensus Big Board (Arif Hasan) — wideleft.football,6030,313,,,4.9,,28.5,106,7.68,4.7,,,,,,,5,158,Carolina,,2026-07-26,75,60,101.5
davon-godchaux-dt--2017,2017,Davon Godchaux,DT,,5,152,Wide Left Consensus Big Board (Arif Hasan) — wideleft.football,6030,310,,,5.27,,,,,,18,,,,,,5,178,Miami,,2026-07-26,124,160,113.5
davon-grayson-wr-eas-2018,2018,Davon Grayson,WR,East Carolina,,,Wide Left Consensus Big Board (Arif Hasan) — wideleft.football,6006,199,9,31.375,4.51,,34.5,124,,,19,,,,,,,,,,2026-07-26,,,
davon-hamilton-dt-ohi-2020,2020,Davon Hamilton,DT,Ohio State,3,97,Wide Left Consensus Big Board (Arif Hasan) — wideleft.football,6036,320,9.75,33,5.14,1.8,29.5,102,7.72,,33,Run Stuffer,,,,,3,73,Jacksonville,,2026-07-26,104,96,
davontae-harris-cb-ill-2018,2018,Davontae Harris,CB,Illinois State,7,258,Wide Left Consensus Big Board (Arif Hasan) — wideleft.football,5113,200,8.75,31.125,4.43,,32.5,123,6.96,4.4,22,,,,,,5,151,Cincinnati,,2026-07-26,209,261,96.9
davontavean-martin-wr--2022,2022,Davontavean Martin,WR,,,,Wide Left Consensus Big Board (Arif Hasan) — wideleft.football,,,,,,,,,,,,,,,,,,,,,2026-08-06,,,
davonte-allen-wr--2016,2016,Davonte Allen,WR,,,,Wide Left Consensus Big Board (Arif Hasan) — wideleft.football,,,,,,,,,,,,,,,,,,,,,2026-07-26,,,
dawand-jones-ot-ohi-2023,2023,Dawand Jones,OT,Ohio State,2,52,"Jack Lichtenstein Consensus Big Board — 14 of 17 component boards, re-averaged",6082,374,11.625,36.375,5.35,1.92,,,,,,,,,,,4,111,Cleveland,,2026-05-04,,,
dawson-deaton-iol-tex-2022,2022,Dawson Deaton,IOL,Texas Tech,7,243,Wide Left Consensus Big Board (Arif Hasan) — wideleft.football,6054,306,9.625,32.875,5.12,,29,108,7.52,4.49,24,,,,,,7,246,Cleveland,,2026-08-06,278,244,80.4
dawson-knox-te-mis-2019,2019,Dawson Knox,TE,Mississippi,3,88,"Jack Lichtenstein Consensus Big Board — 14 of 17 component boards, re-averaged",6043,254,9.75,33.5,,,34.5,,7.12,4.27,16,,,,,,3,96,Buffalo,,2026-05-04,,,
dawuane-smoot-edge-ill-2017,2017,Dawuane Smoot,EDGE,Illinois,3,98,Wide Left Consensus Big Board (Arif Hasan) — wideleft.football,6031,264,9.25,33.25,4.77,,29.5,117,7.18,4.39,,,,,,,3,68,Jacksonville,,2026-07-26,120,94,98.4
dax-milne-wr-byu-2021,2021,Dax Milne,WR,BYU,7,231,Wide Left Consensus Big Board (Arif Hasan) — wideleft.football,,,,,4.54,,31,114,,4.19,14,,,,,,7,258,Washington,,2026-07-26,266,223,82
dax-raymond-te-uta-2019,2019,Dax Raymond,TE,Utah State,6,214,"Jack Lichtenstein Consensus Big Board — 14 of 17 component boards, re-averaged",6046,255,10.25,32.625,4.73,,32,109,7.15,4.39,15,,,,,,,,,,2026-05-04,,,
daxton-hill-s-mic-2022,2022,Daxton Hill,S,Michigan,1,26,Wide Left Consensus Big Board (Arif Hasan) — wideleft.football,6002,191,9.5,32.25,4.38,,33.5,121,6.57,4.06,,,,,,,1,31,Cincinnati,,2026-08-06,27,26,112.2
daylon-mack-dt-tex-2019,2019,Daylon Mack,DT,Texas A&M,5,155,"Jack Lichtenstein Consensus Big Board — 14 of 17 component boards, re-averaged",6010,336,10.25,31.25,5.1,1.74,27,102,8.02,4.95,30,Run Stuffer,,,,,5,160,Baltimore,,2026-05-04,,,
dayo-odeyingbo-edge-van-2021,2021,Dayo Odeyingbo,EDGE,Vanderbilt,4,109,Wide Left Consensus Big Board (Arif Hasan) — wideleft.football,6051,276,10.125,35.25,,,,,,,,,,,,,2,54,Indianapolis,,2026-07-26,103,111,135.7
dazz-newsome-wr-nor-2021,2021,Dazz Newsome,WR,North Carolina,5,170,Wide Left Consensus Big Board (Arif Hasan) — wideleft.football,5101,190,9,29.875,4.59,,34,121,7.38,4.38,12,,,,,,6,221,Chicago,,2026-07-26,222,158,90.2
dcota-dixon-s-wis-2019,2019,D'Cota Dixon,S,Wisconsin,7,334,"Jack Lichtenstein Consensus Big Board — 14 of 17 component boards, re-averaged",5095,204,9.125,29.25,4.81,,33.5,119,,,20,,,,,,,,,,2026-05-04,,,
deadrin-senat-dt-sou-2018,2018,Deadrin Senat,DT,South Florida,4,121,Wide Left Consensus Big Board (Arif Hasan) — wideleft.football,6000,314,9.75,31.625,5.16,1.77,26,100,7.77,4.79,35,,,,,,3,90,Atlanta,,2026-07-26,112,122,96.3
dean-lowry-dt-nor-2016,2016,Dean Lowry,DT,Northwestern,5,169,Wide Left Consensus Big Board (Arif Hasan) — wideleft.football,6056,296,9.375,31,4.87,,32.5,114,7.26,4.38,30,,,,,,4,137,Green Bay,,2026-07-26,,,106.4
deandre-baker-cb-geo-2019,2019,DeAndre Baker,CB,Georgia,1,25,"Jack Lichtenstein Consensus Big Board — 14 of 17 component boards, re-averaged",5110,193,9,32,4.52,,,118,,,14,,,,,,1,30,NY Giants,,2026-05-04,,,
deandre-elliott-cb-col-2016,2016,DeAndre Elliott,CB,Colorado State,,,Wide Left Consensus Big Board (Arif Hasan) — wideleft.football,6007,188,9.625,32,4.55,,41,125,6.93,3.94,,,,,,,,,,,2026-07-26,,,
deandre-goolsby-te--2018,2018,DeAndre Goolsby,TE,,,,Wide Left Consensus Big Board (Arif Hasan) — wideleft.football,,,,,,,,,,,,,,,,,,,,,2026-07-26,,,
deandre-houston-carson-s-wil-2016,2016,DeAndre Houston-Carson,S,William & Mary,4,110,Wide Left Consensus Big Board (Arif Hasan) — wideleft.football,6006,201,9.125,30.125,4.54,,32.5,115,7.15,4.28,13,,,,,,6,185,Chicago,,2026-07-26,,,93.4
deandre-scott-cb--2017,2017,DeAndre Scott,CB,,,,Wide Left Consensus Big Board (Arif Hasan) — wideleft.football,,,,,,,,,,,,,,,,,,,,,2026-07-26,,,
deandre-square-lb--2023,2023,DeAndre Square,LB,,7,423,"Jack Lichtenstein Consensus Big Board — 14 of 17 component boards, re-averaged",,,,,,,,,,,,,,,,,,,,,2026-05-04,,,
deandre-washington-rb-tex-2016,2016,DeAndre Washington,RB,Texas Tech,7,222,Wide Left Consensus Big Board (Arif Hasan) — wideleft.football,5082,204,9,30,4.49,,34.5,116,7.03,4.2,24,,,,,,5,143,Las Vegas,,2026-07-26,,,89.9
deane-leonard-cb-mis-2022,2022,Deane Leonard,CB,Mississippi,,,Wide Left Consensus Big Board (Arif Hasan) — wideleft.football,,,,,,,,,,,,,,,,,7,236,LA Chargers,,2026-08-06,,,
deangelo-brown-dt--2017,2017,DeAngelo Brown,DT,,6,212,Wide Left Consensus Big Board (Arif Hasan) — wideleft.football,,,,,,,,,,,,,,,,,,,,,2026-07-26,271,215,82.6
deangelo-henderson-rb-coa-2017,2017,De'Angelo Henderson,RB,Coastal Carolina,7,270,Wide Left Consensus Big Board (Arif Hasan) — wideleft.football,5070,208,,,4.48,,34,120,,,20,,,,,,6,203,Denver,,2026-07-26,261,276,85.3
deangelo-malone-edge-wes-2022,2022,DeAngelo Malone,EDGE,Western Kentucky,4,106,Wide Left Consensus Big Board (Arif Hasan) — wideleft.football,6032,243,9.875,33.125,,,,,,,23,,,,,,3,82,Atlanta,,2026-08-06,87,111,90.3
deangelo-yancey-wr-pur-2017,2017,Deangelo Yancey,WR,Purdue,,,Wide Left Consensus Big Board (Arif Hasan) — wideleft.football,,,,,,,,,,,,,,,,,5,175,Green Bay,,2026-07-26,,,
deasian-richardson-dt--2018,2018,De'Asian Richardson,DT,,,,Wide Left Consensus Big Board (Arif Hasan) — wideleft.football,,,,,,,,,,,,,,,,,,,,,2026-07-26,,,
deatrich-wise-jr-edge-ark-2017,2017,Deatrich Wise Jr.,EDGE,Arkansas,5,148,Wide Left Consensus Big Board (Arif Hasan) — wideleft.football,6052,274,10.5,35.63,4.92,,33,124,,,22,,,,,,4,131,New England,,2026-07-26,149,145,86.3
deatrick-nichols-cb--2018,2018,Deatrick Nichols,CB,,,,Wide Left Consensus Big Board (Arif Hasan) — wideleft.football,,,,,,,,,,,,,,,,,,,,,2026-07-26,,,
deddrick-thomas-wr--2020,2020,Deddrick Thomas,WR,,,,Wide Left Consensus Big Board (Arif Hasan) — wideleft.football,,,,,,,,,,,,,,,,,,,,,2026-07-26,,,
dede-westbrook-wr-okl-2017,2017,Dede Westbrook,WR,Oklahoma,3,101,Wide Left Consensus Big Board (Arif Hasan) — wideleft.football,5117,178,9,30.63,,,,,,,,,,,,,4,110,Jacksonville,,2026-07-26,97,98,115.5
dee-winters-lb-tcu-2023,2023,Dee Winters,LB,TCU,7,233,"Jack Lichtenstein Consensus Big Board — 14 of 17 component boards, re-averaged",5110,227,8.625,31.625,4.49,,30.5,117,,,,,,,,,6,216,San Francisco,,2026-05-04,,,
deebo-samuel-wr-sou-2019,2019,Deebo Samuel,WR,South Carolina,2,41,"Jack Lichtenstein Consensus Big Board — 14 of 17 component boards, re-averaged",5112,214,10,31.375,4.48,,39,122,7.03,4.14,15,,,,,,2,36,San Francisco,,2026-05-04,,,
deejay-dallas-rb-mia-2020,2020,DeeJay Dallas,RB,Miami,6,189,Wide Left Consensus Big Board (Arif Hasan) — wideleft.football,5101,217,9.25,30.625,4.58,,33.5,119,7.18,4.32,,,,,,,4,144,Seattle,,2026-07-26,169,215,
deforest-buckner-dt-ore-2016,2016,DeForest Buckner,DT,Oregon,1,6,Wide Left Consensus Big Board (Arif Hasan) — wideleft.football,6070,291,11.75,34.375,5.05,,32,116,7.51,4.47,,Pass Rusher,,,,,1,7,San Francisco,,2026-07-26,,,88.7
deion-calhoun-iol-mis-2019,2019,Deion Calhoun,IOL,Mississippi State,5,158,"Jack Lichtenstein Consensus Big Board — 14 of 17 component boards, re-averaged",6020,310,,,5.07,,28.5,105,7.46,4.62,26,,,,,,,,,,2026-05-04,,,
deion-jones-lb-lsu-2016,2016,Deion Jones,LB,LSU,3,65,Wide Left Consensus Big Board (Arif Hasan) — wideleft.football,6007,222,9.25,32.375,4.59,,33,120,,,,,,,,,2,52,Atlanta,,2026-07-26,,,103.7
deiondre-hall-cb-nor-2016,2016,Deiondre' Hall,CB,Northern Iowa,5,144,Wide Left Consensus Big Board (Arif Hasan) — wideleft.football,6015,199,9.75,34.375,4.68,,37,127,7.07,4.06,,,,,,,4,127,Chicago,,2026-07-26,,,90.7
deionte-thompson-s-ala-2019,2019,Deionte Thompson,S,Alabama,2,58,"Jack Lichtenstein Consensus Big Board — 14 of 17 component boards, re-averaged",6010,195,9.875,32.125,,,,,,,,,,,,,5,139,Arizona,,2026-05-04,,,
dejon-allen-ot--2018,2018,Dejon Allen,OT,,7,269,Wide Left Consensus Big Board (Arif Hasan) — wideleft.football,,,,,,,,,,,,,,,,,,,,,2026-07-26,328,264,98.8
dejon-harris-lb--2020,2020,De'Jon Harris,LB,,,,Wide Left Consensus Big Board (Arif Hasan) — wideleft.football,5115,234,9.375,31.375,,,,,,,,,,,,,,,,,2026-07-26,,,
delano-hill-s-mic-2017,2017,Delano Hill,S,Michigan,6,181,Wide Left Consensus Big Board (Arif Hasan) — wideleft.football,6006,216,9.38,32.13,4.47,,33.5,115,6.96,4.27,17,,,,,,3,95,Seattle,,2026-07-26,173,175,91.7
delarrin-turner-yell-s-okl-2022,2022,Delarrin Turner-Yell,S,Oklahoma,7,232,Wide Left Consensus Big Board (Arif Hasan) — wideleft.football,5102,197,10,31.75,4.47,,,122,,,,,,,,,5,152,Denver,,2026-08-06,197,249,97.7
delvon-randall-s--2019,2019,Delvon Randall,S,,7,307,"Jack Lichtenstein Consensus Big Board — 14 of 17 component boards, re-averaged",,,,,,,,,,,,,,,,,,,,,2026-05-04,,,
delvon-simmons-dt--2016,2016,Delvon Simmons,DT,,,,Wide Left Consensus Big Board (Arif Hasan) — wideleft.football,,,,,,,,,,,,,,,,,,,,,2026-07-26,,,
demarcco-hellams-s-ala-2023,2023,DeMarcco Hellams,S,Alabama,6,209,"Jack Lichtenstein Consensus Big Board — 14 of 17 component boards, re-averaged",6005,203,9,31,4.57,,31,121,,,,,,,,,7,224,Atlanta,,2026-05-04,,,
demarcus-ayers-wr-hou-2016,2016,Demarcus Ayers,WR,Houston,,,Wide Left Consensus Big Board (Arif Hasan) — wideleft.football,5093,182,9.25,31.25,4.72,,33,123,,,,,,,,,7,229,Pittsburgh,,2026-07-26,,,
demarcus-christmas-dt-flo-2019,2019,Demarcus Christmas,DT,Florida State,7,288,"Jack Lichtenstein Consensus Big Board — 14 of 17 component boards, re-averaged",6033,294,9.125,32.75,5.08,1.77,25.5,101,8.13,5.07,22,Pass Rusher,,,,,6,209,Seattle,,2026-05-04,,,
demarcus-robinson-wr-flo-2016,2016,Demarcus Robinson,WR,Florida,5,178,Wide Left Consensus Big Board (Arif Hasan) — wideleft.football,6013,203,9.5,33,4.59,,34.5,123,6.77,4.19,,,,,,,4,126,Kansas City,,2026-07-26,,,111.5
demarcus-walker-edge-flo-2017,2017,DeMarcus Walker,EDGE,Florida State,3,91,Wide Left Consensus Big Board (Arif Hasan) — wideleft.football,6035,280,10.5,33,,,,,,,18,,,,,,2,51,Denver,,2026-07-26,76,103,114.3
demario-douglas-wr-lib-2023,2023,Demario Douglas,WR,Liberty,7,223,"Jack Lichtenstein Consensus Big Board — 14 of 17 component boards, re-averaged",5082,179,8.75,30.25,4.44,,39.5,134,,4.29,,,,,,,6,210,New England,,2026-05-04,,,
demario-richard-rb-ari-2018,2018,Demario Richard,RB,Arizona State,,,Wide Left Consensus Big Board (Arif Hasan) — wideleft.football,5086,218,9.25,28.75,4.7,,29.5,115,,,12,,,,,,,,,,2026-07-26,,,
demarkus-acy-cb--2020,2020,DeMarkus Acy,CB,,,,Wide Left Consensus Big Board (Arif Hasan) — wideleft.football,,,,,,,,,,,,,,,,,,,,,2026-07-26,,,
demarvin-leal-dt-tex-2022,2022,DeMarvin Leal,DT,Texas A&M,2,55,Wide Left Consensus Big Board (Arif Hasan) — wideleft.football,6037,283,9.5,33.25,5,1.74,27.5,106,,4.49,,Pass Rusher,,,,,3,84,Pittsburgh,,2026-08-06,59,51,115.1
demarvion-overshown-lb-tex-2023,2023,DeMarvion Overshown,LB,Texas,4,116,"Jack Lichtenstein Consensus Big Board — 14 of 17 component boards, re-averaged",6025,229,9.5,32.25,4.56,,,124,,,15,,,,,,3,90,Dallas,,2026-05-04,,,
demetric-felton-wr-ucl-2021,2021,Demetric Felton,WR,UCLA,5,150,Wide Left Consensus Big Board (Arif Hasan) — wideleft.football,5085,189,9.375,31.375,4.55,,,,,,,,,,,,6,211,Cleveland,,2026-07-26,129,160,100.1
demetrious-cox-s--2017,2017,Demetrious Cox,S,,,,Wide Left Consensus Big Board (Arif Hasan) — wideleft.football,,,,,,,,,,,,,,,,,,,,,2026-07-26,,,
demetris-robertson-wr--2022,2022,Demetris Robertson,WR,,,,Wide Left Consensus Big Board (Arif Hasan) — wideleft.football,,,,,,,,,,,,,,,,,,,,,2026-08-06,,,
demontrey-jacobs-ot--2023,2023,Demontrey Jacobs,OT,,7,321,"Jack Lichtenstein Consensus Big Board — 14 of 17 component boards, re-averaged",,,,,,,,,,,,,,,,,,,,,2026-05-04,,,
deneric-prince-rb-tul-2023,2023,Deneric Prince,RB,Tulsa,7,303,"Jack Lichtenstein Consensus Big Board — 14 of 17 component boards, re-averaged",5116,216,9.25,31.25,4.41,,35.5,124,,,,,,,,,,,,,2026-05-04,,,
dennis-daley-ot-sou-2019,2019,Dennis Daley,OT,South Carolina,5,144,"Jack Lichtenstein Consensus Big Board — 14 of 17 component boards, re-averaged",6050,317,9.5,33.375,5.23,,26.5,103,7.95,4.92,20,,,,,,6,212,Carolina,,2026-05-04,,,
denver-kirkland-iol-ark-2016,2016,Denver Kirkland,IOL,Arkansas,5,173,Wide Left Consensus Big Board (Arif Hasan) — wideleft.football,6044,335,9.625,34.625,5.55,,22.5,94,8.72,5.06,19,,,,,,,,,,2026-07-26,,,123.1
denzel-mims-wr-bay-2020,2020,Denzel Mims,WR,Baylor,2,33,Wide Left Consensus Big Board (Arif Hasan) — wideleft.football,6027,207,9.375,33.875,4.38,1.51,38.5,131,6.66,4.43,16,,,,,,2,59,NY Jets,,2026-07-26,42,33,
denzel-ward-cb-ohi-2018,2018,Denzel Ward,CB,Ohio State,1,9,Wide Left Consensus Big Board (Arif Hasan) — wideleft.football,5107,183,8.75,31.25,4.32,,39,136,,,16,,,,,,1,4,Cleveland,,2026-07-26,8,8,82.1
deommodore-lenoir-cb-ore-2021,2021,Deommodore Lenoir,CB,Oregon,6,203,Wide Left Consensus Big Board (Arif Hasan) — wideleft.football,5102,199,9.75,30.625,4.48,,34.5,121,7.02,4.35,15,,,,,,5,172,San Francisco,,2026-07-26,229,190,71.6
deon-bush-s-mia-2016,2016,Deon Bush,S,Miami,6,180,Wide Left Consensus Big Board (Arif Hasan) — wideleft.football,6003,199,9.25,30.875,4.64,,36,123,,,17,,,,,,4,124,Chicago,,2026-07-26,,,91.4
deon-cain-wr-cle-2018,2018,Deon Cain,WR,Clemson,3,94,Wide Left Consensus Big Board (Arif Hasan) — wideleft.football,6017,202,8.75,33,4.43,,33.5,115,6.71,4.37,11,,,,,,6,185,Indianapolis,,2026-07-26,93,94,93.6
deon-jackson-rb-duk-2021,2021,Deon Jackson,RB,Duke,,,Wide Left Consensus Big Board (Arif Hasan) — wideleft.football,5110,218,9.25,30.25,4.41,,36,123,7.15,4.37,18,,,,,,,,,,2026-07-26,,,
deon-yelder-te--2018,2018,Deon Yelder,TE,,,,Wide Left Consensus Big Board (Arif Hasan) — wideleft.football,,,,,,,,,,,,,,,,,,,,,2026-07-26,,,
deontay-burnett-wr-usc-2018,2018,Deontay Burnett,WR,USC,5,166,Wide Left Consensus Big Board (Arif Hasan) — wideleft.football,5115,186,8.625,31.5,,,,,,,,,,,,,,,,,2026-07-26,172,172,82.6
deonte-banks-cb-mar-2023,2023,Deonte Banks,CB,Maryland,1,24,"Jack Lichtenstein Consensus Big Board — 14 of 17 component boards, re-averaged",6001,197,9.375,31.375,4.35,,42,136,,,,,,,,,1,24,NY Giants,,2026-05-04,,,
deonte-brown-iol-ala-2021,2021,Deonte Brown,IOL,Alabama,3,102,Wide Left Consensus Big Board (Arif Hasan) — wideleft.football,6032,344,9.125,32.375,,,27,,,,,,,,,,6,193,Carolina,,2026-07-26,124,102,131.9
dequinton-osborne-dt--2018,2018,DeQuinton Osborne,DT,,,,Wide Left Consensus Big Board (Arif Hasan) — wideleft.football,,,,,,,,,,,,,,,,,,,,,2026-07-26,,,
derek-barnett-edge-ten-2017,2017,Derek Barnett,EDGE,Tennessee,1,15,Wide Left Consensus Big Board (Arif Hasan) — wideleft.football,6030,259,10,32.13,4.88,,31,117,6.96,4.44,,,,,,,1,14,Philadelphia,,2026-07-26,14,18,136.5
derek-griffin-wr--2017,2017,Derek Griffin,WR,,,,Wide Left Consensus Big Board (Arif Hasan) — wideleft.football,,,,,,,,,,,,,,,,,,,,,2026-07-26,,,
derek-parish-edge-hou-2023,2023,Derek Parish,EDGE,Houston,7,310,"Jack Lichtenstein Consensus Big Board — 14 of 17 component boards, re-averaged",,,,,,,,,,,,,,,,,7,240,Jacksonville,,2026-05-04,,,
derek-rivers-edge-you-2017,2017,Derek Rivers,EDGE,Youngstown State,2,53,Wide Left Consensus Big Board (Arif Hasan) — wideleft.football,6035,248,9.38,32.75,4.61,,35,123,6.94,4.4,30,,,,,,3,83,New England,,2026-07-26,82,44,130.2
derek-stingley-jr-cb-lsu-2022,2022,Derek Stingley Jr.,CB,LSU,1,7,Wide Left Consensus Big Board (Arif Hasan) — wideleft.football,6002,190,9.625,30.625,,,,,,,,,,,,,1,3,Houston,,2026-08-06,9,7,94.1
derek-watt-rb-wis-2016,2016,Derek Watt,RB,Wisconsin,,,Wide Left Consensus Big Board (Arif Hasan) — wideleft.football,,,,,,,,,,,,FB,,,,,6,198,SDG,,2026-07-26,,,
derick-hall-edge-aub-2023,2023,Derick Hall,EDGE,Auburn,2,61,"Jack Lichtenstein Consensus Big Board — 14 of 17 component boards, re-averaged",6026,254,10,34.5,4.55,,33.5,127,,,,,,,,,2,37,Seattle,,2026-05-04,,,
derick-roberson-edge--2019,2019,Derick Roberson,EDGE,,7,376,"Jack Lichtenstein Consensus Big Board — 14 of 17 component boards, re-averaged",,,,,,,,,,,,,,,,,,,,,2026-05-04,,,
derion-kendrick-cb-geo-2022,2022,Derion Kendrick,CB,Georgia,5,153,Wide Left Consensus Big Board (Arif Hasan) — wideleft.football,5117,194,9.125,31,,,,,,,,,,,,,6,212,LA Rams,,2026-08-06,180,141,97.1
deriq-king-qb-mia-2022,2022,D'Eriq King,QB,Miami,,,Wide Left Consensus Big Board (Arif Hasan) — wideleft.football,5086,196,9.25,28.875,,,,,,,,,,,,,,,,,2026-08-06,,,
derius-davis-wr-tcu-2023,2023,Derius Davis,WR,TCU,7,297,"Jack Lichtenstein Consensus Big Board — 14 of 17 component boards, re-averaged",5083,165,8,29.25,4.36,,,,,4.38,,,,,,,4,125,LA Chargers,,2026-05-04,,,
derrek-thomas-cb-bay-2019,2019,Derrek Thomas,CB,Baylor,7,277,"Jack Lichtenstein Consensus Big Board — 14 of 17 component boards, re-averaged",6027,189,10,33.75,4.44,,39.5,131,,,8,,,,,,,,,,2026-05-04,,,
derrek-tuszka-edge-nor-2020,2020,Derrek Tuszka,EDGE,North Dakota State,6,207,Wide Left Consensus Big Board (Arif Hasan) — wideleft.football,6044,251,9.875,31.375,4.79,1.69,33.5,120,6.87,4.34,24,,,,,,7,254,Denver,,2026-07-26,231,204,
derrick-baity-cb-ken-2019,2019,Derrick Baity,CB,Kentucky,7,336,"Jack Lichtenstein Consensus Big Board — 14 of 17 component boards, re-averaged",6021,197,8.625,31.5,,,38.5,127,7.06,4.31,10,,,,,,,,,,2026-05-04,,,
derrick-baity-jr-cb-ken-2019,2019,Derrick Baity Jr.,CB,Kentucky,7,291,"Jack Lichtenstein Consensus Big Board — 14 of 17 component boards, re-averaged",6021,197,8.625,31.5,,,38.5,127,7.06,4.31,10,,,,,,,,,,2026-05-04,,,
derrick-barnes-lb-pur-2021,2021,Derrick Barnes,LB,Purdue,5,148,Wide Left Consensus Big Board (Arif Hasan) — wideleft.football,6003,238,9.75,33.375,4.57,,37,119,,4.27,29,,,,,,4,113,Detroit,,2026-07-26,149,147,108.8
derrick-brown-dt-aub-2020,2020,Derrick Brown,DT,Auburn,1,6,Wide Left Consensus Big Board (Arif Hasan) — wideleft.football,6045,326,9,34.25,5.16,1.73,27,108,8.22,4.79,28,Balanced,,,,,1,7,Carolina,,2026-07-26,5,6,
derrick-deese-jr-te--2022,2022,Derrick Deese Jr.,TE,,7,282,Wide Left Consensus Big Board (Arif Hasan) — wideleft.football,,,,,,,,,,,,,,,,,,,,,2026-08-06,319,277,91.8
derrick-henry-rb-ala-2016,2016,Derrick Henry,RB,Alabama,2,39,Wide Left Consensus Big Board (Arif Hasan) — wideleft.football,6025,247,8.75,33,4.54,,37,130,7.2,4.38,22,,,,,,2,45,Tennessee,,2026-07-26,,,88.2
derrick-jones-cb-mis-2017,2017,Derrick Jones,CB,Mississippi,,,Wide Left Consensus Big Board (Arif Hasan) — wideleft.football,,,,,,,,,,,,,,,,,6,204,NY Jets,,2026-07-26,,,
derrick-kindred-s-tcu-2016,2016,Derrick Kindred,S,TCU,7,278,Wide Left Consensus Big Board (Arif Hasan) — wideleft.football,5100,207,9.375,31.25,4.5,,37.5,123,7.05,4.29,,,,,,,4,129,Cleveland,,2026-07-26,,,86.4
derrick-nnadi-dt-flo-2018,2018,Derrick Nnadi,DT,Florida State,3,79,Wide Left Consensus Big Board (Arif Hasan) — wideleft.football,6010,317,9.875,33.5,5.38,1.81,27,96,8.15,5.02,25,,,,,,3,75,Kansas City,,2026-07-26,80,81,89.1
derrius-guice-rb-lsu-2018,2018,Derrius Guice,RB,LSU,1,14,Wide Left Consensus Big Board (Arif Hasan) — wideleft.football,5104,224,9,30.75,4.49,,31.5,,,,15,,,,,,2,59,Washington,,2026-07-26,23,14,88.3
derunnya-wilson-wr-mis-2016,2016,De'Runnya Wilson,WR,Mississippi State,7,245,Wide Left Consensus Big Board (Arif Hasan) — wideleft.football,6045,224,9.25,33.875,4.85,,28,113,,,,,,,,,,,,,2026-07-26,,,87.7
derwin-gray-ot-mar-2019,2019,Derwin Gray,OT,Maryland,7,247,"Jack Lichtenstein Consensus Big Board — 14 of 17 component boards, re-averaged",6044,320,9.625,34.375,5.26,,,90,,,26,,,,,,7,219,Pittsburgh,,2026-05-04,,,
derwin-james-s-flo-2018,2018,Derwin James,S,Florida State,1,7,Wide Left Consensus Big Board (Arif Hasan) — wideleft.football,6016,215,9.5,33,4.47,,40,132,,,21,,,,,,1,17,LA Chargers,,2026-07-26,10,7,83.5
des-lawrence-cb--2017,2017,Des Lawrence,CB,,,,Wide Left Consensus Big Board (Arif Hasan) — wideleft.football,,,,,,,,,,,,,,,,,,,,,2026-07-26,,,
deshaan-dixon-edge--2022,2022,De'Shaan Dixon,EDGE,,,,Wide Left Consensus Big Board (Arif Hasan) — wideleft.football,,,,,,,,,,,,,,,,,,,,,2026-08-06,,,
deshaun-davis-lb-aub-2019,2019,Deshaun Davis,LB,Auburn,7,383,"Jack Lichtenstein Consensus Big Board — 14 of 17 component boards, re-averaged",5113,234,10,31.25,,,31,111,,4.38,25,,,,,,6,210,Cincinnati,,2026-05-04,,,
deshaun-watson-qb-cle-2017,2017,Deshaun Watson,QB,Clemson,1,22,Wide Left Consensus Big Board (Arif Hasan) — wideleft.football,6024,221,9.75,33,4.66,,32.5,119,6.95,4.31,,,,,,,1,12,Houston,,2026-07-26,22,23,109
deshon-elliott-s-tex-2018,2018,DeShon Elliott,S,Texas,3,97,Wide Left Consensus Big Board (Arif Hasan) — wideleft.football,6007,205,10.5,32.25,4.58,,36,121,,,15,,,,,,6,190,Baltimore,,2026-07-26,123,92,94.6
deshone-kizer-qb-not-2017,2017,DeShone Kizer,QB,Notre Dame,2,40,Wide Left Consensus Big Board (Arif Hasan) — wideleft.football,6042,233,9.88,33.13,4.83,,30.5,107,7.4,4.53,,,,,,,2,52,Cleveland,,2026-07-26,42,35,119.6
desjuan-johnson-dt-tol-2023,2023,Desjuan Johnson,DT,Toledo,7,266,"Jack Lichtenstein Consensus Big Board — 14 of 17 component boards, re-averaged",,,,,,,,,,,,,,,,,7,259,LA Rams,,2026-05-04,,,
desmond-harrison-ot-wes-2018,2018,Desmond Harrison,OT,West Georgia,4,140,Wide Left Consensus Big Board (Arif Hasan) — wideleft.football,6060,292,10.375,34,4.9,1.79,,,,,,,,,,,,,,,2026-07-26,108,142,94
desmond-king-cb-iow-2017,2017,Desmond King,CB,Iowa,3,67,Wide Left Consensus Big Board (Arif Hasan) — wideleft.football,5097,201,9.63,31.13,,,34,117,6.67,4.18,14,,,,,,5,151,LA Chargers,,2026-07-26,75,69,92.5
desmond-ridder-qb-cin-2022,2022,Desmond Ridder,QB,Cincinnati,2,42,Wide Left Consensus Big Board (Arif Hasan) — wideleft.football,6033,211,10,32.75,4.52,,36,127,7.15,4.29,,,,,,,3,74,Atlanta,,2026-08-06,44,43,98.3
destiny-vaeao-dt--2016,2016,Destiny Vaeao,DT,,,,Wide Left Consensus Big Board (Arif Hasan) — wideleft.football,,,,,,,,,,,,,,,,,,,,,2026-07-26,,,
deuce-vaughn-rb-kan-2023,2023,Deuce Vaughn,RB,Kansas State,6,195,"Jack Lichtenstein Consensus Big Board — 14 of 17 component boards, re-averaged",5050,179,9.5,27.75,,,35.5,116,,,,,,,,,6,212,Dallas,,2026-05-04,,,
devante-bond-lb-okl-2016,2016,Devante Bond,LB,Oklahoma,,,Wide Left Consensus Big Board (Arif Hasan) — wideleft.football,6011,235,9.25,32.375,4.7,,37.5,121,7.07,4.36,21,,,,,,6,183,Tampa Bay,,2026-07-26,,,
devante-downs-lb-cal-2018,2018,Devante Downs,LB,California,,,Wide Left Consensus Big Board (Arif Hasan) — wideleft.football,,,,,,,,,,,,,,,,,7,225,Minnesota,,2026-07-26,,,
devante-harris-cb-tex-2016,2016,De'Vante Harris,CB,Texas A&M,,,Wide Left Consensus Big Board (Arif Hasan) — wideleft.football,5105,176,8.125,30.625,4.56,,38.5,124,6.82,4.06,,,,,,,,,,,2026-07-26,,,
devante-mays-rb-uta-2017,2017,Devante Mays,RB,Utah State,,,Wide Left Consensus Big Board (Arif Hasan) — wideleft.football,,,,,,,,,,,,,,,,,7,238,Green Bay,,2026-07-26,,,
devaunte-sigler-dt-jac-2016,2016,Devaunte Sigler,DT,Jacksonville State,,,Wide Left Consensus Big Board (Arif Hasan) — wideleft.football,6034,298,9.875,33.75,5.15,,25,,7.9,4.97,23,,,,,,,,,,2026-07-26,,,
deven-thompkins-wr--2022,2022,Deven Thompkins,WR,,,,Wide Left Consensus Big Board (Arif Hasan) — wideleft.football,,,,,,,,,,,,,,,,,,,,,2026-08-06,,,
deveon-smith-rb-mic-2017,2017,De'Veon Smith,RB,Michigan,7,227,Wide Left Consensus Big Board (Arif Hasan) — wideleft.football,5107,223,9,29.5,,,29,108,7.3,4.56,22,,,,,,,,,,2026-07-26,226,224,79.1
devin-asiasi-te-ucl-2020,2020,Devin Asiasi,TE,UCLA,4,133,Wide Left Consensus Big Board (Arif Hasan) — wideleft.football,6030,257,9.75,33.25,4.73,1.61,30.5,115,,,16,,,,,,3,91,New England,,2026-07-26,116,137,
devin-bush-lb-mic-2019,2019,Devin Bush,LB,Michigan,1,13,"Jack Lichtenstein Consensus Big Board — 14 of 17 component boards, re-averaged",5110,234,9.625,32,4.43,,40.5,124,6.93,4.23,21,,,,,,1,10,Pittsburgh,,2026-05-04,,,
devin-cochran-ot--2022,2022,Devin Cochran,OT,,,,Wide Left Consensus Big Board (Arif Hasan) — wideleft.football,,,,,,,,,,,,,,,,,,,,,2026-08-06,,,
devin-duvernay-wr-tex-2020,2020,Devin Duvernay,WR,Texas,3,95,Wide Left Consensus Big Board (Arif Hasan) — wideleft.football,5104,200,9.5,30.625,4.39,1.51,35.5,123,7.13,4.2,,,,,,,3,92,Baltimore,,2026-07-26,99,104,
devin-fuller-wr-ucl-2016,2016,Devin Fuller,WR,UCLA,,,Wide Left Consensus Big Board (Arif Hasan) — wideleft.football,,,,,,,,,,,,,,,,,7,238,Atlanta,,2026-07-26,,,
devin-harper-lb-okl-2022,2022,Devin Harper,LB,Oklahoma State,,,Wide Left Consensus Big Board (Arif Hasan) — wideleft.football,,,,,,,,,,,,,,,,,6,193,Dallas,,2026-08-06,,,
devin-lloyd-lb-uta-2022,2022,Devin Lloyd,LB,Utah,1,16,Wide Left Consensus Big Board (Arif Hasan) — wideleft.football,6026,237,9.5,33,4.66,,35,126,,,25,,,,,,1,27,Jacksonville,,2026-08-06,13,16,90.8
devin-lucien-wr-ari-2016,2016,Devin Lucien,WR,Arizona State,,,Wide Left Consensus Big Board (Arif Hasan) — wideleft.football,,,,,,,,,,,,,,,,,7,225,New England,,2026-07-26,,,
devin-singletary-rb-flo-2019,2019,Devin Singletary,RB,Florida Atlantic,3,93,"Jack Lichtenstein Consensus Big Board — 14 of 17 component boards, re-averaged",5074,203,8.5,28.875,4.66,,35,117,7.32,4.4,15,,,,,,3,74,Buffalo,,2026-05-04,,,
devin-taylor-cb--2022,2022,Devin Taylor,CB,,,,Wide Left Consensus Big Board (Arif Hasan) — wideleft.football,,,,,,,,,,,,,,,,,,,,,2026-08-06,,,
devin-white-lb-lsu-2019,2019,Devin White,LB,LSU,1,5,"Jack Lichtenstein Consensus Big Board — 14 of 17 component boards, re-averaged",6000,237,9.75,32.125,4.42,,39.5,118,7.07,4.17,22,,,,,,1,5,Tampa Bay,,2026-05-04,,,
devine-ozigbo-rb--2019,2019,Devine Ozigbo,RB,,5,162,"Jack Lichtenstein Consensus Big Board — 14 of 17 component boards, re-averaged",,,,,,,,,,,,,,,,,,,,,2026-05-04,,,
devine-redding-rb-ind-2017,2017,Devine Redding,RB,Indiana,7,297,Wide Left Consensus Big Board (Arif Hasan) — wideleft.football,5082,205,9.63,29.25,4.76,,30.5,116,7.18,4.46,16,,,,,,,,,,2026-07-26,294,297,92.9
devon-achane-rb-tex-2023,2023,Devon Achane,RB,Texas A&M,3,65,"Jack Lichtenstein Consensus Big Board — 14 of 17 component boards, re-averaged",5084,188,8.5,29,4.32,,33,,,,,,,,,,3,84,Miami,,2026-05-04,,,
devon-cajuste-wr-sta-2016,2016,Devon Cajuste,WR,Stanford,5,171,Wide Left Consensus Big Board (Arif Hasan) — wideleft.football,6036,234,10.75,33,4.62,,36,123,6.49,4.2,12,,,,,,,,,,2026-07-26,,,87.6
devon-johnson-rb-mar-2016,2016,Devon Johnson,RB,Marshall,7,258,Wide Left Consensus Big Board (Arif Hasan) — wideleft.football,6004,238,9.25,31.25,4.64,,,,,,,,,,,,,,,,2026-07-26,,,86.1
devon-williams-wr-ore-2022,2022,Devon Williams,WR,Oregon,,,Wide Left Consensus Big Board (Arif Hasan) — wideleft.football,6050,210,9.875,34.125,4.65,,33,133,,,,,,,,,,,,,2026-08-06,,,
devon-witherspoon-cb-ill-2023,2023,Devon Witherspoon,CB,Illinois,1,6,"Jack Lichtenstein Consensus Big Board — 14 of 17 component boards, re-averaged",5114,181,8.875,31.25,,,,,,,,,,,,,1,5,Seattle,,2026-05-04,,,
devondre-campbell-lb-min-2016,2016,De'Vondre Campbell,LB,Minnesota,5,175,Wide Left Consensus Big Board (Arif Hasan) — wideleft.football,6035,232,9.625,33.625,4.58,,34,116,,,16,,,,,,4,115,Atlanta,,2026-07-26,,,101.8
devonnsha-maxwell-dt--2023,2023,Devonnsha Maxwell,DT,,7,343,"Jack Lichtenstein Consensus Big Board — 14 of 17 component boards, re-averaged",,,,,,,,,,,,,,,,,,,,,2026-05-04,,,
devonta-smith-wr-ala-2021,2021,DeVonta Smith,WR,Alabama,1,8,Wide Left Consensus Big Board (Arif Hasan) — wideleft.football,,,,,,,,,,,,,,,,,1,10,Philadelphia,,2026-07-26,5,8,88.7
devontae-booker-rb-uta-2016,2016,Devontae Booker,RB,Utah,2,63,Wide Left Consensus Big Board (Arif Hasan) — wideleft.football,5106,219,8.625,31.625,4.56,,,,,,22,,,,,,4,136,Denver,,2026-07-26,,,90
devonte-fields-edge-lou-2017,2017,Devonte Fields,EDGE,Louisville,5,168,Wide Left Consensus Big Board (Arif Hasan) — wideleft.football,6024,236,9,32.38,4.72,,34,124,7.4,4.5,,,,,,,,,,,2026-07-26,212,161,82.2
devonte-wyatt-dt-geo-2022,2022,Devonte Wyatt,DT,Georgia,1,27,Wide Left Consensus Big Board (Arif Hasan) — wideleft.football,6027,304,9.875,32.625,4.77,1.66,29,111,,,,,,,,,1,28,Green Bay,,2026-08-06,29,27,85.4
devron-davis-cb--2018,2018,Devron Davis,CB,,,,Wide Left Consensus Big Board (Arif Hasan) — wideleft.football,,,,,,,,,,,,,,,,,,,,,2026-07-26,,,
dewayne-mcbride-rb-ala-2023,2023,DeWayne McBride,RB,Alabama-Birmingham,4,140,"Jack Lichtenstein Consensus Big Board — 14 of 17 component boards, re-averaged",5103,209,9.5,30.625,,,,,,,,,,,,,7,222,Minnesota,,2026-05-04,,,
dewey-jarvis-lb--2018,2018,Dewey Jarvis,LB,,,,Wide Left Consensus Big Board (Arif Hasan) — wideleft.football,,,,,,,,,,,,,,,,,,,,,2026-07-26,,,
dexter-lawrence-dt-cle-2019,2019,Dexter Lawrence,DT,Clemson,1,27,"Jack Lichtenstein Consensus Big Board — 14 of 17 component boards, re-averaged",6044,342,10.5,34.75,5.05,1.76,,,,,36,Balanced,,,,,1,17,NY Giants,,2026-05-04,,,
dexter-williams-rb-not-2019,2019,Dexter Williams,RB,Notre Dame,5,175,"Jack Lichtenstein Consensus Big Board — 14 of 17 component boards, re-averaged",5111,212,9.625,32.25,4.57,,36,130,7,4.16,17,,,,,,6,194,Green Bay,,2026-05-04,,,
deyshawn-bond-iol--2017,2017,Deyshawn Bond,IOL,,,,Wide Left Consensus Big Board (Arif Hasan) — wideleft.football,,,,,,,,,,,,,,,,,,,,,2026-07-26,,,
dez-fitzpatrick-wr-lou-2021,2021,Dez Fitzpatrick,WR,Louisville,6,212,Wide Left Consensus Big Board (Arif Hasan) — wideleft.football,6016,208,9.625,32.75,4.43,,35,,7.09,4.26,,,,,,,4,109,Tennessee,,2026-07-26,221,211,92.8
dezmon-patmon-wr-was-2020,2020,Dezmon Patmon,WR,Washington State,7,286,Wide Left Consensus Big Board (Arif Hasan) — wideleft.football,6036,225,10.25,32.75,4.48,1.51,36,132,7.28,4.38,15,,,,,,6,212,Indianapolis,,2026-07-26,259,299,
dicaprio-bootle-cb-neb-2021,2021,Dicaprio Bootle,CB,Nebraska,,,Wide Left Consensus Big Board (Arif Hasan) — wideleft.football,5094,180,8.5,30,4.38,,36.5,126,6.77,4.03,16,,,,,,,,,,2026-07-26,,,
dieugot-joseph-ot--2017,2017,Dieugot Joseph,OT,,,,Wide Left Consensus Big Board (Arif Hasan) — wideleft.football,,,,,,,,,,,,,,,,,,,,,2026-07-26,,,
dillan-gibbons-iol--2023,2023,Dillan Gibbons,IOL,,7,332,"Jack Lichtenstein Consensus Big Board — 14 of 17 component boards, re-averaged",,,,,,,,,,,,,,,,,,,,,2026-05-04,,,
dillon-mitchell-wr-ore-2019,2019,Dillon Mitchell,WR,Oregon,4,136,"Jack Lichtenstein Consensus Big Board — 14 of 17 component boards, re-averaged",6012,197,9,31.5,4.46,,36.5,122,,4.29,12,,,,,,7,239,Minnesota,,2026-05-04,,,
dillon-radunz-ot-nor-2021,2021,Dillon Radunz,OT,North Dakota State,2,50,Wide Left Consensus Big Board (Arif Hasan) — wideleft.football,6056,301,9.125,34,5.16,,32,112,7.27,4.57,24,,,,,,2,53,Tennessee,,2026-07-26,54,46,97.8
dimitri-flowers-rb-okl-2018,2018,Dimitri Flowers,RB,Oklahoma,6,207,Wide Left Consensus Big Board (Arif Hasan) — wideleft.football,6017,248,9.25,30.75,4.83,,30.5,109,7.45,4.53,17,FB,,,,,,,,,2026-07-26,195,211,74.6
dion-dawkins-iol-tem-2017,2017,Dion Dawkins,IOL,Temple,3,66,Wide Left Consensus Big Board (Arif Hasan) — wideleft.football,6037,314,9.88,35,5.11,,26,106,7.3,4.78,26,,,,,,2,63,Buffalo,,2026-07-26,56,73,103.8
diontae-johnson-wr-tol-2019,2019,Diontae Johnson,WR,Toledo,5,178,"Jack Lichtenstein Consensus Big Board — 14 of 17 component boards, re-averaged",5104,183,9,30.75,4.53,,33.5,123,7.09,4.45,15,,,,,,3,66,Pittsburgh,,2026-05-04,,,
dishon-mcnary-cb--2022,2022,Dishon McNary,CB,,,,Wide Left Consensus Big Board (Arif Hasan) — wideleft.football,,,,,,,,,,,,,,,,,,,,,2026-08-06,,,
divine-deablo-s-vir-2021,2021,Divine Deablo,S,Virginia Tech,4,115,Wide Left Consensus Big Board (Arif Hasan) — wideleft.football,6032,226,9.5,33,4.42,,34,126,7.12,4.4,19,,,,,,3,80,Las Vegas,,2026-07-26,110,118,101.5
dj-dale-dt-ala-2023,2023,DJ Dale,DT,Alabama,7,245,"Jack Lichtenstein Consensus Big Board — 14 of 17 component boards, re-averaged",6007,302,9.75,32.875,5.26,1.81,25.5,98,7.69,4.8,,,,,,,,,,,2026-05-04,,,
dj-daniel-cb-geo-2021,2021,DJ Daniel,CB,Georgia,6,191,Wide Left Consensus Big Board (Arif Hasan) — wideleft.football,5116,195,9.125,33.375,4.62,,31,119,7.02,4.12,11,,,,,,,,,,2026-07-26,184,222,115.7
dj-ivey-cb-mia-2023,2023,DJ Ivey,CB,Miami,7,465,"Jack Lichtenstein Consensus Big Board — 14 of 17 component boards, re-averaged",,,,,,,,,,,,,,,,,7,246,Cincinnati,,2026-05-04,,,
dj-johnson-edge-ore-2023,2023,DJ Johnson,EDGE,Oregon,5,160,"Jack Lichtenstein Consensus Big Board — 14 of 17 component boards, re-averaged",6040,260,9,33.25,4.49,,32,110,,,28,,,,,,3,80,Carolina,,2026-05-04,,,
dj-turner-cb-mic-2023,2023,DJ Turner,CB,Michigan,2,62,"Jack Lichtenstein Consensus Big Board — 14 of 17 component boards, re-averaged",5112,178,9.625,30.75,4.26,,38.5,131,,,,,,,,,2,60,Cincinnati,,2026-05-04,,,
dmarco-jackson-lb-app-2022,2022,D'Marco Jackson,LB,Appalachian State,6,186,Wide Left Consensus Big Board (Arif Hasan) — wideleft.football,6006,233,9.25,32.5,4.55,,33,125,,,,,,,,,5,161,New Orleans,,2026-08-06,167,187,89.3
dmontre-wade-cb-mur-2018,2018,D'Montre Wade,CB,Murray State,,,Wide Left Consensus Big Board (Arif Hasan) — wideleft.football,5111,200,9.875,32.375,4.57,,35.5,120,,4.4,15,,,,,,,,,,2026-07-26,,,
dohnovan-west-iol-ari-2022,2022,Dohnovan West,IOL,Arizona State,5,148,Wide Left Consensus Big Board (Arif Hasan) — wideleft.football,6032,296,9.5,33,5.27,,28,112,,,,,,,,,,,,,2026-08-06,178,150,100.3
dominick-jackson-iol-ala-2016,2016,Dominick Jackson,IOL,Alabama,,,Wide Left Consensus Big Board (Arif Hasan) — wideleft.football,6050,313,9.75,33,5.38,,26,97,,,20,,,,,,,,,,2026-07-26,,,
dominick-sanders-s-geo-2018,2018,Dominick Sanders,S,Georgia,,,Wide Left Consensus Big Board (Arif Hasan) — wideleft.football,5112,193,9.25,30.625,,,,,,,14,,,,,,,,,,2026-07-26,,,
dominik-eberle-st--2020,2020,Dominik Eberle,ST,,,,Wide Left Consensus Big Board (Arif Hasan) — wideleft.football,,,,,,,,,,,,K,,,,,,,,,2026-07-26,,,
dominique-alexander-lb-okl-2016,2016,Dominique Alexander,LB,Oklahoma,5,161,Wide Left Consensus Big Board (Arif Hasan) — wideleft.football,6002,232,9,32.25,4.64,,28.5,104,,,17,,,,,,,,,,2026-07-26,,,105.1
dominique-robertson-ot-wes-2016,2016,Dominique Robertson,OT,West Georgia,7,229,Wide Left Consensus Big Board (Arif Hasan) — wideleft.football,6045,324,10.375,36,5.36,,28.5,100,8.42,4.83,30,,,,,,,,,,2026-07-26,,,124.8
dominique-robinson-edge-mia-2022,2022,Dominique Robinson,EDGE,Miami (OH),4,128,Wide Left Consensus Big Board (Arif Hasan) — wideleft.football,6047,253,9.75,33.25,4.72,1.67,41,121,,,25,,,,,,5,174,Chicago,,2026-08-06,96,134,99.1
donald-parham-te--2019,2019,Donald Parham,TE,,7,333,"Jack Lichtenstein Consensus Big Board — 14 of 17 component boards, re-averaged",,,,,,,,,,,,,,,,,,,,,2026-05-04,,,
donald-pennington-dt--2017,2017,Donald Pennington,DT,,,,Wide Left Consensus Big Board (Arif Hasan) — wideleft.football,,,,,,,,,,,,,,,,,,,,,2026-07-26,,,
donavon-clark-iol-mic-2016,2016,Donavon Clark,IOL,Michigan State,,,Wide Left Consensus Big Board (Arif Hasan) — wideleft.football,,,,,,,,,,,,,,,,,7,224,SDG,,2026-07-26,,,
donnel-pumphrey-rb-san-2017,2017,Donnel Pumphrey,RB,San Diego State,5,172,Wide Left Consensus Big Board (Arif Hasan) — wideleft.football,5082,176,8.5,29,4.48,,33.5,117,,,5,,,,,,4,132,Philadelphia,,2026-07-26,171,177,79.9
donnell-greene-ot-min-2019,2019,Donnell Greene,OT,Minnesota,7,270,"Jack Lichtenstein Consensus Big Board — 14 of 17 component boards, re-averaged",6052,335,9.5,35.25,,,,,,,,,,,,,,,,,2026-05-04,,,
donnie-lewis-jr-cb-tul-2019,2019,Donnie Lewis Jr.,CB,Tulane,7,435,"Jack Lichtenstein Consensus Big Board — 14 of 17 component boards, re-averaged",,,,,,,,,,,,,,,,,7,221,Cleveland,,2026-05-04,,,
donovan-jennings-ot--2023,2023,Donovan Jennings,OT,,7,478,"Jack Lichtenstein Consensus Big Board — 14 of 17 component boards, re-averaged",,,,,,,,,,,,,,,,,,,,,2026-05-04,,,
donovan-peoples-jones-wr-mic-2020,2020,Donovan Peoples-Jones,WR,Michigan,3,100,Wide Left Consensus Big Board (Arif Hasan) — wideleft.football,6015,212,10.125,33.5,4.48,1.54,44.5,139,,,,,,,,,6,187,Cleveland,,2026-07-26,121,94,
donovan-stiner-s-flo-2021,2021,Donovan Stiner,S,Florida,,,Wide Left Consensus Big Board (Arif Hasan) — wideleft.football,6014,205,8.875,31.375,4.56,,34.5,127,7.08,4.3,15,,,,,,,,,,2026-07-26,,,
donovan-wilson-s-tex-2019,2019,Donovan Wilson,S,Texas A&M,7,394,"Jack Lichtenstein Consensus Big Board — 14 of 17 component boards, re-averaged",6000,199,9.75,33.375,,,36,127,,,18,,,,,,6,213,Dallas,,2026-05-04,,,
donta-foreman-rb-tex-2017,2017,D'Onta Foreman,RB,Texas,3,80,Wide Left Consensus Big Board (Arif Hasan) — wideleft.football,6000,233,10.13,31.38,,,,,,,18,,,,,,3,89,Houston,,2026-07-26,106,74,99.9
dontario-drummond-wr-mis-2022,2022,Dontario Drummond,WR,Mississippi,7,234,Wide Left Consensus Big Board (Arif Hasan) — wideleft.football,6007,215,9.25,31.5,4.65,,34,122,,,,,,,,,,,,,2026-08-06,276,231,76.5
dontavius-russell-dt-aub-2019,2019,Dontavius Russell,DT,Auburn,7,241,"Jack Lichtenstein Consensus Big Board — 14 of 17 component boards, re-averaged",6026,319,9.5,32,5.15,1.82,,,7.81,4.77,24,,,,,,7,235,Jacksonville,,2026-05-04,,,
dontay-demus-jr-wr-mar-2023,2023,Dontay Demus Jr.,WR,Maryland,6,199,"Jack Lichtenstein Consensus Big Board — 14 of 17 component boards, re-averaged",6031,212,9.75,34.25,4.57,,35.5,123,,4.39,,,,,,,,,,,2026-05-04,,,
dontayvion-wicks-wr-vir-2023,2023,Dontayvion Wicks,WR,Virginia,5,171,"Jack Lichtenstein Consensus Big Board — 14 of 17 component boards, re-averaged",6013,206,10,32.375,4.62,,39,130,,,,,,,,,5,159,Green Bay,,2026-05-04,,,
donte-deayon-cb--2016,2016,Donte Deayon,CB,,,,Wide Left Consensus Big Board (Arif Hasan) — wideleft.football,,,,,,,,,,,,,,,,,,,,,2026-07-26,,,
donte-jackson-cb-lsu-2018,2018,Donte Jackson,CB,LSU,2,52,Wide Left Consensus Big Board (Arif Hasan) — wideleft.football,5104,175,8.75,29.5,4.32,,,124,,,7,,,,,,2,55,Carolina,,2026-07-26,52,53,117.5
dontrell-hilliard-rb--2018,2018,Dontrell Hilliard,RB,,,,Wide Left Consensus Big Board (Arif Hasan) — wideleft.football,,,,,,,,,,,,,,,,,,,,,2026-07-26,,,
dorance-armstrong-jr-edge-kan-2018,2018,Dorance Armstrong Jr.,EDGE,Kansas,4,127,Wide Left Consensus Big Board (Arif Hasan) — wideleft.football,6035,257,10,34.75,4.87,1.7,30,118,7.12,4.23,20,,,,,,4,116,Dallas,,2026-07-26,121,123,100.4
dorian-johnson-iol-pit-2017,2017,Dorian Johnson,IOL,Pittsburgh,3,73,Wide Left Consensus Big Board (Arif Hasan) — wideleft.football,6047,300,10.88,35.25,5.27,,30,114,8.39,5.09,21,,,,,,4,115,Arizona,,2026-07-26,73,71,110.3
dorian-odaniel-lb-cle-2018,2018,Dorian O'Daniel,LB,Clemson,4,124,Wide Left Consensus Big Board (Arif Hasan) — wideleft.football,6005,223,9,31.125,4.61,,32,119,6.64,4.07,21,,,,,,3,100,Kansas City,,2026-07-26,122,121,102
dorian-thompson-robinson-qb-ucl-2023,2023,Dorian Thompson-Robinson,QB,UCLA,6,188,"Jack Lichtenstein Consensus Big Board — 14 of 17 component boards, re-averaged",6015,203,9.875,30.625,4.56,,32.5,121,7.28,4.44,,,,,,,5,140,Cleveland,,2026-05-04,,,
dorian-williams-lb-tul-2023,2023,Dorian Williams,LB,Tulane,4,125,"Jack Lichtenstein Consensus Big Board — 14 of 17 component boards, re-averaged",6010,228,10.25,33.75,4.49,,33.5,120,,,,,,,,,3,91,Buffalo,,2026-05-04,,,
doug-kramer-iol-ill-2022,2022,Doug Kramer,IOL,Illinois,,,Wide Left Consensus Big Board (Arif Hasan) — wideleft.football,,,,,,,,,,,,,,,,,6,207,Chicago,,2026-08-06,,,
drake-jackson-edge-usc-2022,2022,Drake Jackson,EDGE,USC,2,59,Wide Left Consensus Big Board (Arif Hasan) — wideleft.football,6025,254,10.125,34,,,36.5,127,,,,,,,,,2,61,San Francisco,,2026-08-06,58,59,93.5
drake-jackson-iol-ken-2021,2021,Drake Jackson,IOL,Kentucky,6,181,Wide Left Consensus Big Board (Arif Hasan) — wideleft.football,6010,293,,,,,31,,,,,,,,,,,,,,2026-07-26,223,174,77.7
drake-london-wr-usc-2022,2022,Drake London,WR,USC,1,12,Wide Left Consensus Big Board (Arif Hasan) — wideleft.football,6037,219,9.375,33,,,,,,,,,,,,,1,8,Atlanta,,2026-08-06,12,14,90.3
drake-thomas-lb--2023,2023,Drake Thomas,LB,,7,315,"Jack Lichtenstein Consensus Big Board — 14 of 17 component boards, re-averaged",,,,,,,,,,,,,,,,,,,,,2026-05-04,,,
dre-brown-rb--2020,2020,Dre Brown,RB,,,,Wide Left Consensus Big Board (Arif Hasan) — wideleft.football,,,,,,,,,,,,,,,,,,,,,2026-07-26,,,
dre-greenlaw-lb-ark-2019,2019,Dre Greenlaw,LB,Arkansas,7,355,"Jack Lichtenstein Consensus Big Board — 14 of 17 component boards, re-averaged",5114,237,9.875,32.25,,,33,117,,,24,,,,,,5,148,San Francisco,,2026-05-04,,,
dremont-jones-dt-ohi-2019,2019,Dre'Mont Jones,DT,Ohio State,2,43,"Jack Lichtenstein Consensus Big Board — 14 of 17 component boards, re-averaged",6026,281,9.625,33.75,5.12,1.77,31.5,110,7.71,4.53,,Pass Rusher,,,,,3,71,Denver,,2026-05-04,,,
drew-bailey-dt--2018,2018,Drew Bailey,DT,,,,Wide Left Consensus Big Board (Arif Hasan) — wideleft.football,,,,,,,,,,,,,,,,,,,,,2026-07-26,,,
drew-dalman-iol-sta-2021,2021,Drew Dalman,IOL,Stanford,5,175,Wide Left Consensus Big Board (Arif Hasan) — wideleft.football,6033,299,10.5,32,5.11,,33,109,7.33,4.52,33,,,,,,4,114,Atlanta,,2026-07-26,141,208,107.9
drew-forbes-iol-se-2019,2019,Drew Forbes,IOL,SE Missouri St.,7,238,"Jack Lichtenstein Consensus Big Board — 14 of 17 component boards, re-averaged",,,,,,,,,,,,,,,,,6,189,Cleveland,,2026-05-04,,,
drew-himmelman-ot--2021,2021,Drew Himmelman,OT,,,,Wide Left Consensus Big Board (Arif Hasan) — wideleft.football,,,,,,,,,,,,,,,,,,,,,2026-07-26,,,
drew-kaser-st-tex-2016,2016,Drew Kaser,ST,Texas A&M,,,Wide Left Consensus Big Board (Arif Hasan) — wideleft.football,6017,212,9,31,4.95,,,,,,,P,,,,,6,179,SDG,,2026-07-26,,,
drew-lewis-lb--2019,2019,Drew Lewis,LB,,7,280,"Jack Lichtenstein Consensus Big Board — 14 of 17 component boards, re-averaged",,,,,,,,,,,,,,,,,,,,,2026-05-04,,,
drew-lock-qb-mis-2019,2019,Drew Lock,QB,Missouri,1,29,"Jack Lichtenstein Consensus Big Board — 14 of 17 component boards, re-averaged",6036,228,9,32.5,4.69,,31,112,7.03,4.12,,,,,,,2,42,Denver,,2026-05-04,,,
drew-morgan-wr-ark-2017,2017,Drew Morgan,WR,Arkansas,,,Wide Left Consensus Big Board (Arif Hasan) — wideleft.football,5117,190,9.5,30.38,4.74,,30,112,6.85,4.12,10,,,,,,,,,,2026-07-26,,,
drew-ott-edge-iow-2016,2016,Drew Ott,EDGE,Iowa,,,Wide Left Consensus Big Board (Arif Hasan) — wideleft.football,6044,273,9.625,32.25,4.88,,,,,,,,,,,,,,,,2026-07-26,,,
drew-sample-te-was-2019,2019,Drew Sample,TE,Washington,4,132,"Jack Lichtenstein Consensus Big Board — 14 of 17 component boards, re-averaged",6046,255,9.625,33.375,4.71,,33.5,115,7.15,4.31,,,,,,,2,52,Cincinnati,,2026-05-04,,,
drew-sanders-lb-ark-2023,2023,Drew Sanders,LB,Arkansas,2,34,"Jack Lichtenstein Consensus Big Board — 14 of 17 component boards, re-averaged",6043,235,9.75,32.125,,,,,,,,,,,,,3,67,Denver,,2026-05-04,,,
dru-samia-iol-okl-2019,2019,Dru Samia,IOL,Oklahoma,3,100,"Jack Lichtenstein Consensus Big Board — 14 of 17 component boards, re-averaged",6046,305,10.125,33,5.29,,27.5,101,7.89,4.7,28,,,,,,4,114,Minnesota,,2026-05-04,,,
drue-chrisman-st-ohi-2021,2021,Drue Chrisman,ST,Ohio State,,,Wide Left Consensus Big Board (Arif Hasan) — wideleft.football,6026,209,9.5,33.125,,,,,,,,P,,,,,,,,,2026-07-26,,,
drue-tranquill-lb-not-2019,2019,Drue Tranquill,LB,Notre Dame,5,143,"Jack Lichtenstein Consensus Big Board — 14 of 17 component boards, re-averaged",6020,234,9.75,31.5,4.57,,37.5,122,6.94,4.14,31,,,,,,4,130,LA Chargers,,2026-05-04,,,
dshawn-jamison-cb--2023,2023,D'Shawn Jamison,CB,,7,391,"Jack Lichtenstein Consensus Big Board — 14 of 17 component boards, re-averaged",,,,,,,,,,,,,,,,,,,,,2026-05-04,,,
duke-dawson-cb-flo-2018,2018,Duke Dawson,CB,Florida,3,89,Wide Left Consensus Big Board (Arif Hasan) — wideleft.football,5105,208,9,31.5,4.46,,,,,,15,,,,,,2,56,New England,,2026-07-26,86,89,101.1
duke-ejiofor-edge-wak-2018,2018,Duke Ejiofor,EDGE,Wake Forest,3,76,Wide Left Consensus Big Board (Arif Hasan) — wideleft.football,6033,264,9.75,34.875,,,,,,,,,,,,,6,177,Houston,,2026-07-26,83,76,99.8
duke-riley-lb-lsu-2017,2017,Duke Riley,LB,LSU,3,89,Wide Left Consensus Big Board (Arif Hasan) — wideleft.football,6004,232,9.25,32,4.58,,34.5,122,6.89,4.21,18,,,,,,3,75,Atlanta,,2026-07-26,79,95,109.3
duke-shelley-cb-kan-2019,2019,Duke Shelley,CB,Kansas State,7,315,"Jack Lichtenstein Consensus Big Board — 14 of 17 component boards, re-averaged",,,,,,,,,,,,,,,,,6,205,Chicago,,2026-05-04,,,
duke-williams-wr-aub-2016,2016,Duke Williams,WR,Auburn,,,Wide Left Consensus Big Board (Arif Hasan) — wideleft.football,6022,229,9.25,32.5,4.72,,30,121,7.43,4.47,14,,,,,,,,,,2026-07-26,,,
durell-nchami-edge--2023,2023,Durell Nchami,EDGE,,7,367,"Jack Lichtenstein Consensus Big Board — 14 of 17 component boards, re-averaged",,,,,,,,,,,,,,,,,,,,,2026-05-04,,,
durham-smythe-te-not-2018,2018,Durham Smythe,TE,Notre Dame,5,176,Wide Left Consensus Big Board (Arif Hasan) — wideleft.football,6053,253,9.25,31.75,4.81,,31,110,7.17,4.23,18,,,,,,4,123,Miami,,2026-07-26,180,170,88.4
durrell-johnson-edge--2022,2022,Durrell Johnson,EDGE,,,,Wide Left Consensus Big Board (Arif Hasan) — wideleft.football,,,,,,,,,,,,,,,,,,,,,2026-08-06,,,
dustin-crum-qb-ken-2022,2022,Dustin Crum,QB,Kent St.,7,287,Wide Left Consensus Big Board (Arif Hasan) — wideleft.football,6010,210,9.375,31.75,4.75,,32.5,120,,4.36,,,,,,,,,,,2026-08-06,290,289,85.8
dustin-woodard-iol-mem-2020,2020,Dustin Woodard,IOL,Memphis,,,Wide Left Consensus Big Board (Arif Hasan) — wideleft.football,,,,,,,,,,,,,,,,,7,230,New England,,2026-07-26,,,
duvonta-lampkin-dt--2018,2018,Du'Vonta Lampkin,DT,,,,Wide Left Consensus Big Board (Arif Hasan) — wideleft.football,,,,,,,,,,,,,,,,,,,,,2026-07-26,,,
dvonte-price-rb-flo-2022,2022,D'Vonte Price,RB,Florida International,6,196,Wide Left Consensus Big Board (Arif Hasan) — wideleft.football,6013,210,9.375,31.5,4.38,,34,119,,,,,,,,,,,,,2026-08-06,215,194,73.9
dwayne-eskridge-wr-wes-2021,2021,D'Wayne Eskridge,WR,Western Michigan,3,75,Wide Left Consensus Big Board (Arif Hasan) — wideleft.football,5080,190,,,4.38,,35,124,6.93,4.22,,,,,,,2,56,Seattle,,2026-07-26,65,75,95.5
dwayne-haskins-qb-ohi-2019,2019,Dwayne Haskins,QB,Ohio State,1,14,"Jack Lichtenstein Consensus Big Board — 14 of 17 component boards, re-averaged",6033,231,9.625,33.5,5.04,,28.5,,,,,,,,,,1,15,Washington,,2026-05-04,,,
dwayne-washington-rb-was-2016,2016,Dwayne Washington,RB,Washington,,,Wide Left Consensus Big Board (Arif Hasan) — wideleft.football,,,,,,,,,,,,,,,,,7,236,Detroit,,2026-07-26,,,
dyami-brown-wr-nor-2021,2021,Dyami Brown,WR,North Carolina,2,62,Wide Left Consensus Big Board (Arif Hasan) — wideleft.football,6000,189,,,4.46,,35,128,6.87,4.35,18,,,,,,3,82,Washington,,2026-07-26,69,62,105.5
dylan-bradley-dt--2017,2017,Dylan Bradley,DT,,,,Wide Left Consensus Big Board (Arif Hasan) — wideleft.football,,,,,,,,,,,,,,,,,,,,,2026-07-26,,,
dylan-cantrell-wr-tex-2018,2018,Dylan Cantrell,WR,Texas Tech,6,203,Wide Left Consensus Big Board (Arif Hasan) — wideleft.football,6027,226,9.25,31.375,4.59,,38.5,130,6.56,4.03,18,,,,,,6,191,LA Chargers,,2026-07-26,190,218,94.6
dylan-cole-lb--2017,2017,Dylan Cole,LB,,,,Wide Left Consensus Big Board (Arif Hasan) — wideleft.football,,,,,,,,,,,,,,,,,,,,,2026-07-26,,,
dylan-cook-iol--2022,2022,Dylan Cook,IOL,,,,Wide Left Consensus Big Board (Arif Hasan) — wideleft.football,,,,,,,,,,,,,,,,,,,,,2026-08-06,,,
dylan-donahue-edge-wes-2017,2017,Dylan Donahue,EDGE,West Georgia,7,286,Wide Left Consensus Big Board (Arif Hasan) — wideleft.football,6025,248,9,30.25,4.75,,29.5,116,7.02,4.46,26,,,,,,5,181,NY Jets,,2026-07-26,289,278,85.8
dylan-horton-edge-tcu-2023,2023,Dylan Horton,EDGE,TCU,6,196,"Jack Lichtenstein Consensus Big Board — 14 of 17 component boards, re-averaged",6040,257,9.5,33.125,,,34,120,,,18,,,,,,4,109,Houston,,2026-05-04,,,
dylan-moses-lb--2021,2021,Dylan Moses,LB,,4,110,Wide Left Consensus Big Board (Arif Hasan) — wideleft.football,6016,235,9.25,31.875,,,,,,,,,,,,,,,,,2026-07-26,121,108,141.9
dylan-parham-iol-mem-2022,2022,Dylan Parham,IOL,Memphis,3,67,Wide Left Consensus Big Board (Arif Hasan) — wideleft.football,6025,311,10.25,33.125,4.93,,26.5,108,7.78,4.7,,,,,,,3,90,Las Vegas,,2026-08-06,78,67,117.8
dylan-soehner-te--2021,2021,Dylan Soehner,TE,,,,Wide Left Consensus Big Board (Arif Hasan) — wideleft.football,6065,268,9.625,33.5,,,,,,,,,,,,,,,,,2026-07-26,,,
ej-muhammad-cb-nev-2021,2021,E.J. Muhammad,CB,Nevada,,,Wide Left Consensus Big Board (Arif Hasan) — wideleft.football,5100,184,,,4.72,,31,116,7.35,4.4,,,,,,,,,,,2026-07-26,,,
ej-speed-lb-tar-2019,2019,E.J. Speed,LB,Tarleton St.,7,431,"Jack Lichtenstein Consensus Big Board — 14 of 17 component boards, re-averaged",,,,,,,,,,,,,,,,,5,164,Indianapolis,,2026-05-04,,,
earl-bostick-jr-ot-kan-2023,2023,Earl Bostick Jr.,OT,Kansas,7,282,"Jack Lichtenstein Consensus Big Board — 14 of 17 component boards, re-averaged",6056,309,9.5,34.125,5.05,1.74,31,111,,,,,,,,,,,,,2026-05-04,,,
earnest-brown-iv-edge-nor-2021,2021,Earnest Brown IV,EDGE,Northwestern,,,Wide Left Consensus Big Board (Arif Hasan) — wideleft.football,6044,270,9.75,34.5,5.01,,31,115,7.19,4.5,25,,,,,,5,174,LA Rams,,2026-07-26,,,
easton-stick-qb-nor-2019,2019,Easton Stick,QB,North Dakota State,7,284,"Jack Lichtenstein Consensus Big Board — 14 of 17 component boards, re-averaged",6012,224,9.25,32.125,4.62,,33.5,118,6.65,4.05,,,,,,,5,166,LA Chargers,,2026-05-04,,,
ebenezer-ogundeko-edge--2018,2018,Ebenezer Ogundeko,EDGE,,,,Wide Left Consensus Big Board (Arif Hasan) — wideleft.football,,,,,,,,,,,,,,,,,,,,,2026-07-26,,,
ed-ingram-iol-lsu-2022,2022,Ed Ingram,IOL,LSU,3,101,Wide Left Consensus Big Board (Arif Hasan) — wideleft.football,6032,307,10,33.625,5.02,,20.5,102,7.81,4.76,,,,,,,2,59,Minnesota,,2026-08-06,111,101,86
ed-oliver-dt-hou-2019,2019,Ed Oliver,DT,Houston,1,4,"Jack Lichtenstein Consensus Big Board — 14 of 17 component boards, re-averaged",6017,287,9.25,31.75,,,36,120,,,32,Pass Rusher,,,,,1,9,Buffalo,,2026-05-04,,,
eddie-jackson-s-ala-2017,2017,Eddie Jackson,S,Alabama,3,97,Wide Left Consensus Big Board (Arif Hasan) — wideleft.football,6003,201,9.25,32.25,,,,,,,10,,,,,,4,112,Chicago,,2026-07-26,127,90,112.4
eddie-vanderdoes-dt-ucl-2017,2017,Eddie Vanderdoes,DT,UCLA,4,118,Wide Left Consensus Big Board (Arif Hasan) — wideleft.football,6031,305,10.63,33.13,4.99,,28.5,111,7.69,4.39,28,,,,,,3,88,Las Vegas,,2026-07-26,114,116,91.9
eddie-yarbrough-edge--2016,2016,Eddie Yarbrough,EDGE,,,,Wide Left Consensus Big Board (Arif Hasan) — wideleft.football,,,,,,,,,,,,,,,,,,,,,2026-07-26,,,
eddy-pineiro-st-flo-2018,2018,Eddy Pineiro,ST,Florida,7,282,Wide Left Consensus Big Board (Arif Hasan) — wideleft.football,5115,185,8.25,29.875,,,,,,,,K,,,,,,,,,2026-07-26,250,297,93.2
eddy-wilson-dt-pur-2018,2018,Eddy Wilson,DT,Purdue,,,Wide Left Consensus Big Board (Arif Hasan) — wideleft.football,6026,301,9.375,33.875,5.37,1.86,,96,,,26,,,,,,,,,,2026-07-26,,,
eduardo-middleton-iol--2017,2017,Eduardo Middleton,IOL,,,,Wide Left Consensus Big Board (Arif Hasan) — wideleft.football,,,,,,,,,,,,,,,,,,,,,2026-07-26,,,
edwin-alexander-dt--2019,2019,Edwin Alexander,DT,,7,421,"Jack Lichtenstein Consensus Big Board — 14 of 17 component boards, re-averaged",,,,,,,,,,,,,,,,,,,,,2026-05-04,,,
ej-perry-qb-bro-2022,2022,EJ Perry,QB,Brown,7,270,Wide Left Consensus Big Board (Arif Hasan) — wideleft.football,6020,211,,,4.65,,34.5,123,6.85,4.18,,,,,,,,,,,2026-08-06,262,269,95.3
ejuan-price-edge-pit-2017,2017,Ejuan Price,EDGE,Pittsburgh,6,185,Wide Left Consensus Big Board (Arif Hasan) — wideleft.football,5113,241,10,32.75,4.84,,31.5,117,,4.34,20,,,,,,7,234,LA Rams,,2026-07-26,230,189,115.4
ekow-boye-doe-cb--2023,2023,Ekow Boye-Doe,CB,,7,420,"Jack Lichtenstein Consensus Big Board — 14 of 17 component boards, re-averaged",,,,,,,,,,,,,,,,,,,,,2026-05-04,,,
eku-leota-edge-aub-2023,2023,Eku Leota,EDGE,Auburn,7,248,"Jack Lichtenstein Consensus Big Board — 14 of 17 component boards, re-averaged",6030,252,9.5,33.5,,,,,,,,,,,,,,,,,2026-05-04,,,
elandon-roberts-lb-hou-2016,2016,Elandon Roberts,LB,Houston,,,Wide Left Consensus Big Board (Arif Hasan) — wideleft.football,,,,,,,,,,,,,,,,,6,214,New England,,2026-07-26,,,
elerson-smith-edge-nor-2021,2021,Elerson Smith,EDGE,Northern Iowa,5,143,Wide Left Consensus Big Board (Arif Hasan) — wideleft.football,6062,252,10.5,33.25,4.71,,41.5,127,7,4.39,26,,,,,,4,116,NY Giants,,2026-07-26,115,167,95.8
elex-woodworth-iol--2020,2020,Elex Woodworth,IOL,,,,Wide Left Consensus Big Board (Arif Hasan) — wideleft.football,,,,,,,,,,,,,,,,,,,,,2026-07-26,,,
elgton-jenkins-iol-mis-2019,2019,Elgton Jenkins,IOL,Mississippi State,2,46,"Jack Lichtenstein Consensus Big Board — 14 of 17 component boards, re-averaged",6044,310,10.25,34,,,28,109,7.77,4.62,29,,,,,,2,44,Green Bay,,2026-05-04,,,
eli-apple-cb-ohi-2016,2016,Eli Apple,CB,Ohio State,1,29,Wide Left Consensus Big Board (Arif Hasan) — wideleft.football,6005,199,9.375,31.375,4.4,,,,,,13,,,,,,1,10,NY Giants,,2026-07-26,,,104.4
eli-hanback-dt--2020,2020,Eli Hanback,DT,,,,Wide Left Consensus Big Board (Arif Hasan) — wideleft.football,,,,,,,,,,,,,,,,,,,,,2026-07-26,,,
eli-ricks-cb-ala-2023,2023,Eli Ricks,CB,Alabama,5,147,"Jack Lichtenstein Consensus Big Board — 14 of 17 component boards, re-averaged",6020,188,8.875,32.375,,,,,,,,,,,,,,,,,2026-05-04,,,
elijah-dotson-rb--2023,2023,Elijah Dotson,RB,,7,360,"Jack Lichtenstein Consensus Big Board — 14 of 17 component boards, re-averaged",,,,,,,,,,,,,,,,,,,,,2026-05-04,,,
elijah-hicks-s-cal-2022,2022,Elijah Hicks,S,California,,,Wide Left Consensus Big Board (Arif Hasan) — wideleft.football,,,,,,,,,,,,,,,,,7,254,Chicago,,2026-08-06,,,
elijah-higgins-wr-sta-2023,2023,Elijah Higgins,WR,Stanford,7,222,"Jack Lichtenstein Consensus Big Board — 14 of 17 component boards, re-averaged",6030,235,10.5,31.75,4.54,,35,126,7.01,,,,,,,,6,197,Miami,,2026-05-04,,,
elijah-holyfield-rb-geo-2019,2019,Elijah Holyfield,RB,Georgia,5,168,"Jack Lichtenstein Consensus Big Board — 14 of 17 component boards, re-averaged",5103,217,9,30.375,4.78,,29.5,118,,,26,,,,,,,,,,2026-05-04,,,
elijah-hood-rb-nor-2017,2017,Elijah Hood,RB,North Carolina,7,261,Wide Left Consensus Big Board (Arif Hasan) — wideleft.football,5113,232,9.38,30.38,,,,,,,18,,,,,,7,242,Las Vegas,,2026-07-26,324,258,100.8
elijah-lee-lb-kan-2017,2017,Elijah Lee,LB,Kansas State,6,182,Wide Left Consensus Big Board (Arif Hasan) — wideleft.football,,,,,,,,,,,,,,,,,7,232,Minnesota,,2026-07-26,194,163,82.2
elijah-mcguire-rb-lou-2017,2017,Elijah McGuire,RB,Louisiana,6,187,Wide Left Consensus Big Board (Arif Hasan) — wideleft.football,5096,214,9,31,4.53,,36,120,7.26,4.56,15,,,,,,6,188,NY Jets,,2026-07-26,228,174,81.7
elijah-mitchell-rb-lou-2021,2021,Elijah Mitchell,RB,Louisiana,6,188,Wide Left Consensus Big Board (Arif Hasan) — wideleft.football,5102,201,9.75,31,4.38,,37.5,128,6.94,4.19,17,,,,,,6,194,San Francisco,,2026-07-26,201,192,73.2
elijah-molden-cb-was-2021,2021,Elijah Molden,CB,Washington,2,59,Wide Left Consensus Big Board (Arif Hasan) — wideleft.football,5094,192,9.5,29.5,4.62,,36.5,125,,,13,,,,,,3,100,Tennessee,,2026-07-26,60,58,107.9
elijah-moore-wr-mis-2021,2021,Elijah Moore,WR,Mississippi,2,34,Wide Left Consensus Big Board (Arif Hasan) — wideleft.football,5094,178,9.375,30.125,4.35,,36,121,6.63,4.07,17,,,,,,2,34,NY Jets,,2026-07-26,32,34,116.8
elijah-nkansah-ot--2018,2018,Elijah Nkansah,OT,,,,Wide Left Consensus Big Board (Arif Hasan) — wideleft.football,,,,,,,,,,,,,,,,,,,,,2026-07-26,,,
elijah-ponder-edge-cin-2021,2021,Elijah Ponder,EDGE,Cincinnati,,,Wide Left Consensus Big Board (Arif Hasan) — wideleft.football,6010,268,,,5.06,,30,101,7.45,4.53,27,,,,,,,,,,2026-07-26,,,
elijah-qualls-dt-was-2017,2017,Elijah Qualls,DT,Washington,4,123,Wide Left Consensus Big Board (Arif Hasan) — wideleft.football,6005,313,9.38,30.63,5.13,,31.5,105,7.65,4.66,33,,,,,,6,214,Philadelphia,,2026-07-26,121,120,102.4
elijah-shumate-s-not-2016,2016,Elijah Shumate,S,Notre Dame,7,249,Wide Left Consensus Big Board (Arif Hasan) — wideleft.football,5116,216,9.75,31.125,4.58,,33,119,,4.51,18,,,,,,,,,,2026-07-26,,,84.2
elijah-sullivan-lb-kan-2021,2021,Elijah Sullivan,LB,Kansas State,,,Wide Left Consensus Big Board (Arif Hasan) — wideleft.football,6000,214,8.125,32,4.69,,,115,7.12,4.31,13,,,,,,,,,,2026-07-26,,,
ellis-brooks-lb--2022,2022,Ellis Brooks,LB,,,,Wide Left Consensus Big Board (Arif Hasan) — wideleft.football,,,,,,,,,,,,,,,,,,,,,2026-08-06,,,
emanuel-hall-wr-mis-2019,2019,Emanuel Hall,WR,Missouri,3,85,"Jack Lichtenstein Consensus Big Board — 14 of 17 component boards, re-averaged",6017,201,9.75,33.25,4.39,,43.5,141,,,15,,,,,,,,,,2026-05-04,,,
emari-demercado-rb--2023,2023,Emari Demercado,RB,,7,410,"Jack Lichtenstein Consensus Big Board — 14 of 17 component boards, re-averaged",,,,,,,,,,,,,,,,,,,,,2026-05-04,,,
emeka-emezie-wr--2022,2022,Emeka Emezie,WR,,,,Wide Left Consensus Big Board (Arif Hasan) — wideleft.football,,,,,,,,,,,,,,,,,,,,,2026-08-06,,,
emeke-egbule-lb-hou-2019,2019,Emeke Egbule,LB,Houston,6,205,"Jack Lichtenstein Consensus Big Board — 14 of 17 component boards, re-averaged",6020,245,9.25,33,4.65,,33,119,7.38,4.38,20,,,,,,6,200,LA Chargers,,2026-05-04,,,
emil-ekiyor-jr-iol-ala-2023,2023,Emil Ekiyor Jr.,IOL,Alabama,4,133,"Jack Lichtenstein Consensus Big Board — 14 of 17 component boards, re-averaged",6024,314,9.5,33.875,,,,,,,23,,,,,,,,,,2026-05-04,,,
emmanuel-forbes-cb-mis-2023,2023,Emmanuel Forbes,CB,Mississippi State,2,38,"Jack Lichtenstein Consensus Big Board — 14 of 17 component boards, re-averaged",6006,166,8.5,32.25,4.35,,37.5,131,,,,,,,,,1,16,Washington,,2026-05-04,,,
emmanuel-holder-rb--2017,2017,Emmanuel Holder,RB,,,,Wide Left Consensus Big Board (Arif Hasan) — wideleft.football,,,,,,,,,,,,FB,,,,,,,,,2026-07-26,,,
emmanuel-moseley-cb--2018,2018,Emmanuel Moseley,CB,,,,Wide Left Consensus Big Board (Arif Hasan) — wideleft.football,,,,,,,,,,,,,,,,,,,,,2026-07-26,,,
emmanuel-ogbah-edge-okl-2016,2016,Emmanuel Ogbah,EDGE,Oklahoma State,2,35,Wide Left Consensus Big Board (Arif Hasan) — wideleft.football,6042,273,10,35.5,4.63,,35.5,121,7.26,4.5,20,,,,,,2,32,Cleveland,,2026-07-26,,,95.9
eno-benjamin-rb-ari-2020,2020,Eno Benjamin,RB,Arizona State,4,122,Wide Left Consensus Big Board (Arif Hasan) — wideleft.football,5087,207,8.625,31.25,4.57,,39,122,6.97,4.25,12,,,,,,7,222,Arizona,,2026-07-26,129,119,
equanimeous-st-brown-wr-not-2018,2018,Equanimeous St. Brown,WR,Notre Dame,3,80,Wide Left Consensus Big Board (Arif Hasan) — wideleft.football,6046,214,9.75,33,4.48,,,,,,20,,,,,,6,207,Green Bay,,2026-07-26,92,80,101.7
eric-gray-rb-okl-2023,2023,Eric Gray,RB,Oklahoma,4,131,"Jack Lichtenstein Consensus Big Board — 14 of 17 component boards, re-averaged",5094,207,9.75,29.625,,,37.5,118,,,,,,,,,5,172,NY Giants,,2026-05-04,,,
eric-johnson-dt-mis-2022,2022,Eric Johnson,DT,Missouri State,6,200,Wide Left Consensus Big Board (Arif Hasan) — wideleft.football,,,,,,,,,,,,,,,,,5,159,Indianapolis,,2026-08-06,191,211,88
eric-murray-cb-min-2016,2016,Eric Murray,CB,Minnesota,4,120,Wide Left Consensus Big Board (Arif Hasan) — wideleft.football,5105,199,9,31.75,4.49,,39.5,124,7.08,4.05,15,,,,,,4,106,Kansas City,,2026-07-26,,,89.2
eric-saubert-te-dra-2017,2017,Eric Saubert,TE,Drake,6,201,Wide Left Consensus Big Board (Arif Hasan) — wideleft.football,6046,253,10.38,33.5,,,33,121,,,22,,,,,,5,174,Atlanta,,2026-07-26,183,218,96.1
eric-scott-jr-cb-sou-2023,2023,Eric Scott Jr.,CB,Southern Miss,7,449,"Jack Lichtenstein Consensus Big Board — 14 of 17 component boards, re-averaged",,,,,,,,,,,,,,,,,6,178,Dallas,,2026-05-04,,,
eric-smith-ot--2017,2017,Eric Smith,OT,,,,Wide Left Consensus Big Board (Arif Hasan) — wideleft.football,,,,,,,,,,,,,,,,,,,,,2026-07-26,,,
eric-stokes-cb-geo-2021,2021,Eric Stokes,CB,Georgia,2,46,Wide Left Consensus Big Board (Arif Hasan) — wideleft.football,6005,194,9.125,32.75,4.31,,38.5,128,6.96,4.36,14,,,,,,1,29,Green Bay,,2026-07-26,44,48,90.7
eric-striker-lb-okl-2016,2016,Eric Striker,LB,Oklahoma,5,151,Wide Left Consensus Big Board (Arif Hasan) — wideleft.football,5113,227,10.125,31.25,4.8,,30,116,7.3,4.46,23,,,,,,,,,,2026-07-26,,,90.1
eric-wilson-lb--2017,2017,Eric Wilson,LB,,,,Wide Left Consensus Big Board (Arif Hasan) — wideleft.football,,,,,,,,,,,,,,,,,,,,,2026-07-26,,,
erick-hallett-ii-cb-pit-2023,2023,Erick Hallett II,CB,Pittsburgh,7,333,"Jack Lichtenstein Consensus Big Board — 14 of 17 component boards, re-averaged",,,,,,,,,,,,,,,,,6,208,Jacksonville,,2026-05-04,,,
erik-austell-iol-cha-2017,2017,Erik Austell,IOL,Charleston Southern,,,Wide Left Consensus Big Board (Arif Hasan) — wideleft.football,6032,301,9,32,5.23,,27.5,107,8.13,4.9,24,,,,,,,,,,2026-07-26,,,
erik-ezukanma-wr-tex-2022,2022,Erik Ezukanma,WR,Texas Tech,5,168,Wide Left Consensus Big Board (Arif Hasan) — wideleft.football,6017,209,9.375,33.5,,,36.5,126,,4.38,,,,,,,4,125,Miami,,2026-08-06,173,163,92
erik-magnuson-iol--2017,2017,Erik Magnuson,IOL,,6,210,Wide Left Consensus Big Board (Arif Hasan) — wideleft.football,,,,,,,,,,,,,,,,,,,,,2026-07-26,278,210,90.6
erik-mccoy-iol-tex-2019,2019,Erik McCoy,IOL,Texas A&M,2,37,"Jack Lichtenstein Consensus Big Board — 14 of 17 component boards, re-averaged",6037,303,9.625,33,4.89,,31,107,8.28,4.62,29,,,,,,2,48,New Orleans,,2026-05-04,,,
erik-swenson-iol--2022,2022,Erik Swenson,IOL,,,,Wide Left Consensus Big Board (Arif Hasan) — wideleft.football,,,,,,,,,,,,,,,,,,,,,2026-08-06,,,
ernest-jones-lb-sou-2021,2021,Ernest Jones,LB,South Carolina,6,204,Wide Left Consensus Big Board (Arif Hasan) — wideleft.football,6014,230,10.375,33.375,4.65,,38.5,,,,,,,,,,3,103,LA Rams,,2026-07-26,147,225,99
erroll-thompson-lb--2021,2021,Erroll Thompson,LB,,,,Wide Left Consensus Big Board (Arif Hasan) — wideleft.football,6004,239,9.875,32.875,,,,,,,,,,,,,,,,,2026-07-26,,,
esezi-otomewo-edge-min-2022,2022,Esezi Otomewo,EDGE,Minnesota,7,226,Wide Left Consensus Big Board (Arif Hasan) — wideleft.football,6052,282,9,34.5,,,,,,,,,,,,,5,165,Minnesota,,2026-08-06,237,219,92.4
essang-bassey-cb-wak-2020,2020,Essang Bassey,CB,Wake Forest,6,212,Wide Left Consensus Big Board (Arif Hasan) — wideleft.football,5093,191,7.875,31,4.46,,39.5,128,6.95,4.13,12,,,,,,,,,,2026-07-26,222,212,
ethan-bonner-cb--2023,2023,Ethan Bonner,CB,,7,432,"Jack Lichtenstein Consensus Big Board — 14 of 17 component boards, re-averaged",,,,,,,,,,,,,,,,,,,,,2026-05-04,,,
ethan-cooper-iol-ind-2017,2017,Ethan Cooper,IOL,Indiana (PA),,,Wide Left Consensus Big Board (Arif Hasan) — wideleft.football,6024,322,10.38,32.63,5.36,,24.5,99,8.02,4.88,26,,,,,,,,,,2026-07-26,,,
ethan-evans-st-win-2023,2023,Ethan Evans,ST,Wingate,7,356,"Jack Lichtenstein Consensus Big Board — 14 of 17 component boards, re-averaged",,,,,,,,,,,,P,,,,,7,223,LA Rams,,2026-05-04,,,
ethan-mooney-st--2023,2023,Ethan Mooney,ST,,7,443,"Jack Lichtenstein Consensus Big Board — 14 of 17 component boards, re-averaged",,,,,,,,,,,,K,,,,,,,,,2026-05-04,,,
ethan-pocic-iol-lsu-2017,2017,Ethan Pocic,IOL,LSU,3,76,Wide Left Consensus Big Board (Arif Hasan) — wideleft.football,6060,310,10.13,33.13,5.15,,27,107,7.89,4.81,26,,,,,,2,58,Seattle,,2026-07-26,66,70,94.5
ethan-wolf-te--2018,2018,Ethan Wolf,TE,,,,Wide Left Consensus Big Board (Arif Hasan) — wideleft.football,,,,,,,,,,,,,,,,,,,,,2026-07-26,,,
eugene-asante-lb--2023,2023,Eugene Asante,LB,,7,479,"Jack Lichtenstein Consensus Big Board — 14 of 17 component boards, re-averaged",,,,,,,,,,,,,,,,,,,,,2026-05-04,,,
evan-baylis-te--2017,2017,Evan Baylis,TE,,,,Wide Left Consensus Big Board (Arif Hasan) — wideleft.football,,,,,,,,,,,,,,,,,,,,,2026-07-26,,,
evan-boehm-iol-mis-2016,2016,Evan Boehm,IOL,Missouri,5,148,Wide Left Consensus Big Board (Arif Hasan) — wideleft.football,6021,302,10.25,32.5,5.33,,28.5,96,7.52,4.69,24,,,,,,4,128,Arizona,,2026-07-26,,,95.1
evan-engram-te-mis-2017,2017,Evan Engram,TE,Mississippi,2,34,Wide Left Consensus Big Board (Arif Hasan) — wideleft.football,6033,234,10,33.5,4.42,,36,125,6.92,4.23,19,,,,,,1,23,NY Giants,,2026-07-26,32,40,92.2
evan-fields-cb--2022,2022,Evan Fields,CB,,,,Wide Left Consensus Big Board (Arif Hasan) — wideleft.football,,,,,,,,,,,,,,,,,,,,,2026-08-06,,,
evan-goodman-iol--2017,2017,Evan Goodman,IOL,,,,Wide Left Consensus Big Board (Arif Hasan) — wideleft.football,,,,,,,,,,,,,,,,,,,,,2026-07-26,,,
evan-hull-rb-nor-2023,2023,Evan Hull,RB,Northwestern,6,207,"Jack Lichtenstein Consensus Big Board — 14 of 17 component boards, re-averaged",5101,209,9.25,30.625,4.47,,37,123,6.9,4.38,,,,,,,5,176,Indianapolis,,2026-05-04,,,
evan-mcpherson-st-flo-2021,2021,Evan McPherson,ST,Florida,,,Wide Left Consensus Big Board (Arif Hasan) — wideleft.football,5110,185,,,,,,,,,,K,,,,,5,149,Cincinnati,,2026-07-26,,,
evan-neal-ot-ala-2022,2022,Evan Neal,OT,Alabama,1,2,Wide Left Consensus Big Board (Arif Hasan) — wideleft.football,6074,337,10.125,34,,,,,,,,,,,,,1,7,NY Giants,,2026-08-06,2,3,93.9
evan-schwan-edge--2017,2017,Evan Schwan,EDGE,,,,Wide Left Consensus Big Board (Arif Hasan) — wideleft.football,,,,,,,,,,,,,,,,,,,,,2026-07-26,,,
evan-weaver-lb-cal-2020,2020,Evan Weaver,LB,California,5,156,Wide Left Consensus Big Board (Arif Hasan) — wideleft.football,6021,237,9.875,31.625,4.76,,32,117,7.02,4.21,15,,,,,,6,202,Arizona,,2026-07-26,179,157,
evan-worthington-s-col-2019,2019,Evan Worthington,S,Colorado,6,182,"Jack Lichtenstein Consensus Big Board — 14 of 17 component boards, re-averaged",6017,212,9.5,32.75,4.63,,33.5,121,7.07,4.37,17,,,,,,,,,,2026-05-04,,,
eyabi-okie-anoma-edge--2023,2023,Eyabi Okie-Anoma,EDGE,,7,469,"Jack Lichtenstein Consensus Big Board — 14 of 17 component boards, re-averaged",,,,,,,,,,,,,,,,,,,,,2026-05-04,,,
eyioma-uwazurike-dt-iow-2022,2022,Eyioma Uwazurike,DT,Iowa State,5,171,Wide Left Consensus Big Board (Arif Hasan) — wideleft.football,6061,316,10.125,35.125,,,33,107,,,,,,,,,4,116,Denver,,2026-08-06,145,176,106.3
ezekiel-elliott-rb-ohi-2016,2016,Ezekiel Elliott,RB,Ohio State,1,5,Wide Left Consensus Big Board (Arif Hasan) — wideleft.football,5116,225,10.25,31.25,4.47,,32.5,118,,,,,,,,,1,4,Dallas,,2026-07-26,,,86
ezekiel-noa-lb--2023,2023,Ezekiel Noa,LB,,7,486,"Jack Lichtenstein Consensus Big Board — 14 of 17 component boards, re-averaged",,,,,,,,,,,,,,,,,,,,,2026-05-04,,,
ezra-cleveland-ot-boi-2020,2020,Ezra Cleveland,OT,Boise State,2,54,Wide Left Consensus Big Board (Arif Hasan) — wideleft.football,6060,311,9,33.375,4.93,1.73,30,111,7.26,4.46,30,,,,,,2,58,Minnesota,,2026-07-26,38,60,
ezra-robinson-cb-ten-2017,2017,Ezra Robinson,CB,Tennessee State,7,252,Wide Left Consensus Big Board (Arif Hasan) — wideleft.football,5110,189,8.75,31.5,4.47,,34,130,,,13,,,,,,,,,,2026-07-26,339,239,78
fabian-moreau-cb-ucl-2017,2017,Fabian Moreau,CB,UCLA,2,60,Wide Left Consensus Big Board (Arif Hasan) — wideleft.football,6004,206,9,31.38,4.35,,38,136,6.94,4.12,,,,,,,3,81,Washington,,2026-07-26,65,62,119.8
fadol-brown-edge-mis-2017,2017,Fadol Brown,EDGE,Mississippi,,,Wide Left Consensus Big Board (Arif Hasan) — wideleft.football,6036,273,10.25,35,4.94,,34,115,7.24,4.44,19,,,,,,,,,,2026-07-26,,,
fahn-cooper-ot-mis-2016,2016,Fahn Cooper,OT,Mississippi,7,254,Wide Left Consensus Big Board (Arif Hasan) — wideleft.football,6044,303,10,34.75,5.17,,25,102,7.85,4.89,19,,,,,,5,174,San Francisco,,2026-07-26,,,87.6
faion-hicks-cb-wis-2022,2022,Faion Hicks,CB,Wisconsin,,,Wide Left Consensus Big Board (Arif Hasan) — wideleft.football,,,,,,,,,,,,,,,,,7,232,Denver,,2026-08-06,,,
farrington-huguenin-dt--2016,2016,Farrington Huguenin,DT,,,,Wide Left Consensus Big Board (Arif Hasan) — wideleft.football,,,,,,,,,,,,,,,,,,,,,2026-07-26,,,
feleipe-franks-qb-ark-2021,2021,Feleipe Franks,QB,Arkansas,7,245,Wide Left Consensus Big Board (Arif Hasan) — wideleft.football,6065,234,10,34,4.61,,32.5,117,7.16,4.22,,,,,,,,,,,2026-07-26,254,244,79.1
felix-anudike-uzomah-edge-kan-2023,2023,Felix Anudike-Uzomah,EDGE,Kansas State,2,41,"Jack Lichtenstein Consensus Big Board — 14 of 17 component boards, re-averaged",6031,255,9.625,33.5,,,,,,,,,,,,,1,31,Kansas City,,2026-05-04,,,
felton-davis-wr-mic-2019,2019,Felton Davis,WR,Michigan State,7,353,"Jack Lichtenstein Consensus Big Board — 14 of 17 component boards, re-averaged",6034,211,10.25,32.75,,,,,,,21,,,,,,,,,,2026-05-04,,,
felton-davis-iii-wr-mic-2019,2019,Felton Davis III,WR,Michigan State,7,412,"Jack Lichtenstein Consensus Big Board — 14 of 17 component boards, re-averaged",6034,211,10.25,32.75,,,,,,,21,,,,,,,,,,2026-05-04,,,
filipo-mokofisi-dt--2018,2018,Filipo Mokofisi,DT,,,,Wide Left Consensus Big Board (Arif Hasan) — wideleft.football,,,,,,,,,,,,,,,,,,,,,2026-07-26,,,
fish-smithson-s--2017,2017,Fish Smithson,S,,,,Wide Left Consensus Big Board (Arif Hasan) — wideleft.football,,,,,,,,,,,,,,,,,,,,,2026-07-26,,,
folorunso-fatukasi-dt-con-2018,2018,Folorunso Fatukasi,DT,Connecticut,5,159,Wide Left Consensus Big Board (Arif Hasan) — wideleft.football,,,,,5.29,1.76,,112,7.44,4.53,33,,,,,,6,180,NY Jets,,2026-08-02,140,163,97.4
forrest-lamp-iol-wes-2017,2017,Forrest Lamp,IOL,Western Kentucky,1,17,Wide Left Consensus Big Board (Arif Hasan) — wideleft.football,6035,309,10.63,32.25,5,,27.5,111,7.55,4.62,34,,,,,,2,38,LA Chargers,,2026-07-26,26,13,91.7
forrest-merrill-dt-ark-2021,2021,Forrest Merrill,DT,Arkansas State,,,Wide Left Consensus Big Board (Arif Hasan) — wideleft.football,6000,322,9.25,32,5.27,,26.5,101,8.24,4.81,36,Run Stuffer,,,,,,,,,2026-07-26,,,
foster-moreau-te-lsu-2019,2019,Foster Moreau,TE,LSU,4,127,"Jack Lichtenstein Consensus Big Board — 14 of 17 component boards, re-averaged",6041,253,9.625,33.5,4.66,,36.5,121,7.16,4.11,22,,,,,,4,137,Las Vegas,,2026-05-04,,,
foster-sarell-ot-sta-2021,2021,Foster Sarell,OT,Stanford,,,Wide Left Consensus Big Board (Arif Hasan) — wideleft.football,6060,318,,,5.54,,27,97,7.63,4.69,26,,,,,,,,,,2026-07-26,,,
foyesade-oluokun-s-yal-2018,2018,Foyesade Oluokun,S,Yale,,,Wide Left Consensus Big Board (Arif Hasan) — wideleft.football,,,,,,,,,,,,,,,,,6,200,Atlanta,,2026-07-26,,,
francis-bernard-lb-uta-2020,2020,Francis Bernard,LB,Utah,6,199,Wide Left Consensus Big Board (Arif Hasan) — wideleft.football,6003,234,9.875,31.875,4.81,,32.5,120,,,19,,,,,,,,,,2026-07-26,239,194,
frank-darby-wr-ari-2021,2021,Frank Darby,WR,Arizona State,6,202,Wide Left Consensus Big Board (Arif Hasan) — wideleft.football,6000,201,9.625,31.375,4.56,,34.5,117,7.05,4.25,19,,,,,,6,187,Atlanta,,2026-07-26,190,196,78.7
frank-herron-dt--2018,2018,Frank Herron,DT,,,,Wide Left Consensus Big Board (Arif Hasan) — wideleft.football,,,,,,,,,,,,,,,,,,,,,2026-07-26,,,
frank-ladson-jr-wr--2023,2023,Frank Ladson Jr.,WR,,7,481,"Jack Lichtenstein Consensus Big Board — 14 of 17 component boards, re-averaged",,,,,,,,,,,,,,,,,,,,,2026-05-04,,,
frank-ragnow-iol-ark-2018,2018,Frank Ragnow,IOL,Arkansas,2,41,Wide Left Consensus Big Board (Arif Hasan) — wideleft.football,6051,312,9.375,33.125,,,,,,,26,,,,,,1,20,Detroit,,2026-07-26,44,41,110
frankie-williams-cb--2016,2016,Frankie Williams,CB,,,,Wide Left Consensus Big Board (Arif Hasan) — wideleft.football,,,,,,,,,,,,,,,,,,,,,2026-07-26,,,
fred-johnson-iol-flo-2019,2019,Fred Johnson,IOL,Florida,7,267,"Jack Lichtenstein Consensus Big Board — 14 of 17 component boards, re-averaged",6071,326,10.625,34,,,,,,,,,,,,,,,,,2026-05-04,,,
fred-ross-wr-mis-2017,2017,Fred Ross,WR,Mississippi State,6,198,Wide Left Consensus Big Board (Arif Hasan) — wideleft.football,6006,213,9.25,31.25,4.51,,35,113,6.99,4.28,10,,,,,,,,,,2026-07-26,167,198,89.7
fred-warner-lb-byu-2018,2018,Fred Warner,LB,BYU,3,85,Wide Left Consensus Big Board (Arif Hasan) — wideleft.football,6033,236,9.75,32,4.64,,38.5,119,6.9,4.28,21,,,,,,3,70,San Francisco,,2026-07-26,97,82,107.3
fred-zerblis-iol--2017,2017,Fred Zerblis,IOL,,,,Wide Left Consensus Big Board (Arif Hasan) — wideleft.football,,,,,,,,,,,,,,,,,,,,,2026-07-26,,,
freddie-stevenson-rb-flo-2017,2017,Freddie Stevenson,RB,Florida State,7,264,Wide Left Consensus Big Board (Arif Hasan) — wideleft.football,6004,234,9.63,32.75,4.75,,28,111,7.65,4.45,24,FB,,,,,,,,,2026-07-26,239,302,87.2
freddie-swain-wr-flo-2020,2020,Freddie Swain,WR,Florida,,,Wide Left Consensus Big Board (Arif Hasan) — wideleft.football,6002,197,9,30.625,4.46,1.52,36.5,124,7.05,4.26,16,,,,,,6,214,Seattle,,2026-07-26,,,
frederick-mauigoa-iol--2020,2020,Frederick Mauigoa,IOL,,,,Wide Left Consensus Big Board (Arif Hasan) — wideleft.football,,,,,,,,,,,,,,,,,,,,,2026-07-26,,,
gg-robinson-dt--2019,2019,G.G. Robinson,DT,,6,202,"Jack Lichtenstein Consensus Big Board — 14 of 17 component boards, re-averaged",,,,,,,,,,,,,,,,,,,,,2026-05-04,,,
gabe-brkic-st-okl-2022,2022,Gabe Brkic,ST,Oklahoma,,,Wide Left Consensus Big Board (Arif Hasan) — wideleft.football,6021,197,9.25,32.25,,,,,,,,K,,,,,,,,,2026-08-06,,,
gabe-marks-wr-was-2017,2017,Gabe Marks,WR,Washington State,7,284,Wide Left Consensus Big Board (Arif Hasan) — wideleft.football,5110,189,8.75,30.38,4.56,,29.5,117,7.01,4.2,11,,,,,,,,,,2026-07-26,311,296,86.2
gabe-reid-edge--2021,2021,Gabe Reid,EDGE,,,,Wide Left Consensus Big Board (Arif Hasan) — wideleft.football,,,,,,,,,,,,,,,,,,,,,2026-07-26,,,
gabriel-davis-wr-ucf-2020,2020,Gabriel Davis,WR,UCF,4,120,Wide Left Consensus Big Board (Arif Hasan) — wideleft.football,6020,216,9.25,32.25,4.54,1.56,35,124,7.08,4.59,14,,,,,,4,128,Buffalo,,2026-07-26,118,122,
gaelin-elmore-dt--2018,2018,Gaelin Elmore,DT,,,,Wide Left Consensus Big Board (Arif Hasan) — wideleft.football,,,,,,,,,,,,,,,,,,,,,2026-07-26,,,
gardner-minshew-qb-was-2019,2019,Gardner Minshew,QB,Washington State,7,225,"Jack Lichtenstein Consensus Big Board — 14 of 17 component boards, re-averaged",6007,225,10.125,31.75,4.97,,33.5,116,7.14,4.45,,,,,,,6,178,Jacksonville,,2026-05-04,,,
gareon-conley-cb-ohi-2017,2017,Gareon Conley,CB,Ohio State,1,16,Wide Left Consensus Big Board (Arif Hasan) — wideleft.football,6000,195,9.5,33,4.44,,37,129,6.68,4.18,11,,,,,,1,24,Las Vegas,,2026-07-26,18,16,98.2
garett-bolles-ot-uta-2017,2017,Garett Bolles,OT,Utah,1,27,Wide Left Consensus Big Board (Arif Hasan) — wideleft.football,6050,297,9.38,34,4.95,,28,115,7.29,4.55,,,,,,,1,20,Denver,,2026-07-26,25,25,93.8
garret-dooley-lb-wis-2018,2018,Garret Dooley,LB,Wisconsin,7,268,Wide Left Consensus Big Board (Arif Hasan) — wideleft.football,6023,248,10.25,32.5,4.8,,33,121,,4.28,21,,,,,,,,,,2026-07-26,275,268,81.7
garret-wallow-lb-tcu-2021,2021,Garret Wallow,LB,TCU,6,197,Wide Left Consensus Big Board (Arif Hasan) — wideleft.football,6015,220,9.5,30.875,4.65,,32.5,122,6.87,4.12,22,,,,,,5,170,Houston,,2026-07-26,159,193,81.4
garrett-bradbury-iol-nor-2019,2019,Garrett Bradbury,IOL,North Carolina State,1,26,"Jack Lichtenstein Consensus Big Board — 14 of 17 component boards, re-averaged",6030,306,,,4.92,,31,104,7.41,4.53,34,,,,,,1,18,Minnesota,,2026-05-04,,,
garrett-marino-dt--2020,2020,Garrett Marino,DT,,,,Wide Left Consensus Big Board (Arif Hasan) — wideleft.football,,,,,,,,,,,,,,,,,,,,,2026-07-26,,,
garrett-sickels-edge-pen-2017,2017,Garrett Sickels,EDGE,Penn State,7,221,Wide Left Consensus Big Board (Arif Hasan) — wideleft.football,6034,261,9.5,32.13,4.9,,28,105,7.21,4.41,20,,,,,,,,,,2026-07-26,214,234,76.8
garrett-williams-cb-syr-2023,2023,Garrett Williams,CB,Syracuse,3,96,"Jack Lichtenstein Consensus Big Board — 14 of 17 component boards, re-averaged",5103,192,9.25,31,,,,,,,,,,,,,3,72,Arizona,,2026-05-04,,,
garrett-wilson-wr-ohi-2022,2022,Garrett Wilson,WR,Ohio State,1,10,Wide Left Consensus Big Board (Arif Hasan) — wideleft.football,5116,183,9.875,32,4.38,,36,123,,4.36,,,,,,,1,10,NY Jets,,2026-08-06,8,11,103
gary-brightwell-rb-ari-2021,2021,Gary Brightwell,RB,Arizona,,,Wide Left Consensus Big Board (Arif Hasan) — wideleft.football,5106,218,9.375,31,4.62,,34.5,118,7.51,4.48,17,,,,,,6,196,NY Giants,,2026-07-26,,,
gary-jennings-jr-wr-wes-2019,2019,Gary Jennings Jr.,WR,West Virginia,5,141,"Jack Lichtenstein Consensus Big Board — 14 of 17 component boards, re-averaged",6010,214,9.625,32.5,4.42,,37,127,7.32,4.15,20,,,,,,4,120,Seattle,,2026-05-04,,,
gary-johnson-lb-tex-2019,2019,Gary Johnson,LB,Texas,7,258,"Jack Lichtenstein Consensus Big Board — 14 of 17 component boards, re-averaged",5117,226,10.25,31.25,4.43,,33.5,121,7.15,4.57,16,,,,,,,,,,2026-05-04,,,
gary-mcknight-wr--2018,2018,Gary McKnight,WR,,,,Wide Left Consensus Big Board (Arif Hasan) — wideleft.football,,,,,,,,,,,,,,,,,,,,,2026-07-26,,,
gavin-andrews-iol--2017,2017,Gavin Andrews,IOL,,,,Wide Left Consensus Big Board (Arif Hasan) — wideleft.football,,,,,,,,,,,,,,,,,,,,,2026-07-26,,,
genard-avery-lb-mem-2018,2018,Genard Avery,LB,Memphis,4,113,Wide Left Consensus Big Board (Arif Hasan) — wideleft.football,6004,248,10.125,31,4.59,,36,124,6.9,4.36,26,,,,,,5,150,Cleveland,,2026-07-26,151,107,107
geno-stone-s-iow-2020,2020,Geno Stone,S,Iowa,5,146,Wide Left Consensus Big Board (Arif Hasan) — wideleft.football,5103,207,9.125,29.25,4.62,1.53,33.5,116,,,12,,,,,,7,219,Baltimore,,2026-07-26,193,142,
george-asafo-adjei-ot-ken-2019,2019,George Asafo-Adjei,OT,Kentucky,7,440,"Jack Lichtenstein Consensus Big Board — 14 of 17 component boards, re-averaged",,,,,,,,,,,,,,,,,7,232,NY Giants,,2026-05-04,,,
george-karlaftis-edge-pur-2022,2022,George Karlaftis,EDGE,Purdue,1,18,Wide Left Consensus Big Board (Arif Hasan) — wideleft.football,6036,266,10.25,32.625,,,38,121,,4.36,21,,,,,,1,30,Kansas City,,2026-08-06,20,18,86.3
george-kittle-te-iow-2017,2017,George Kittle,TE,Iowa,4,135,Wide Left Consensus Big Board (Arif Hasan) — wideleft.football,6036,247,9.25,33.13,4.52,,35,132,,,18,,,,,,5,146,San Francisco,,2026-07-26,140,134,87.9
george-odum-s--2018,2018,George Odum,S,,,,Wide Left Consensus Big Board (Arif Hasan) — wideleft.football,,,,,,,,,,,,,,,,,,,,,2026-07-26,,,
george-pickens-wr-geo-2022,2022,George Pickens,WR,Georgia,2,46,Wide Left Consensus Big Board (Arif Hasan) — wideleft.football,6032,195,8.75,32.375,4.47,,33,125,,,,,,,,,2,52,Pittsburgh,,2026-08-06,55,40,84.2
gerald-everett-te-sou-2017,2017,Gerald Everett,TE,South Alabama,3,81,Wide Left Consensus Big Board (Arif Hasan) — wideleft.football,6030,239,8.5,33,4.62,,37.5,126,6.99,4.33,22,,,,,,2,44,LA Rams,,2026-07-26,84,84,91.9
gerald-willis-iii-dt-mia-2019,2019,Gerald Willis III,DT,Miami,3,102,"Jack Lichtenstein Consensus Big Board — 14 of 17 component boards, re-averaged",6016,302,8.5,33,,,,,,,,,,,,,,,,,2026-05-04,,,
gerard-wheeler-iol--2022,2022,Gerard Wheeler,IOL,,,,Wide Left Consensus Big Board (Arif Hasan) — wideleft.football,,,,,,,,,,,,,,,,,,,,,2026-08-06,,,
germain-ifedi-ot-tex-2016,2016,Germain Ifedi,OT,Texas A&M,2,48,Wide Left Consensus Big Board (Arif Hasan) — wideleft.football,6056,324,10.75,36,5.27,,32.5,109,,4.75,24,,,,,,1,31,Seattle,,2026-07-26,,,107.7
germaine-pratt-lb-nor-2019,2019,Germaine Pratt,LB,North Carolina State,3,99,"Jack Lichtenstein Consensus Big Board — 14 of 17 component boards, re-averaged",6024,240,9.125,31.625,4.57,,32.5,116,,,24,,,,,,3,72,Cincinnati,,2026-05-04,,,
geron-christian-ot-lou-2018,2018,Geron Christian,OT,Louisville,3,100,Wide Left Consensus Big Board (Arif Hasan) — wideleft.football,6051,298,10.75,35,5.33,1.83,,,,,19,,,,,,3,74,Washington,,2026-07-26,81,98,149.5
geronimo-allison-wr-ill-2016,2016,Geronimo Allison,WR,Illinois,7,285,Wide Left Consensus Big Board (Arif Hasan) — wideleft.football,6032,196,9.5,32.875,4.67,,33,127,7.4,4.28,,,,,,,,,,,2026-07-26,,,82.9
gerri-green-edge-mis-2019,2019,Gerri Green,EDGE,Mississippi State,7,364,"Jack Lichtenstein Consensus Big Board — 14 of 17 component boards, re-averaged",6040,252,10,33,4.63,1.66,35,114,7.27,4.42,24,,,,,,6,199,Indianapolis,,2026-05-04,,,
gerrid-doaks-rb-cin-2021,2021,Gerrid Doaks,RB,Cincinnati,7,284,Wide Left Consensus Big Board (Arif Hasan) — wideleft.football,5113,228,9.75,31,4.58,,39.5,120,7.2,4.27,19,,,,,,7,244,Miami,,2026-07-26,337,267,90
gerrit-prince-te--2022,2022,Gerrit Prince,TE,,7,275,Wide Left Consensus Big Board (Arif Hasan) — wideleft.football,,,,,,,,,,,,,,,,,,,,,2026-08-06,306,270,110.3
gervarrius-owens-s-hou-2023,2023,Gervarrius Owens,S,Houston,6,212,"Jack Lichtenstein Consensus Big Board — 14 of 17 component boards, re-averaged",6003,195,9.5,32,,,37.5,125,,,15,,,,,,7,254,NY Giants,,2026-05-04,,,
gervon-dexter-sr-dt-flo-2023,2023,Gervon Dexter Sr.,DT,Florida,3,76,"Jack Lichtenstein Consensus Big Board — 14 of 17 component boards, re-averaged",6055,310,9.5,32.25,4.88,1.75,31,110,7.5,,22,,,,,,2,53,Chicago,,2026-05-04,,,
gionni-paul-lb-uta-2016,2016,Gionni Paul,LB,Utah,,,Wide Left Consensus Big Board (Arif Hasan) — wideleft.football,5101,231,8.125,31,5.05,,31,113,,,22,,,,,,,,,,2026-07-26,,,
giovanni-ricci-te--2020,2020,Giovanni Ricci,TE,,,,Wide Left Consensus Big Board (Arif Hasan) — wideleft.football,,,,,,,,,,,,,,,,,,,,,2026-07-26,,,
glenn-gronkowski-rb-kan-2016,2016,Glenn Gronkowski,RB,Kansas State,7,240,Wide Left Consensus Big Board (Arif Hasan) — wideleft.football,6021,239,9.5,30.75,4.71,,33,120,7.1,4.45,17,FB,,,,,,,,,2026-07-26,,,88.5
godwin-igwebuike-s-nor-2018,2018,Godwin Igwebuike,S,Northwestern,6,179,Wide Left Consensus Big Board (Arif Hasan) — wideleft.football,5113,205,9.75,31.25,4.44,,35.5,128,6.56,4.12,19,,,,,,,,,,2026-07-26,162,183,83.5
graham-glasgow-iol-mic-2016,2016,Graham Glasgow,IOL,Michigan,4,119,Wide Left Consensus Big Board (Arif Hasan) — wideleft.football,6057,307,10,33.625,5.13,,25,106,7.63,4.63,23,,,,,,3,95,Detroit,,2026-07-26,,,84
grant-calcaterra-te-smu-2022,2022,Grant Calcaterra,TE,SMU,6,204,Wide Left Consensus Big Board (Arif Hasan) — wideleft.football,6037,241,10,33.25,4.62,,,,,,20,,,,,,6,198,Philadelphia,,2026-08-06,214,203,78.6
grant-delpit-s-lsu-2020,2020,Grant Delpit,S,LSU,1,25,Wide Left Consensus Big Board (Arif Hasan) — wideleft.football,6024,213,9.125,30.375,,,,,,,,,,,,,2,44,Cleveland,,2026-07-26,23,28,
grant-dubose-wr-cha-2023,2023,Grant DuBose,WR,Charlotte,7,256,"Jack Lichtenstein Consensus Big Board — 14 of 17 component boards, re-averaged",6023,201,9.5,31.875,4.57,,35,125,6.89,4.32,,,,,,,7,256,Green Bay,,2026-05-04,,,
grant-haley-cb-pen-2018,2018,Grant Haley,CB,Penn State,7,246,Wide Left Consensus Big Board (Arif Hasan) — wideleft.football,5092,190,9.125,29.75,4.44,,34,119,6.51,3.94,15,,,,,,,,,,2026-07-26,213,243,87.9
grant-morgan-lb--2022,2022,Grant Morgan,LB,,,,Wide Left Consensus Big Board (Arif Hasan) — wideleft.football,,,,,,,,,,,,,,,,,,,,,2026-08-06,,,
grant-stuard-lb-hou-2021,2021,Grant Stuard,LB,Houston,7,282,Wide Left Consensus Big Board (Arif Hasan) — wideleft.football,5115,225,9.375,30.25,,,,,,,,,,,,,7,259,Tampa Bay,,2026-07-26,320,277,76.7
grayland-arnold-cb-bay-2020,2020,Grayland Arnold,CB,Baylor,7,258,Wide Left Consensus Big Board (Arif Hasan) — wideleft.football,5091,186,9.125,29,4.59,,33,120,7.01,4.3,12,,,,,,,,,,2026-07-26,246,271,
greedy-williams-cb-lsu-2019,2019,Greedy Williams,CB,LSU,1,15,"Jack Lichtenstein Consensus Big Board — 14 of 17 component boards, re-averaged",6017,185,9.25,31.5,4.37,,,,,,,,,,,,2,46,Cleveland,,2026-05-04,,,
greg-dortch-wr-wak-2019,2019,Greg Dortch,WR,Wake Forest,7,259,"Jack Lichtenstein Consensus Big Board — 14 of 17 component boards, re-averaged",5071,173,9.25,29.25,,,,,,,,,,,,,,,,,2026-05-04,,,
greg-dulcich-te-ucl-2022,2022,Greg Dulcich,TE,UCLA,3,73,Wide Left Consensus Big Board (Arif Hasan) — wideleft.football,6040,243,9.875,33.375,4.69,,34,122,7.05,4.37,16,,,,,,3,80,Denver,,2026-08-06,63,76,84.5
greg-eisworth-ii-s--2022,2022,Greg Eisworth II,S,,,,Wide Left Consensus Big Board (Arif Hasan) — wideleft.football,,,,,,,,,,,,,,,,,,,,,2026-08-06,,,
greg-gaines-dt-was-2019,2019,Greg Gaines,DT,Washington,5,150,"Jack Lichtenstein Consensus Big Board — 14 of 17 component boards, re-averaged",6010,312,9.625,31.25,5.16,1.8,31,109,,,30,,,,,,4,134,LA Rams,,2026-05-04,,,
greg-gilmore-dt--2018,2018,Greg Gilmore,DT,,,,Wide Left Consensus Big Board (Arif Hasan) — wideleft.football,,,,,,,,,,,,,,,,,,,,,2026-07-26,,,
greg-little-ot-mis-2019,2019,Greg Little,OT,Mississippi,2,50,"Jack Lichtenstein Consensus Big Board — 14 of 17 component boards, re-averaged",6052,310,10.25,35.25,5.33,,25,113,,4.74,,,,,,,2,37,Carolina,,2026-05-04,,,
greg-mabin-cb--2017,2017,Greg Mabin,CB,,,,Wide Left Consensus Big Board (Arif Hasan) — wideleft.football,,,,,,,,,,,,,,,,,,,,,2026-07-26,,,
greg-milhouse-dt--2016,2016,Greg Milhouse,DT,,7,298,Wide Left Consensus Big Board (Arif Hasan) — wideleft.football,,,,,,,,,,,,,,,,,,,,,2026-07-26,,,106.6
greg-newsome-ii-cb-nor-2021,2021,Greg Newsome II,CB,Northwestern,1,23,Wide Left Consensus Big Board (Arif Hasan) — wideleft.football,6000,192,,,4.39,,40,123,6.9,4.26,18,,,,,,1,26,Cleveland,,2026-07-26,24,24,85.7
greg-pyke-iol--2017,2017,Greg Pyke,IOL,,,,Wide Left Consensus Big Board (Arif Hasan) — wideleft.football,,,,,,,,,,,,,,,,,,,,,2026-07-26,,,
greg-senat-ot-wag-2018,2018,Greg Senat,OT,Wagner,7,277,Wide Left Consensus Big Board (Arif Hasan) — wideleft.football,6062,302,9.875,34.875,5.38,1.82,26,106,7.41,4.71,19,,,,,,6,212,Baltimore,,2026-07-26,306,280,88.6
greg-stroman-cb-vir-2018,2018,Greg Stroman,CB,Virginia Tech,7,250,Wide Left Consensus Big Board (Arif Hasan) — wideleft.football,6000,180,8.75,29.875,4.48,,33.5,113,,4.45,16,,,,,,7,241,Washington,,2026-07-26,278,253,95.9
greg-ward-jr-wr-hou-2017,2017,Greg Ward Jr.,WR,Houston,,,Wide Left Consensus Big Board (Arif Hasan) — wideleft.football,5106,186,9.88,31.13,,,,,,,10,,,,,,,,,,2026-07-26,,,
gregory-junior-cb-oua-2022,2022,Gregory Junior,CB,Ouachita Baptist,7,292,Wide Left Consensus Big Board (Arif Hasan) — wideleft.football,,,,,,,,,,,,,,,,,6,197,Jacksonville,,2026-08-06,298,290,87.9
gregory-rousseau-edge-mia-2021,2021,Gregory Rousseau,EDGE,Miami,2,33,Wide Left Consensus Big Board (Arif Hasan) — wideleft.football,6060,266,,,4.68,,30,115,,,21,,,,,,1,30,Buffalo,,2026-07-26,29,35,106.5
griffin-hebert-te--2023,2023,Griffin Hebert,TE,,7,287,"Jack Lichtenstein Consensus Big Board — 14 of 17 component boards, re-averaged",,,,,,,,,,,,,,,,,,,,,2026-05-04,,,
griffin-oakes-st--2018,2018,Griffin Oakes,ST,,,,Wide Left Consensus Big Board (Arif Hasan) — wideleft.football,,,,,,,,,,,,K,,,,,,,,,2026-07-26,,,
grover-stewart-dt-alb-2017,2017,Grover Stewart,DT,Albany State (GA),7,264,Wide Left Consensus Big Board (Arif Hasan) — wideleft.football,,,,,,,,,,,,,,,,,4,144,Indianapolis,,2026-07-26,259,271,114
haason-reddick-lb-tem-2017,2017,Haason Reddick,LB,Temple,1,14,Wide Left Consensus Big Board (Arif Hasan) — wideleft.football,6014,237,10.13,32.75,4.52,,36.5,133,7.01,4.37,24,,,,,,1,13,Arizona,,2026-07-26,15,15,115.9
habakkuk-baldonado-edge-pit-2023,2023,Habakkuk Baldonado,EDGE,Pittsburgh,7,253,"Jack Lichtenstein Consensus Big Board — 14 of 17 component boards, re-averaged",6041,251,10.5,33,4.78,1.67,35,120,7.11,4.44,21,,,,,,,,,,2026-05-04,,,
hakeem-adeniji-ot-kan-2020,2020,Hakeem Adeniji,OT,Kansas,4,138,Wide Left Consensus Big Board (Arif Hasan) — wideleft.football,6043,302,10,33.75,5.17,1.78,34,115,,,26,,,,,,6,180,Cincinnati,,2026-07-26,141,140,
hakeem-butler-wr-iow-2019,2019,Hakeem Butler,WR,Iowa State,2,40,"Jack Lichtenstein Consensus Big Board — 14 of 17 component boards, re-averaged",6053,227,10.75,35.25,4.48,,36,128,,,18,,,,,,4,103,Arizona,,2026-05-04,,,
halapoulivaati-vaitai-ot-tcu-2016,2016,Halapoulivaati Vaitai,OT,TCU,7,239,Wide Left Consensus Big Board (Arif Hasan) — wideleft.football,6060,320,10.625,34.25,5.26,,29,113,8.26,5,23,,,,,,5,164,Philadelphia,,2026-07-26,,,88.9
hamilcar-rashed-jr-edge-ore-2021,2021,Hamilcar Rashed Jr.,EDGE,Oregon State,5,159,Wide Left Consensus Big Board (Arif Hasan) — wideleft.football,6023,251,10.125,33.75,4.58,,35.5,128,7.51,4.44,25,,,,,,,,,,2026-07-26,157,149,128.9
hamp-cheevers-cb-bos-2019,2019,Hamp Cheevers,CB,Boston College,7,273,"Jack Lichtenstein Consensus Big Board — 14 of 17 component boards, re-averaged",5093,169,8.625,30.5,4.52,,39,122,6.96,4.25,8,,,,,,,,,,2026-05-04,,,
hamsah-nasirildeen-s-flo-2021,2021,Hamsah Nasirildeen,S,Florida State,3,94,Wide Left Consensus Big Board (Arif Hasan) — wideleft.football,6032,215,10,34.25,,,32,,7.05,4.31,17,,,,,,6,186,NY Jets,,2026-07-26,105,89,95.3
hardy-nickerson-lb-ill-2017,2017,Hardy Nickerson,LB,Illinois,7,272,Wide Left Consensus Big Board (Arif Hasan) — wideleft.football,5115,232,10,32,4.78,,33,116,,4.38,18,,,,,,,,,,2026-07-26,268,278,88.1
harlan-miller-cb-se-2016,2016,Harlan Miller,CB,SE Louisiana,4,124,Wide Left Consensus Big Board (Arif Hasan) — wideleft.football,5117,182,9,31.375,4.65,,35.5,118,7.44,4.43,6,,,,,,6,205,Arizona,,2026-07-26,,,96.6
harold-landry-edge-bos-2018,2018,Harold Landry,EDGE,Boston College,1,13,Wide Left Consensus Big Board (Arif Hasan) — wideleft.football,6023,252,9.375,32.875,4.64,1.59,36,119,6.88,4.19,24,,,,,,2,41,Tennessee,,2026-07-26,25,12,103.8
harrison-bryant-te-flo-2020,2020,Harrison Bryant,TE,Florida Atlantic,4,104,Wide Left Consensus Big Board (Arif Hasan) — wideleft.football,6046,243,9.5,30.625,4.73,1.62,32.5,110,7.41,4.37,13,,,,,,4,115,Cleveland,,2026-07-26,81,118,
harrison-butker-st-geo-2017,2017,Harrison Butker,ST,Georgia Tech,,,Wide Left Consensus Big Board (Arif Hasan) — wideleft.football,6037,199,8.75,31.75,,,,,,,,K,,,,,7,233,Carolina,,2026-07-26,,,
harrison-hand-cb-tem-2020,2020,Harrison Hand,CB,Temple,5,173,Wide Left Consensus Big Board (Arif Hasan) — wideleft.football,5111,197,9.125,31.75,4.52,,41,133,7.15,4.27,14,,,,,,5,169,Minnesota,,2026-07-26,175,179,
harrison-phillips-dt-sta-2018,2018,Harrison Phillips,DT,Stanford,2,53,Wide Left Consensus Big Board (Arif Hasan) — wideleft.football,6032,307,10.375,33.875,5.21,1.79,32,103,7.28,4.5,42,,,,,,3,96,Buffalo,,2026-07-26,46,54,116.6
harry-crider-iol-ind-2021,2021,Harry Crider,IOL,Indiana,,,Wide Left Consensus Big Board (Arif Hasan) — wideleft.football,6027,307,8.875,32.75,5.25,,27,102,7.63,4.68,31,,,,,,,,,,2026-07-26,,,
harvey-langi-lb-byu-2017,2017,Harvey Langi,LB,BYU,7,243,Wide Left Consensus Big Board (Arif Hasan) — wideleft.football,6017,251,9.13,32.88,,,33,118,7,4.32,23,,,,,,,,,,2026-07-26,222,251,95
haskell-garrett-dt-ohi-2022,2022,Haskell Garrett,DT,Ohio State,5,166,Wide Left Consensus Big Board (Arif Hasan) — wideleft.football,6021,300,9.875,31.625,5.07,1.82,24,,,,,,,,,,,,,,2026-08-06,174,162,85.2
hassan-haskins-rb-mic-2022,2022,Hassan Haskins,RB,Michigan,5,162,Wide Left Consensus Big Board (Arif Hasan) — wideleft.football,6016,228,9.25,31.75,,,,,,,27,,,,,,4,131,Tennessee,,2026-08-06,193,156,84.7
hassan-ridgeway-dt-tex-2016,2016,Hassan Ridgeway,DT,Texas,3,88,Wide Left Consensus Big Board (Arif Hasan) — wideleft.football,6033,303,9.375,33,5.02,,32,113,8.28,4.82,24,,,,,,4,116,Indianapolis,,2026-07-26,,,92.8
haston-adams-dt--2018,2018,Haston Adams,DT,,,,Wide Left Consensus Big Board (Arif Hasan) — wideleft.football,,,,,,,,,,,,,,,,,,,,,2026-07-26,,,
hayden-hurst-te-sou-2018,2018,Hayden Hurst,TE,South Carolina,2,54,Wide Left Consensus Big Board (Arif Hasan) — wideleft.football,6044,250,9.75,32.75,4.67,,31.5,120,7.19,4.37,,,,,,,1,25,Baltimore,,2026-07-26,38,55,115.5
hayden-plinke-te-tex-2017,2017,Hayden Plinke,TE,Texas-El Paso,,,Wide Left Consensus Big Board (Arif Hasan) — wideleft.football,6042,264,10,32.5,4.97,,28,109,7.55,4.59,18,,,,,,,,,,2026-07-26,,,
heath-harding-cb--2018,2018,Heath Harding,CB,,,,Wide Left Consensus Big Board (Arif Hasan) — wideleft.football,,,,,,,,,,,,,,,,,,,,,2026-07-26,,,
hendon-hooker-qb-ten-2023,2023,Hendon Hooker,QB,Tennessee,2,64,"Jack Lichtenstein Consensus Big Board — 14 of 17 component boards, re-averaged",6032,217,10.5,33,,,,,,,,,,,,,3,68,Detroit,,2026-05-04,,,
henry-bainivalu-iol-was-2023,2023,Henry Bainivalu,IOL,Washington,7,300,"Jack Lichtenstein Consensus Big Board — 14 of 17 component boards, re-averaged",6056,306,10.75,34,5.5,1.87,28,101,8.34,4.97,,,,,,,,,,,2026-05-04,,,
henry-krieger-coble-te--2016,2016,Henry Krieger-Coble,TE,,6,216,Wide Left Consensus Big Board (Arif Hasan) — wideleft.football,,,,,,,,,,,,,,,,,,,,,2026-07-26,,,86.2
henry-mondeaux-dt--2018,2018,Henry Mondeaux,DT,,,,Wide Left Consensus Big Board (Arif Hasan) — wideleft.football,,,,,,,,,,,,,,,,,,,,,2026-07-26,,,
henry-ruggs-iii-wr-ala-2020,2020,Henry Ruggs III,WR,Alabama,1,14,Wide Left Consensus Big Board (Arif Hasan) — wideleft.football,5110,188,10.125,30.5,4.27,1.43,42,131,,,,,,,,,1,12,Las Vegas,,2026-07-26,15,13,
henry-too-too-lb-ala-2023,2023,Henry To'o-To'o,LB,Alabama,3,91,"Jack Lichtenstein Consensus Big Board — 14 of 17 component boards, re-averaged",6010,227,10.25,32.75,4.62,,32,116,,4.4,,,,,,,5,167,Houston,,2026-05-04,,,
hercules-mataafa-dt-was-2018,2018,Hercules Mata'afa,DT,Washington State,4,114,Wide Left Consensus Big Board (Arif Hasan) — wideleft.football,6022,254,10.25,31.5,4.76,1.64,31.5,108,7.24,4.37,26,Pass Rusher,,,,,,,,,2026-07-26,138,106,96.5
hjalte-froholdt-iol-ark-2019,2019,Hjalte Froholdt,IOL,Arkansas,5,174,"Jack Lichtenstein Consensus Big Board — 14 of 17 component boards, re-averaged",6045,306,9.75,31.25,5.2,,27.5,105,7.51,4.54,31,,,,,,4,118,New England,,2026-05-04,,,
holton-ahlers-qb--2023,2023,Holton Ahlers,QB,,7,357,"Jack Lichtenstein Consensus Big Board — 14 of 17 component boards, re-averaged",,,,,,,,,,,,,,,,,,,,,2026-05-04,,,
holton-hill-cb-tex-2018,2018,Holton Hill,CB,Texas,3,96,Wide Left Consensus Big Board (Arif Hasan) — wideleft.football,6015,200,9.625,32,4.49,,31,120,6.83,4.15,14,,,,,,,,,,2026-07-26,98,96,100.4
howard-wilson-cb-hou-2017,2017,Howard Wilson,CB,Houston,4,124,Wide Left Consensus Big Board (Arif Hasan) — wideleft.football,6005,184,9.63,31.38,4.57,,33.5,119,6.68,3.94,,,,,,,4,126,Cleveland,,2026-07-26,125,124,100.3
hunter-bradley-st-mis-2018,2018,Hunter Bradley,ST,Mississippi State,,,Wide Left Consensus Big Board (Arif Hasan) — wideleft.football,,,,,,,,,,,,LS,,,,,7,239,Green Bay,,2026-07-26,,,
hunter-bryant-te-was-2020,2020,Hunter Bryant,TE,Washington,3,98,Wide Left Consensus Big Board (Arif Hasan) — wideleft.football,6022,248,10.375,32,4.74,1.65,32.5,115,7.08,4.46,23,,,,,,,,,,2026-07-26,103,97,
hunter-dimick-edge--2017,2017,Hunter Dimick,EDGE,,7,217,Wide Left Consensus Big Board (Arif Hasan) — wideleft.football,,,,,,,,,,,,,,,,,,,,,2026-07-26,232,214,88.7
hunter-henry-te-ark-2016,2016,Hunter Henry,TE,Arkansas,2,45,Wide Left Consensus Big Board (Arif Hasan) — wideleft.football,6047,250,9.25,32.75,4.79,,,,,,13,,,,,,2,35,SDG,,2026-07-26,,,106.9
hunter-long-te-bos-2021,2021,Hunter Long,TE,Boston College,3,86,Wide Left Consensus Big Board (Arif Hasan) — wideleft.football,,,,,,,,,,,,,,,,,3,81,Miami,,2026-07-26,83,85,87.5
hunter-luepke-rb-nor-2023,2023,Hunter Luepke,RB,North Dakota State,7,244,"Jack Lichtenstein Consensus Big Board — 14 of 17 component boards, re-averaged",6012,230,9.625,31.5,,,,,,,,FB,,,,,,,,,2026-05-04,,,
hunter-renfrow-wr-cle-2019,2019,Hunter Renfrow,WR,Clemson,6,204,"Jack Lichtenstein Consensus Big Board — 14 of 17 component boards, re-averaged",5102,184,7.875,29.125,4.59,,35,116,6.8,4.19,7,,,,,,5,149,Las Vegas,,2026-05-04,,,
hunter-sharp-wr-uta-2016,2016,Hunter Sharp,WR,Utah State,7,296,Wide Left Consensus Big Board (Arif Hasan) — wideleft.football,5114,198,9.375,31.625,4.58,,32.5,116,7.12,4.19,12,,,,,,,,,,2026-07-26,,,86.6
ian-book-qb-not-2021,2021,Ian Book,QB,Notre Dame,7,237,Wide Left Consensus Big Board (Arif Hasan) — wideleft.football,6000,211,9.875,31.25,4.65,,32.5,115,6.99,4.19,,,,,,,4,133,New Orleans,,2026-07-26,198,234,77.4
ian-seau-edge--2016,2016,Ian Seau,EDGE,,,,Wide Left Consensus Big Board (Arif Hasan) — wideleft.football,,,,,,,,,,,,,,,,,,,,,2026-07-26,,,
ian-thomas-te-ind-2018,2018,Ian Thomas,TE,Indiana,3,93,Wide Left Consensus Big Board (Arif Hasan) — wideleft.football,6035,259,10,32.5,4.74,,36,123,7.15,4.2,,,,,,,4,101,Carolina,,2026-07-26,73,91,96.7
ifeadi-odenigbo-edge-nor-2017,2017,Ifeadi Odenigbo,EDGE,Northwestern,7,260,Wide Left Consensus Big Board (Arif Hasan) — wideleft.football,6030,258,10.5,32.63,4.72,,31.5,128,7.26,4.4,25,,,,,,7,220,Minnesota,,2026-07-26,282,270,112.7
ifeatu-melifonwu-cb-syr-2021,2021,Ifeatu Melifonwu,CB,Syracuse,2,56,Wide Left Consensus Big Board (Arif Hasan) — wideleft.football,6020,205,,,4.48,,41.5,134,7.01,4.34,16,,,,,,3,101,Detroit,,2026-07-26,61,54,90.3
ihmir-smith-marsette-wr-iow-2021,2021,Ihmir Smith-Marsette,WR,Iowa,5,171,Wide Left Consensus Big Board (Arif Hasan) — wideleft.football,6006,181,9.75,30.75,4.43,,37,124,7,4.2,,,,,,,5,157,Minnesota,,2026-07-26,209,145,88.2
ike-boettger-iol--2018,2018,Ike Boettger,IOL,,,,Wide Left Consensus Big Board (Arif Hasan) — wideleft.football,,,,,,,,,,,,,,,,,,,,,2026-07-26,,,
ikem-ekwonu-ot-nor-2022,2022,Ikem Ekwonu,OT,North Carolina State,1,5,Wide Left Consensus Big Board (Arif Hasan) — wideleft.football,6040,310,10.25,34,4.93,,29,108,7.82,4.73,,,,,,,1,6,Carolina,,2026-08-06,3,5,85.5
ikenna-enechukwu-edge-ric-2023,2023,Ikenna Enechukwu,EDGE,Rice,7,400,"Jack Lichtenstein Consensus Big Board — 14 of 17 component boards, re-averaged",6042,264,9.625,33.625,4.7,1.66,31.5,120,,,,,,,,,,,,,2026-05-04,,,
ilm-manning-iol--2023,2023,Ilm Manning,IOL,,7,430,"Jack Lichtenstein Consensus Big Board — 14 of 17 component boards, re-averaged",,,,,,,,,,,,,,,,,,,,,2026-05-04,,,
iman-marshall-cb-usc-2019,2019,Iman Marshall,CB,USC,6,199,"Jack Lichtenstein Consensus Big Board — 14 of 17 component boards, re-averaged",6010,207,,,4.53,,,,,,16,,,,,,4,127,Baltimore,,2026-05-04,,,
iosua-opeta-iol-web-2019,2019,Iosua Opeta,IOL,Weber State,7,323,"Jack Lichtenstein Consensus Big Board — 14 of 17 component boards, re-averaged",6040,301,,,5.02,,33,112,8.06,4.94,39,,,,,,,,,,2026-05-04,,,
ira-lewis-dt--2019,2019,Ira Lewis,DT,,7,372,"Jack Lichtenstein Consensus Big Board — 14 of 17 component boards, re-averaged",,,,,,,,,,,,,,,,,,,,,2026-05-04,,,
irv-smith-jr-te-ala-2019,2019,Irv Smith Jr.,TE,Alabama,2,53,"Jack Lichtenstein Consensus Big Board — 14 of 17 component boards, re-averaged",6023,242,9.5,31.5,4.63,,32.5,110,7.32,4.33,19,,,,,,2,50,Minnesota,,2026-05-04,,,
isaac-asiata-iol-uta-2017,2017,Isaac Asiata,IOL,Utah,4,114,Wide Left Consensus Big Board (Arif Hasan) — wideleft.football,6031,323,10.38,33.75,5.34,,25.5,102,7.83,4.93,35,,,,,,5,164,Miami,,2026-07-26,108,123,98.8
isaac-nauta-te-geo-2019,2019,Isaac Nauta,TE,Georgia,6,210,"Jack Lichtenstein Consensus Big Board — 14 of 17 component boards, re-averaged",6032,244,9.375,31.875,4.91,,28,,7.45,4.43,19,,,,,,7,224,Detroit,,2026-05-04,,,
isaac-rochell-dt-not-2017,2017,Isaac Rochell,DT,Notre Dame,6,183,Wide Left Consensus Big Board (Arif Hasan) — wideleft.football,6042,280,9.75,32.75,4.89,,31.5,114,,,25,Pass Rusher,,,,,7,225,LA Chargers,,2026-07-26,163,200,87.9
isaac-seumalo-iol-ore-2016,2016,Isaac Seumalo,IOL,Oregon State,4,107,Wide Left Consensus Big Board (Arif Hasan) — wideleft.football,6037,303,9.875,33,5.19,,26,105,7.4,4.52,,,,,,,3,79,Philadelphia,,2026-07-26,,,120.2
isaac-taylor-stuart-cb-usc-2022,2022,Isaac Taylor-Stuart,CB,USC,7,265,Wide Left Consensus Big Board (Arif Hasan) — wideleft.football,6014,201,9,31.5,4.42,,,123,,,,,,,,,,,,,2026-08-06,289,259,83
isaac-yiadom-cb-bos-2018,2018,Isaac Yiadom,CB,Boston College,4,117,Wide Left Consensus Big Board (Arif Hasan) — wideleft.football,6007,190,8.875,32.25,4.52,,,120,,4.18,8,,,,,,3,99,Denver,,2026-07-26,120,116,90.6
isaiah-bolden-cb-jac-2023,2023,Isaiah Bolden,CB,Jackson St.,7,397,"Jack Lichtenstein Consensus Big Board — 14 of 17 component boards, re-averaged",,,,,,,,,,,,,,,,,7,245,New England,,2026-05-04,,,
isaiah-buggs-dt-ala-2019,2019,Isaiah Buggs,DT,Alabama,5,142,"Jack Lichtenstein Consensus Big Board — 14 of 17 component boards, re-averaged",6031,306,9.25,31.25,5.15,1.82,24.5,96,8.01,4.83,20,,,,,,6,192,Pittsburgh,,2026-05-04,,,
isaiah-coulter-wr-rho-2020,2020,Isaiah Coulter,WR,Rhode Island,6,182,Wide Left Consensus Big Board (Arif Hasan) — wideleft.football,6017,198,9,31.75,4.45,1.51,36,121,7.28,4.62,,,,,,,5,171,Houston,,2026-07-26,137,192,
isaiah-ford-wr-vir-2017,2017,Isaiah Ford,WR,Virginia Tech,4,107,Wide Left Consensus Big Board (Arif Hasan) — wideleft.football,6010,194,9.25,32.63,4.61,,35.5,127,6.94,4.34,14,,,,,,7,237,Miami,,2026-07-26,150,104,98.3
isaiah-foskey-edge-not-2023,2023,Isaiah Foskey,EDGE,Notre Dame,2,56,"Jack Lichtenstein Consensus Big Board — 14 of 17 component boards, re-averaged",6051,264,9.875,34,4.58,1.66,34,125,7.28,4.41,22,,,,,,2,40,New Orleans,,2026-05-04,,,
isaiah-graham-mobley-lb-bos-2022,2022,Isaiah Graham-Mobley,LB,Boston College,,,Wide Left Consensus Big Board (Arif Hasan) — wideleft.football,6010,230,9.25,32,4.63,,34.5,124,,,,,,,,,,,,,2026-08-06,,,
isaiah-hodgins-wr-ore-2020,2020,Isaiah Hodgins,WR,Oregon State,5,150,Wide Left Consensus Big Board (Arif Hasan) — wideleft.football,6035,210,9.875,33.125,4.61,1.55,36.5,124,7.01,4.12,9,,,,,,6,207,Buffalo,,2026-07-26,167,139,
isaiah-johnson-cb-hou-2019,2019,Isaiah Johnson,CB,Houston,4,113,"Jack Lichtenstein Consensus Big Board — 14 of 17 component boards, re-averaged",6021,208,8.75,33,4.4,,36.5,133,6.81,4.06,,,,,,,4,129,Las Vegas,,2026-05-04,,,
isaiah-land-edge-flo-2023,2023,Isaiah Land,EDGE,Florida A&M,7,247,"Jack Lichtenstein Consensus Big Board — 14 of 17 component boards, re-averaged",6034,236,9.25,32.5,4.62,1.65,34.5,126,7.2,4.56,21,,,,,,,,,,2026-05-04,,,
isaiah-likely-te-coa-2022,2022,Isaiah Likely,TE,Coastal Carolina,3,97,Wide Left Consensus Big Board (Arif Hasan) — wideleft.football,6044,245,10,31.875,,,36,,,4.57,,,,,,,4,139,Baltimore,,2026-08-06,114,95,94.7
isaiah-mcduffie-lb-bos-2021,2021,Isaiah McDuffie,LB,Boston College,7,227,Wide Left Consensus Big Board (Arif Hasan) — wideleft.football,,,,,,,,,,,,,,,,,6,220,Green Bay,,2026-07-26,214,247,100.7
isaiah-mcguire-edge-mis-2023,2023,Isaiah McGuire,EDGE,Missouri,3,99,"Jack Lichtenstein Consensus Big Board — 14 of 17 component boards, re-averaged",6043,268,8.625,33.875,4.76,1.72,36.5,122,7.39,,,,,,,,4,126,Cleveland,,2026-05-04,,,
isaiah-mckenzie-wr-geo-2017,2017,Isaiah McKenzie,WR,Georgia,7,230,Wide Left Consensus Big Board (Arif Hasan) — wideleft.football,5074,173,8.88,28.88,4.42,,36,123,6.64,4.15,11,,,,,,5,172,Denver,,2026-07-26,241,244,94.6
isaiah-mckoy-wr-ken-2021,2021,Isaiah McKoy,WR,Kent St.,,,Wide Left Consensus Big Board (Arif Hasan) — wideleft.football,6020,200,,,4.68,,29.5,114,7.09,4.36,12,,,,,,,,,,2026-07-26,,,
isaiah-moore-lb-nor-2023,2023,Isaiah Moore,LB,North Carolina State,7,280,"Jack Lichtenstein Consensus Big Board — 14 of 17 component boards, re-averaged",6022,233,9.125,31.75,,,,,,,26,,,,,,,,,,2026-05-04,,,
isaiah-oliver-cb-col-2018,2018,Isaiah Oliver,CB,Colorado,2,37,Wide Left Consensus Big Board (Arif Hasan) — wideleft.football,6002,190,9.75,33.5,4.5,,,,,,,,,,,,2,58,Atlanta,,2026-07-26,35,38,83.1
isaiah-pola-mao-s--2022,2022,Isaiah Pola-Mao,S,,,,Wide Left Consensus Big Board (Arif Hasan) — wideleft.football,,,,,,,,,,,,,,,,,,,,,2026-08-06,,,
isaiah-prince-ot-ohi-2019,2019,Isaiah Prince,OT,Ohio State,5,152,"Jack Lichtenstein Consensus Big Board — 14 of 17 component boards, re-averaged",6064,305,10.125,35.5,5.09,,27,115,7.9,5.02,23,,,,,,6,202,Miami,,2026-05-04,,,
isaiah-rodgers-cb-mas-2020,2020,Isaiah Rodgers,CB,Massachusetts,,,Wide Left Consensus Big Board (Arif Hasan) — wideleft.football,,,,,,,,,,,,,,,,,6,211,Indianapolis,,2026-07-26,,,
isaiah-simmons-lb-cle-2020,2020,Isaiah Simmons,LB,Clemson,1,4,Wide Left Consensus Big Board (Arif Hasan) — wideleft.football,6035,238,9.625,33.375,4.39,,39,132,,,,,,,,,1,8,Arizona,,2026-07-26,3,4,
isaiah-spiller-rb-tex-2022,2022,Isaiah Spiller,RB,Texas A&M,2,63,Wide Left Consensus Big Board (Arif Hasan) — wideleft.football,6003,217,8.625,31.75,,,30,114,,,,,,,,,4,123,LA Chargers,,2026-08-06,61,63,83.6
isaiah-swann-cb--2020,2020,Isaiah Swann,CB,,,,Wide Left Consensus Big Board (Arif Hasan) — wideleft.football,,,,,,,,,,,,,,,,,,,,,2026-07-26,,,
isaiah-thomas-edge-okl-2022,2022,Isaiah Thomas,EDGE,Oklahoma,5,163,Wide Left Consensus Big Board (Arif Hasan) — wideleft.football,6047,266,10.25,33.25,4.7,1.66,31.5,117,,,,,,,,,7,223,Cleveland,,2026-08-06,176,158,97.4
isaiah-weston-wr-nor-2022,2022,Isaiah Weston,WR,Northern Iowa,7,242,Wide Left Consensus Big Board (Arif Hasan) — wideleft.football,6034,214,9.5,32.5,4.42,,40,135,,,20,,,,,,,,,,2026-08-06,234,256,97.7
isaiah-wilson-ot-geo-2020,2020,Isaiah Wilson,OT,Georgia,2,57,Wide Left Consensus Big Board (Arif Hasan) — wideleft.football,6064,350,10.25,35.5,5.32,1.79,29,110,8.26,5.07,26,,,,,,1,29,Tennessee,,2026-07-26,50,62,
isaiah-wright-wr--2020,2020,Isaiah Wright,WR,,,,Wide Left Consensus Big Board (Arif Hasan) — wideleft.football,,,,,,,,,,,,,,,,,,,,,2026-07-26,,,
isaiah-wynn-iol-geo-2018,2018,Isaiah Wynn,IOL,Georgia,1,15,Wide Left Consensus Big Board (Arif Hasan) — wideleft.football,6026,313,8.5,33.375,,,,,,,,,,,,,1,23,New England,,2026-07-26,26,15,95.1
isaiahh-loudermilk-dt-wis-2021,2021,Isaiahh Loudermilk,DT,Wisconsin,,,Wide Left Consensus Big Board (Arif Hasan) — wideleft.football,6063,274,10,32.625,5.08,,28.5,112,7.52,4.55,21,Pass Rusher,,,,,5,156,Pittsburgh,,2026-07-26,,,
isaih-pacheco-rb-rut-2022,2022,Isaih Pacheco,RB,Rutgers,7,253,Wide Left Consensus Big Board (Arif Hasan) — wideleft.football,5103,216,9.25,30.5,4.37,,33,118,,,,,,,,,7,251,Kansas City,,2026-08-06,236,254,84.6
ishmael-zamora-wr--2017,2017,Ishmael Zamora,WR,,,,Wide Left Consensus Big Board (Arif Hasan) — wideleft.football,,,,,,,,,,,,,,,,,,,,,2026-07-26,,,
israel-abanikanda-rb-pit-2023,2023,Israel Abanikanda,RB,Pittsburgh,3,98,"Jack Lichtenstein Consensus Big Board — 14 of 17 component boards, re-averaged",5101,216,8.25,32,,,,,,,,,,,,,5,143,NY Jets,,2026-05-04,,,
israel-mukuamu-cb-sou-2021,2021,Israel Mukuamu,CB,South Carolina,4,139,Wide Left Consensus Big Board (Arif Hasan) — wideleft.football,6041,212,9.375,34,,,36,,,,34,,,,,,6,227,Dallas,,2026-07-26,164,131,83.1
itavius-mathers-rb--2017,2017,I'Tavius Mathers,RB,,,,Wide Left Consensus Big Board (Arif Hasan) — wideleft.football,,,,,,,,,,,,,,,,,,,,,2026-07-26,,,
ito-smith-rb-sou-2018,2018,Ito Smith,RB,Southern Miss,7,226,Wide Left Consensus Big Board (Arif Hasan) — wideleft.football,,,,,,,,,,,,,,,,,4,126,Atlanta,,2026-07-26,259,233,81.1
ivan-pace-jr-lb-cin-2023,2023,Ivan Pace Jr.,LB,Cincinnati,5,146,"Jack Lichtenstein Consensus Big Board — 14 of 17 component boards, re-averaged",5104,231,9.5,30.25,,,,,,,,,,,,,,,,,2026-05-04,,,
jc-jackson-cb-mar-2018,2018,J.C. Jackson,CB,Maryland,6,202,Wide Left Consensus Big Board (Arif Hasan) — wideleft.football,5096,193,8.125,31.5,4.46,,35.5,120,,,14,,,,,,,,,,2026-07-26,193,182,100.2
jj-arcega-whiteside-wr-sta-2019,2019,J.J. Arcega-Whiteside,WR,Stanford,2,56,"Jack Lichtenstein Consensus Big Board — 14 of 17 component boards, re-averaged",6020,225,9.5,33.25,,,,,,,,,,,,,2,57,Philadelphia,,2026-05-04,,,
jj-dielman-iol-uta-2017,2017,J.J. Dielman,IOL,Utah,7,234,Wide Left Consensus Big Board (Arif Hasan) — wideleft.football,6050,309,,,,,,,,,27,,,,,,5,176,Cincinnati,,2026-07-26,221,222,98.4
jj-taylor-rb-ari-2020,2020,J.J. Taylor,RB,Arizona,7,241,Wide Left Consensus Big Board (Arif Hasan) — wideleft.football,5052,185,8.5,28.75,4.61,,34.5,118,7,4.15,19,,,,,,,,,,2026-07-26,287,221,
jk-dobbins-rb-ohi-2020,2020,J.K. Dobbins,RB,Ohio State,1,27,Wide Left Consensus Big Board (Arif Hasan) — wideleft.football,5094,209,9.5,29.75,,,,,,,23,,,,,,2,55,Baltimore,,2026-07-26,29,29,
jr-reed-s-geo-2020,2020,J.R. Reed,S,Georgia,5,155,Wide Left Consensus Big Board (Arif Hasan) — wideleft.football,6006,202,9.875,32.5,4.54,,34,130,,,15,,,,,,,,,,2026-07-26,163,159,
jabari-ruffin-lb--2017,2017,Jabari Ruffin,LB,,,,Wide Left Consensus Big Board (Arif Hasan) — wideleft.football,,,,,,,,,,,,,,,,,,,,,2026-07-26,,,
jabari-zuniga-edge-flo-2020,2020,Jabari Zuniga,EDGE,Florida,3,90,Wide Left Consensus Big Board (Arif Hasan) — wideleft.football,6033,264,10.375,32.875,4.64,1.61,33,127,,,29,,,,,,3,79,NY Jets,,2026-07-26,86,92,
jabril-cox-lb-lsu-2021,2021,Jabril Cox,LB,LSU,2,58,Wide Left Consensus Big Board (Arif Hasan) — wideleft.football,6032,232,9,32.75,,,,,,,,,,,,,4,115,Dallas,,2026-07-26,64,57,87.4
jabrill-peppers-s-mic-2017,2017,Jabrill Peppers,S,Michigan,1,29,Wide Left Consensus Big Board (Arif Hasan) — wideleft.football,5107,213,9.63,30.75,4.46,,35.5,128,,,19,,,,,,1,25,Cleveland,,2026-07-26,21,32,140.9
jace-sternberger-te-tex-2019,2019,Jace Sternberger,TE,Texas A&M,3,73,"Jack Lichtenstein Consensus Big Board — 14 of 17 component boards, re-averaged",6040,251,9.75,32.125,4.75,,31.5,113,7.19,4.31,17,,,,,,3,75,Green Bay,,2026-05-04,,,
jace-whittaker-cb--2020,2020,Jace Whittaker,CB,,,,Wide Left Consensus Big Board (Arif Hasan) — wideleft.football,,,,,,,,,,,,,,,,,,,,,2026-07-26,,,
jachai-polite-edge-flo-2019,2019,Jachai Polite,EDGE,Florida,2,62,"Jack Lichtenstein Consensus Big Board — 14 of 17 component boards, re-averaged",6025,258,9.75,32.625,4.84,1.71,32,,,,,,,,,,3,68,NY Jets,,2026-05-04,,,
jack-allen-iol-mic-2016,2016,Jack Allen,IOL,Michigan State,4,111,Wide Left Consensus Big Board (Arif Hasan) — wideleft.football,6012,294,10.125,32.25,5.29,,26.5,101,7.9,4.73,23,,,,,,,,,,2026-07-26,,,92.5
jack-anderson-iol-tex-2021,2021,Jack Anderson,IOL,Texas Tech,6,190,Wide Left Consensus Big Board (Arif Hasan) — wideleft.football,6045,314,10,31.875,5.28,,29.5,105,7.9,4.83,27,,,,,,7,236,Buffalo,,2026-07-26,179,186,81.9
jack-campbell-lb-iow-2023,2023,Jack Campbell,LB,Iowa,2,43,"Jack Lichtenstein Consensus Big Board — 14 of 17 component boards, re-averaged",6045,249,10.25,31.875,4.65,,37.5,128,6.74,4.24,,,,,,,1,18,Detroit,,2026-05-04,,,
jack-cichy-lb-wis-2018,2018,Jack Cichy,LB,Wisconsin,5,162,Wide Left Consensus Big Board (Arif Hasan) — wideleft.football,6021,238,9.5,32.125,,,,,,,18,,,,,,6,202,Tampa Bay,,2026-07-26,185,139,89.2
jack-coan-qb-not-2022,2022,Jack Coan,QB,Notre Dame,6,192,Wide Left Consensus Big Board (Arif Hasan) — wideleft.football,6032,218,9.5,31.125,4.9,,33,115,6.95,4.39,,,,,,,,,,,2026-08-06,181,192,86.2
jack-colletto-rb--2023,2023,Jack Colletto,RB,,7,408,"Jack Lichtenstein Consensus Big Board — 14 of 17 component boards, re-averaged",,,,,,,,,,,,FB,,,,,,,,,2026-05-04,,,
jack-conklin-ot-mic-2016,2016,Jack Conklin,OT,Michigan State,1,18,Wide Left Consensus Big Board (Arif Hasan) — wideleft.football,6056,308,10.375,35,5,,30,103,7.63,4.57,25,,,,,,1,8,Tennessee,,2026-07-26,,,90.1
jack-driscoll-ot-aub-2020,2020,Jack Driscoll,OT,Auburn,4,140,Wide Left Consensus Big Board (Arif Hasan) — wideleft.football,6045,306,9.875,33,5.02,1.74,29.5,114,,,23,,,,,,4,145,Philadelphia,,2026-07-26,150,143,
jack-fox-st-ric-2019,2019,Jack Fox,ST,Rice,7,407,"Jack Lichtenstein Consensus Big Board — 14 of 17 component boards, re-averaged",6024,213,9.25,31.75,4.73,,27.5,114,,,,P,,,,,,,,,2026-05-04,,,
jack-heflin-dt-iow-2021,2021,Jack Heflin,DT,Iowa,,,Wide Left Consensus Big Board (Arif Hasan) — wideleft.football,6030,304,9.375,32.5,5.3,,29,104,7.61,,,,,,,,,,,,2026-07-26,,,
jack-jones-cb-ari-2022,2022,Jack Jones,CB,Arizona State,7,235,Wide Left Consensus Big Board (Arif Hasan) — wideleft.football,5106,171,8.875,30.75,4.51,,,,,,,,,,,,4,121,New England,,2026-08-06,249,232,81.5
jack-sanborn-lb-wis-2022,2022,Jack Sanborn,LB,Wisconsin,6,191,Wide Left Consensus Big Board (Arif Hasan) — wideleft.football,6015,234,9.625,31.5,4.73,,34.5,114,,,20,,,,,,,,,,2026-08-06,231,186,81.6
jack-stoll-te-neb-2021,2021,Jack Stoll,TE,Nebraska,,,Wide Left Consensus Big Board (Arif Hasan) — wideleft.football,6036,247,10,33.125,4.6,,31.5,119,6.86,4.32,16,,,,,,,,,,2026-07-26,,,
jack-tocho-cb-nor-2017,2017,Jack Tocho,CB,North Carolina State,7,269,Wide Left Consensus Big Board (Arif Hasan) — wideleft.football,6002,202,9.38,31.63,4.54,,35,125,,,21,,,,,,7,245,Minnesota,,2026-07-26,257,250,91
jack-wohlabaugh-iol--2022,2022,Jack Wohlabaugh,IOL,,,,Wide Left Consensus Big Board (Arif Hasan) — wideleft.football,,,,,,,,,,,,,,,,,,,,,2026-08-06,,,
jackson-barton-ot-uta-2019,2019,Jackson Barton,OT,Utah,7,375,"Jack Lichtenstein Consensus Big Board — 14 of 17 component boards, re-averaged",6072,310,9.25,34,5.18,,27,109,7.85,4.66,25,,,,,,7,240,Indianapolis,,2026-05-04,,,
jackson-carman-ot-cle-2021,2021,Jackson Carman,OT,Clemson,3,73,Wide Left Consensus Big Board (Arif Hasan) — wideleft.football,6040,317,,,,,,,,,,,,,,,2,46,Cincinnati,,2026-07-26,82,71,93.8
jacob-breeland-te-ore-2020,2020,Jacob Breeland,TE,Oregon,6,205,Wide Left Consensus Big Board (Arif Hasan) — wideleft.football,6047,252,9.875,32.625,,,,,,,,,,,,,,,,,2026-07-26,257,195,
jacob-copeland-wr-mar-2023,2023,Jacob Copeland,WR,Maryland,7,328,"Jack Lichtenstein Consensus Big Board — 14 of 17 component boards, re-averaged",5112,201,8.625,31.625,4.42,,33,127,7.01,4.47,20,,,,,,,,,,2026-05-04,,,
jacob-eason-qb-was-2020,2020,Jacob Eason,QB,Washington,3,77,Wide Left Consensus Big Board (Arif Hasan) — wideleft.football,6057,231,9.5,32.875,4.89,,27.5,110,7.5,4.75,,,,,,,4,122,Indianapolis,,2026-07-26,63,84,
jacob-harris-wr-ucf-2021,2021,Jacob Harris,WR,UCF,7,257,Wide Left Consensus Big Board (Arif Hasan) — wideleft.football,6050,219,9.5,33.75,4.39,,40.5,133,6.54,4.31,15,,,,,,4,141,LA Rams,,2026-07-26,247,273,111.8
jacob-hollister-te--2017,2017,Jacob Hollister,TE,,,,Wide Left Consensus Big Board (Arif Hasan) — wideleft.football,,,,,,,,,,,,,,,,,,,,,2026-07-26,,,
jacob-huff-cb--2019,2019,Jacob Huff,CB,,7,254,"Jack Lichtenstein Consensus Big Board — 14 of 17 component boards, re-averaged",,,,,,,,,,,,,,,,,,,,,2026-05-04,,,
jacob-phillips-lb-lsu-2020,2020,Jacob Phillips,LB,LSU,5,154,Wide Left Consensus Big Board (Arif Hasan) — wideleft.football,6030,229,10,32.375,4.66,,39,126,7.38,4.33,,,,,,,3,97,Cleveland,,2026-07-26,105,161,
jacob-slade-dt--2023,2023,Jacob Slade,DT,,7,298,"Jack Lichtenstein Consensus Big Board — 14 of 17 component boards, re-averaged",,,,,,,,,,,,,,,,,,,,,2026-05-04,,,
jacoby-brissett-qb-nor-2016,2016,Jacoby Brissett,QB,North Carolina State,5,158,Wide Left Consensus Big Board (Arif Hasan) — wideleft.football,6036,231,9.75,32.25,4.94,,31,113,7.17,4.53,,,,,,,3,91,New England,,2026-07-26,,,83.1
jacoby-stevens-s-lsu-2021,2021,JaCoby Stevens,S,LSU,6,206,Wide Left Consensus Big Board (Arif Hasan) — wideleft.football,6010,212,,,4.63,,42,130,,,,,,,,,6,224,Philadelphia,,2026-07-26,205,204,90.8
jadakis-bonds-wr--2023,2023,Jadakis Bonds,WR,,7,358,"Jack Lichtenstein Consensus Big Board — 14 of 17 component boards, re-averaged",,,,,,,,,,,,,,,,,,,,,2026-05-04,,,
jadar-johnson-s-cle-2017,2017,Jadar Johnson,S,Clemson,7,237,Wide Left Consensus Big Board (Arif Hasan) — wideleft.football,6003,206,9.25,32,4.6,,33,119,6.9,4.2,19,,,,,,,,,,2026-07-26,197,236,95.3
jaden-oberkrom-st-tcu-2016,2016,Jaden Oberkrom,ST,TCU,,,Wide Left Consensus Big Board (Arif Hasan) — wideleft.football,6023,186,8.5,31.75,4.96,,,,,,,K,,,,,,,,,2026-07-26,,,
jaden-salley-iol--2022,2022,Jaden Salley,IOL,,,,Wide Left Consensus Big Board (Arif Hasan) — wideleft.football,,,,,,,,,,,,,,,,,,,,,2026-08-06,,,
jadon-haselwood-wr-ark-2023,2023,Jadon Haselwood,WR,Arkansas,7,317,"Jack Lichtenstein Consensus Big Board — 14 of 17 component boards, re-averaged",6022,215,10,31.25,4.66,,37,123,6.98,4.31,,,,,,,,,,,2026-05-04,,,
jaelan-phillips-edge-mia-2021,2021,Jaelan Phillips,EDGE,Miami,1,19,Wide Left Consensus Big Board (Arif Hasan) — wideleft.football,6054,260,9.75,33.25,4.56,,36,125,,,21,,,,,,1,18,Miami,,2026-07-26,20,19,113.2
jaelon-darden-wr-nor-2021,2021,Jaelon Darden,WR,North Texas,4,133,Wide Left Consensus Big Board (Arif Hasan) — wideleft.football,5075,174,8.75,30.625,4.47,,35.5,122,6.66,3.98,,,,,,,4,129,Tampa Bay,,2026-07-26,154,126,98.5
jaelyn-duncan-ot-mar-2023,2023,Jaelyn Duncan,OT,Maryland,3,102,"Jack Lichtenstein Consensus Big Board — 14 of 17 component boards, re-averaged",6055,306,9.25,33.625,5.1,1.78,31.5,113,,,,,,,,,6,186,Tennessee,,2026-05-04,,,
jahad-thomas-rb-tem-2017,2017,Jahad Thomas,RB,Temple,,,Wide Left Consensus Big Board (Arif Hasan) — wideleft.football,5096,190,9,30.13,4.62,,32,116,,,11,,,,,,,,,,2026-07-26,,,
jahan-dotson-wr-pen-2022,2022,Jahan Dotson,WR,Penn State,1,31,Wide Left Consensus Big Board (Arif Hasan) — wideleft.football,5105,178,9.5,30.75,4.43,,36,121,7.28,,,,,,,,1,16,Washington,,2026-08-06,30,32,81.6
jahlani-tavai-lb-haw-2019,2019,Jahlani Tavai,LB,Hawaii,4,121,"Jack Lichtenstein Consensus Big Board — 14 of 17 component boards, re-averaged",6023,250,9,31.875,,,,,,,,,,,,,2,43,Detroit,,2026-05-04,,,
jahleel-billingsley-te--2023,2023,Jahleel Billingsley,TE,,7,452,"Jack Lichtenstein Consensus Big Board — 14 of 17 component boards, re-averaged",,,,,,,,,,,,,,,,,,,,,2026-05-04,,,
jahmyr-gibbs-rb-ala-2023,2023,Jahmyr Gibbs,RB,Alabama,1,26,"Jack Lichtenstein Consensus Big Board — 14 of 17 component boards, re-averaged",5091,199,9.25,30.5,4.36,,33.5,,,,,,,,,,1,12,Detroit,,2026-05-04,,,
jahshawn-johnson-s--2019,2019,Jah'Shawn Johnson,S,,7,217,"Jack Lichtenstein Consensus Big Board — 14 of 17 component boards, re-averaged",,,,,,,,,,,,,,,,,,,,,2026-05-04,,,
jaire-alexander-cb-lou-2018,2018,Jaire Alexander,CB,Louisville,1,16,Wide Left Consensus Big Board (Arif Hasan) — wideleft.football,5102,192,9.5,31.125,4.38,,35,127,6.71,3.98,14,,,,,,1,18,Green Bay,,2026-07-26,17,16,95.5
jaivon-heiligh-wr--2022,2022,Jaivon Heiligh,WR,,7,250,Wide Left Consensus Big Board (Arif Hasan) — wideleft.football,,,,,,,,,,,,,,,,,,,,,2026-08-06,351,233,98.9
jake-andrews-iol-tro-2023,2023,Jake Andrews,IOL,Troy,7,260,"Jack Lichtenstein Consensus Big Board — 14 of 17 component boards, re-averaged",6026,305,10,31.875,5.15,1.8,26,102,,4.73,,,,,,,4,107,New England,,2026-05-04,,,
jake-bailey-st-sta-2019,2019,Jake Bailey,ST,Stanford,7,351,"Jack Lichtenstein Consensus Big Board — 14 of 17 component boards, re-averaged",6013,200,8.75,30,4.72,1.64,33,117,,,,P,,,,,5,163,New England,,2026-05-04,,,
jake-bobo-wr-ucl-2023,2023,Jake Bobo,WR,UCLA,7,347,"Jack Lichtenstein Consensus Big Board — 14 of 17 component boards, re-averaged",6040,206,10,32.25,,,,,,,,,,,,,,,,,2026-05-04,,,
jake-brendel-iol-ucl-2016,2016,Jake Brendel,IOL,UCLA,,,Wide Left Consensus Big Board (Arif Hasan) — wideleft.football,6041,303,9,31.625,5.01,,28,108,7.31,4.27,25,,,,,,,,,,2026-07-26,,,
jake-butt-te-mic-2017,2017,Jake Butt,TE,Michigan,3,82,Wide Left Consensus Big Board (Arif Hasan) — wideleft.football,6054,246,10,32,,,,,,,,,,,,,5,145,Denver,,2026-07-26,80,85,89.9
jake-camarda-st-geo-2022,2022,Jake Camarda,ST,Georgia,,,Wide Left Consensus Big Board (Arif Hasan) — wideleft.football,6011,193,9.5,30.5,4.56,,,,,,,P,,,,,4,133,Tampa Bay,,2026-08-06,,,
jake-coker-qb--2016,2016,Jake Coker,QB,,7,277,Wide Left Consensus Big Board (Arif Hasan) — wideleft.football,,,,,,,,,,,,,,,,,,,,,2026-07-26,,,85.9
jake-eldrenkamp-iol--2017,2017,Jake Eldrenkamp,IOL,,,,Wide Left Consensus Big Board (Arif Hasan) — wideleft.football,,,,,,,,,,,,,,,,,,,,,2026-07-26,,,
jake-elliott-st-mem-2017,2017,Jake Elliott,ST,Memphis,,,Wide Left Consensus Big Board (Arif Hasan) — wideleft.football,5092,167,9,29,4.79,,,,,,,K,,,,,5,153,Cincinnati,,2026-07-26,,,
jake-ferguson-te-wis-2022,2022,Jake Ferguson,TE,Wisconsin,4,135,Wide Left Consensus Big Board (Arif Hasan) — wideleft.football,6047,250,9.5,32.625,4.81,,31.5,118,7.03,4.48,15,,,,,,4,129,Dallas,,2026-08-06,155,133,85.7
jake-fromm-qb-geo-2020,2020,Jake Fromm,QB,Georgia,3,85,Wide Left Consensus Big Board (Arif Hasan) — wideleft.football,6017,219,8.875,31.125,5.01,,30,111,7.27,4.51,,,,,,,5,167,Buffalo,,2026-07-26,77,89,
jake-funk-rb-mar-2021,2021,Jake Funk,RB,Maryland,,,Wide Left Consensus Big Board (Arif Hasan) — wideleft.football,5102,204,9,30.25,4.49,,38,122,6.71,4.12,22,,,,,,7,233,LA Rams,,2026-07-26,,,
jake-haener-qb-fre-2023,2023,Jake Haener,QB,Fresno State,5,153,"Jack Lichtenstein Consensus Big Board — 14 of 17 component boards, re-averaged",5115,207,9.375,29.75,,,35,114,7.01,,,,,,,,4,127,New Orleans,,2026-05-04,,,
jake-hanson-iol-ore-2020,2020,Jake Hanson,IOL,Oregon,7,221,Wide Left Consensus Big Board (Arif Hasan) — wideleft.football,6043,303,9.25,32.75,5.5,1.95,,,,,33,,,,,,6,208,Green Bay,,2026-07-26,255,219,
jake-luton-qb-ore-2020,2020,Jake Luton,QB,Oregon State,7,246,Wide Left Consensus Big Board (Arif Hasan) — wideleft.football,6061,224,10.375,31.75,,,,,,,,,,,,,6,189,Jacksonville,,2026-07-26,241,244,
jake-martin-edge-tem-2018,2018,Jake Martin,EDGE,Temple,,,Wide Left Consensus Big Board (Arif Hasan) — wideleft.football,,,,,,,,,,,,,,,,,6,186,Seattle,,2026-07-26,,,
jake-mcgee-te-flo-2016,2016,Jake Mcgee,TE,Florida,7,231,Wide Left Consensus Big Board (Arif Hasan) — wideleft.football,6054,250,9.625,32.375,4.83,,,,,,17,,,,,,,,,,2026-07-26,,,97.8
jake-moody-st-mic-2023,2023,Jake Moody,ST,Michigan,7,289,"Jack Lichtenstein Consensus Big Board — 14 of 17 component boards, re-averaged",6005,209,9.5,30.875,,,,,,,,K,,,,,3,99,San Francisco,,2026-05-04,,,
jake-rudock-qb-mic-2016,2016,Jake Rudock,QB,Michigan,,,Wide Left Consensus Big Board (Arif Hasan) — wideleft.football,,,,,,,,,,,,,,,,,6,191,Detroit,,2026-07-26,,,
jake-verity-st--2021,2021,Jake Verity,ST,,,,Wide Left Consensus Big Board (Arif Hasan) — wideleft.football,,,,,,,,,,,,K,,,,,,,,,2026-07-26,,,
jake-wieneke-wr-sou-2018,2018,Jake Wieneke,WR,South Dakota State,7,243,Wide Left Consensus Big Board (Arif Hasan) — wideleft.football,6040,221,9.875,33,4.67,,34,114,7.24,4.37,9,,,,,,,,,,2026-07-26,229,273,76.9
jake-witt-ot-nor-2023,2023,Jake Witt,OT,Northern Michigan,7,361,"Jack Lichtenstein Consensus Big Board — 14 of 17 component boards, re-averaged",,,,,,,,,,,,,,,,,7,236,Indianapolis,,2026-05-04,,,
jakeem-grant-wr-tex-2016,2016,Jakeem Grant,WR,Texas Tech,7,293,Wide Left Consensus Big Board (Arif Hasan) — wideleft.football,,,,,,,,,,,,,,,,,6,186,Miami,,2026-07-26,,,95.5
jakobi-meyers-wr-nor-2019,2019,Jakobi Meyers,WR,North Carolina State,7,220,"Jack Lichtenstein Consensus Big Board — 14 of 17 component boards, re-averaged",6015,203,9.5,32,4.63,,37,118,7.07,4.23,13,,,,,,,,,,2026-05-04,,,
jakorian-bennett-cb-mar-2023,2023,Jakorian Bennett,CB,Maryland,4,136,"Jack Lichtenstein Consensus Big Board — 14 of 17 component boards, re-averaged",5105,188,9.125,31.875,4.3,,40.5,133,,,13,,,,,,4,104,Las Vegas,,2026-05-04,,,
jaleel-johnson-dt-iow-2017,2017,Jaleel Johnson,DT,Iowa,3,83,Wide Left Consensus Big Board (Arif Hasan) — wideleft.football,6025,316,9.63,33.25,5.38,,28,100,7.64,4.62,19,,,,,,4,109,Minnesota,,2026-07-26,86,89,100.9
jaleel-mclaughlin-rb--2023,2023,Jaleel McLaughlin,RB,,7,288,"Jack Lichtenstein Consensus Big Board — 14 of 17 component boards, re-averaged",,,,,,,,,,,,,,,,,,,,,2026-05-04,,,
jaleel-scott-wr-new-2018,2018,Jaleel Scott,WR,New Mexico State,6,196,Wide Left Consensus Big Board (Arif Hasan) — wideleft.football,6046,218,10,33.5,4.56,,34.5,124,7.2,4.4,16,,,,,,4,132,Baltimore,,2026-07-26,210,203,90.8
jalen-brooks-wr-sou-2023,2023,Jalen Brooks,WR,South Carolina,7,380,"Jack Lichtenstein Consensus Big Board — 14 of 17 component boards, re-averaged",,,,,,,,,,,,,,,,,7,244,Dallas,,2026-05-04,,,
jalen-camp-wr-geo-2021,2021,Jalen Camp,WR,Georgia Tech,7,300,Wide Left Consensus Big Board (Arif Hasan) — wideleft.football,6017,226,9.625,33.75,4.48,,39.5,125,7,4.14,29,,,,,,6,209,Jacksonville,,2026-07-26,269,316,97.8
jalen-carter-dt-geo-2023,2023,Jalen Carter,DT,Georgia,1,2,"Jack Lichtenstein Consensus Big Board — 14 of 17 component boards, re-averaged",6030,314,10.25,33.5,,,,,,,,,,,,,1,9,Philadelphia,,2026-05-04,,,
jalen-elliott-s-not-2020,2020,Jalen Elliott,S,Notre Dame,7,244,Wide Left Consensus Big Board (Arif Hasan) — wideleft.football,6003,205,9.125,31.75,4.8,1.62,34,125,6.87,4.3,15,,,,,,,,,,2026-07-26,275,232,
jalen-graham-lb-pur-2023,2023,Jalen Graham,LB,Purdue,7,312,"Jack Lichtenstein Consensus Big Board — 14 of 17 component boards, re-averaged",6017,220,9.875,33,4.64,,30.5,112,,,,,,,,,7,255,San Francisco,,2026-05-04,,,
jalen-green-cb--2022,2022,Jalen Green,CB,,,,Wide Left Consensus Big Board (Arif Hasan) — wideleft.football,,,,,,,,,,,,,,,,,,,,,2026-08-06,,,
jalen-hurd-wr-bay-2019,2019,Jalen Hurd,WR,Baylor,4,135,"Jack Lichtenstein Consensus Big Board — 14 of 17 component boards, re-averaged",6046,226,10.25,32,,,,,,,23,,,,,,3,67,San Francisco,,2026-05-04,,,
jalen-hurts-qb-okl-2020,2020,Jalen Hurts,QB,Oklahoma,3,71,Wide Left Consensus Big Board (Arif Hasan) — wideleft.football,6010,222,9.75,31.75,4.59,,35,125,,,,,,,,,2,53,Philadelphia,,2026-07-26,70,73,
jalen-jelks-edge-ore-2019,2019,Jalen Jelks,EDGE,Oregon,5,157,"Jack Lichtenstein Consensus Big Board — 14 of 17 component boards, re-averaged",6053,256,9.625,34.625,4.92,1.7,32.5,113,7.22,4.59,19,,,,,,7,241,Dallas,,2026-05-04,,,
jalen-mayfield-ot-mic-2021,2021,Jalen Mayfield,OT,Michigan,2,55,Wide Left Consensus Big Board (Arif Hasan) — wideleft.football,6052,326,9.75,32.625,,,,,,,,,,,,,3,68,Atlanta,,2026-07-26,46,55,141.2
jalen-mills-s-lsu-2016,2016,Jalen Mills,S,LSU,3,71,Wide Left Consensus Big Board (Arif Hasan) — wideleft.football,6000,191,9.125,31.125,4.61,,37,123,6.86,4,16,,,,,,7,233,Philadelphia,,2026-07-26,,,99.2
jalen-moreno-cropper-wr-fre-2023,2023,Jalen Moreno-Cropper,WR,Fresno State,7,226,"Jack Lichtenstein Consensus Big Board — 14 of 17 component boards, re-averaged",5110,172,8.875,30.125,4.4,,,121,,,,,,,,,,,,,2026-05-04,,,
jalen-myrick-cb-min-2017,2017,Jalen Myrick,CB,Minnesota,5,155,Wide Left Consensus Big Board (Arif Hasan) — wideleft.football,5095,200,8.75,31.63,4.28,,37.5,124,7.06,4.22,13,,,,,,7,222,Jacksonville,,2026-07-26,159,156,99.2
jalen-nailor-wr-mic-2022,2022,Jalen Nailor,WR,Michigan State,6,203,Wide Left Consensus Big Board (Arif Hasan) — wideleft.football,5112,186,9.125,30.25,4.5,,38,128,7.03,4.28,,,,,,,6,191,Minnesota,,2026-08-06,217,204,87.4
jalen-pitre-s-bay-2022,2022,Jalen Pitre,S,Baylor,2,41,Wide Left Consensus Big Board (Arif Hasan) — wideleft.football,5110,198,9,30.625,,,35,,6.74,4.18,16,,,,,,2,37,Houston,,2026-08-06,43,39,89.6
jalen-ramsey-cb-flo-2016,2016,Jalen Ramsey,CB,Florida State,1,2,Wide Left Consensus Big Board (Arif Hasan) — wideleft.football,6012,209,9.5,33.375,4.41,,41.5,135,6.94,4.18,14,,,,,,1,5,Jacksonville,,2026-07-26,,,84.1
jalen-reagor-wr-tcu-2020,2020,Jalen Reagor,WR,TCU,2,41,Wide Left Consensus Big Board (Arif Hasan) — wideleft.football,5105,206,9.5,31.375,4.47,1.52,42,138,7.31,4.46,17,,,,,,1,21,Philadelphia,,2026-07-26,46,38,
jalen-redmond-dt-okl-2023,2023,Jalen Redmond,DT,Oklahoma,5,163,"Jack Lichtenstein Consensus Big Board — 14 of 17 component boards, re-averaged",6023,291,10.125,32.625,4.81,1.71,34.5,116,7.3,4.51,27,Pass Rusher,,,,,,,,,2026-05-04,,,
jalen-reeves-maybin-lb-ten-2017,2017,Jalen Reeves-Maybin,LB,Tennessee,5,162,Wide Left Consensus Big Board (Arif Hasan) — wideleft.football,6003,230,9.63,32.25,,,,,,,,,,,,,4,124,Detroit,,2026-07-26,210,143,98.1
jalen-robinette-wr-air-2017,2017,Jalen Robinette,WR,Air Force,7,225,Wide Left Consensus Big Board (Arif Hasan) — wideleft.football,6027,220,10.88,32.38,4.62,,31.5,120,6.77,4.46,13,,,,,,,,,,2026-07-26,256,192,96.7
jalen-tolbert-wr-sou-2022,2022,Jalen Tolbert,WR,South Alabama,3,74,Wide Left Consensus Big Board (Arif Hasan) — wideleft.football,6011,194,10,32.25,4.49,,36,123,7.08,,,,,,,,3,88,Dallas,,2026-08-06,72,73,85.2
jalen-tolliver-wr--2018,2018,Jalen Tolliver,WR,,,,Wide Left Consensus Big Board (Arif Hasan) — wideleft.football,,,,,,,,,,,,,,,,,,,,,2026-07-26,,,
jalen-walker-cb--2021,2021,Jalen Walker,CB,,,,Wide Left Consensus Big Board (Arif Hasan) — wideleft.football,,,,,,,,,,,,,,,,,,,,,2026-07-26,,,
jalen-wayne-wr-sou-2023,2023,Jalen Wayne,WR,South Alabama,7,326,"Jack Lichtenstein Consensus Big Board — 14 of 17 component boards, re-averaged",6016,210,9.375,32.125,4.51,,34.5,124,,,,,,,,,,,,,2026-05-04,,,
jalen-wydermyer-te-tex-2022,2022,Jalen Wydermyer,TE,Texas A&M,5,178,Wide Left Consensus Big Board (Arif Hasan) — wideleft.football,6037,255,9.75,33.125,,,,,,,,,,,,,,,,,2026-08-06,194,170,95.4
jalin-hyatt-wr-ten-2023,2023,Jalin Hyatt,WR,Tennessee,2,48,"Jack Lichtenstein Consensus Big Board — 14 of 17 component boards, re-averaged",6001,176,9,32.5,4.4,,40,135,,,,,,,,,3,73,NY Giants,,2026-05-04,,,
jalin-marshall-wr-ohi-2016,2016,Jalin Marshall,WR,Ohio State,7,224,Wide Left Consensus Big Board (Arif Hasan) — wideleft.football,5104,200,9.625,31.5,4.6,,37.5,125,6.8,4.13,16,,,,,,,,,,2026-07-26,,,97.4
jalin-moore-rb-app-2019,2019,Jalin Moore,RB,Appalachian State,7,260,"Jack Lichtenstein Consensus Big Board — 14 of 17 component boards, re-averaged",5100,212,9.25,32.375,,,,,,,27,,,,,,,,,,2026-05-04,,,
jalyn-armour-davis-cb-ala-2022,2022,Jalyn Armour-Davis,CB,Alabama,4,110,Wide Left Consensus Big Board (Arif Hasan) — wideleft.football,6005,197,9.25,30.875,4.39,,34.5,,,,14,,,,,,4,119,Baltimore,,2026-08-06,110,114,123.1
jalyn-holmes-edge-ohi-2018,2018,Jalyn Holmes,EDGE,Ohio State,4,138,Wide Left Consensus Big Board (Arif Hasan) — wideleft.football,6047,283,10,34,4.82,1.67,32,,,,25,,,,,,4,102,Minnesota,,2026-07-26,100,138,88.3
jamaal-williams-rb-byu-2017,2017,Jamaal Williams,RB,BYU,4,120,Wide Left Consensus Big Board (Arif Hasan) — wideleft.football,6003,212,10,31.25,4.59,,30,123,7.25,4.53,,,,,,,4,134,Green Bay,,2026-07-26,178,117,122.5
jamal-adams-s-lsu-2017,2017,Jamal Adams,S,LSU,1,3,Wide Left Consensus Big Board (Arif Hasan) — wideleft.football,5116,214,9.25,33.38,4.56,,31.5,120,6.96,4.13,18,,,,,,1,6,NY Jets,,2026-07-26,4,4,123.9
jamal-agnew-cb-san-2017,2017,Jamal Agnew,CB,San Diego,,,Wide Left Consensus Big Board (Arif Hasan) — wideleft.football,,,,,,,,,,,,,,,,,5,165,Detroit,,2026-07-26,,,
jamal-carter-s-mia-2017,2017,Jamal Carter,S,Miami,,,Wide Left Consensus Big Board (Arif Hasan) — wideleft.football,6007,218,9.38,31,4.64,,35,122,,,19,,,,,,,,,,2026-07-26,,,
jamal-davis-edge-akr-2019,2019,Jamal Davis,EDGE,Akron,6,212,"Jack Lichtenstein Consensus Big Board — 14 of 17 component boards, re-averaged",6031,243,10.25,34.25,4.6,,39,122,7,4.44,19,,,,,,,,,,2026-05-04,,,
jamal-davis-ii-lb-akr-2019,2019,Jamal Davis II,LB,Akron,7,423,"Jack Lichtenstein Consensus Big Board — 14 of 17 component boards, re-averaged",6031,243,10.25,34.25,4.6,1.58,39,122,7,4.44,19,,,,,,,,,,2026-05-04,,,
jamal-golden-s--2016,2016,Jamal Golden,S,,,,Wide Left Consensus Big Board (Arif Hasan) — wideleft.football,,,,,,,,,,,,,,,,,,,,,2026-07-26,,,
jamal-hines-edge--2023,2023,Jamal Hines,EDGE,,7,378,"Jack Lichtenstein Consensus Big Board — 14 of 17 component boards, re-averaged",,,,,,,,,,,,,,,,,,,,,2026-05-04,,,
jamal-peters-cb-mis-2019,2019,Jamal Peters,CB,Mississippi State,7,276,"Jack Lichtenstein Consensus Big Board — 14 of 17 component boards, re-averaged",6016,218,9.75,32.375,4.63,,,,,,,,,,,,,,,,2026-05-04,,,
jamar-johnson-s-ind-2021,2021,Jamar Johnson,S,Indiana,3,96,Wide Left Consensus Big Board (Arif Hasan) — wideleft.football,6020,205,,,4.58,,35,122,7.22,4.41,17,,,,,,5,164,Denver,,2026-07-26,118,93,148.7
jamar-king-dt--2018,2018,Jamar King,DT,,,,Wide Left Consensus Big Board (Arif Hasan) — wideleft.football,,,,,,,,,,,,,,,,,,,,,2026-07-26,,,
jamar-summers-s--2018,2018,Jamar Summers,S,,,,Wide Left Consensus Big Board (Arif Hasan) — wideleft.football,,,,,,,,,,,,,,,,,,,,,2026-07-26,,,
jamar-watson-edge-ken-2021,2021,Jamar Watson,EDGE,Kentucky,,,Wide Left Consensus Big Board (Arif Hasan) — wideleft.football,6017,241,9.5,32.375,4.78,,30,,7.31,4.58,19,,,,,,,,,,2026-07-26,,,
jamarco-jones-ot-ohi-2018,2018,Jamarco Jones,OT,Ohio State,3,78,Wide Left Consensus Big Board (Arif Hasan) — wideleft.football,6040,299,9.5,35.125,5.5,1.95,24,102,8.32,4.99,,,,,,,5,168,Seattle,,2026-07-26,96,78,103.5
jamarcus-bradley-wr--2020,2020,Ja'Marcus Bradley,WR,,,,Wide Left Consensus Big Board (Arif Hasan) — wideleft.football,,,,,,,,,,,,,,,,,,,,,2026-07-26,,,
jamarcus-king-cb-sou-2018,2018,JaMarcus King,CB,South Carolina,,,Wide Left Consensus Big Board (Arif Hasan) — wideleft.football,6006,186,9.125,32.875,4.7,,,,,,,,,,,,,,,,2026-07-26,,,
jamaree-salyer-iol-geo-2022,2022,Jamaree Salyer,IOL,Georgia,3,80,Wide Left Consensus Big Board (Arif Hasan) — wideleft.football,6030,321,10,33.625,,,,,,,31,,,,,,6,195,LA Chargers,,2026-08-06,83,81,111.8
jamari-staples-wr-lou-2017,2017,Jamari Staples,WR,Louisville,7,232,Wide Left Consensus Big Board (Arif Hasan) — wideleft.football,6027,195,9.5,33.5,4.51,,36,130,,,,,,,,,,,,,2026-07-26,211,232,94.3
jamarr-chase-wr-lsu-2021,2021,Ja'Marr Chase,WR,LSU,1,4,Wide Left Consensus Big Board (Arif Hasan) — wideleft.football,6003,201,9.625,30.75,4.34,,41,132,6.96,3.99,,,,,,,1,5,Cincinnati,,2026-07-26,3,5,87.3
jamel-dean-cb-aub-2019,2019,Jamel Dean,CB,Auburn,3,97,"Jack Lichtenstein Consensus Big Board — 14 of 17 component boards, re-averaged",6010,206,9.125,31.75,4.3,,41,130,7.02,4.19,16,,,,,,3,94,Tampa Bay,,2026-05-04,,,
james-bradberry-cb-sam-2016,2016,James Bradberry,CB,Samford,4,137,Wide Left Consensus Big Board (Arif Hasan) — wideleft.football,6006,211,9.125,33,4.5,,36,124,6.91,4.21,16,,,,,,2,62,Carolina,,2026-07-26,,,87.6
james-burgess-lb--2016,2016,James Burgess,LB,,,,Wide Left Consensus Big Board (Arif Hasan) — wideleft.football,,,,,,,,,,,,,,,,,,,,,2026-07-26,,,
james-conner-rb-pit-2017,2017,James Conner,RB,Pittsburgh,4,134,Wide Left Consensus Big Board (Arif Hasan) — wideleft.football,6014,233,9.88,31.25,4.65,,29,113,,,20,,,,,,3,105,Pittsburgh,,2026-07-26,142,137,78.2
james-cook-rb-geo-2022,2022,James Cook,RB,Georgia,3,89,Wide Left Consensus Big Board (Arif Hasan) — wideleft.football,5110,199,9.375,30.75,4.42,,33,124,,,,,,,,,2,63,Buffalo,,2026-08-06,90,90,94.3
james-cowser-edge-sou-2016,2016,James Cowser,EDGE,Southern Utah,5,168,Wide Left Consensus Big Board (Arif Hasan) — wideleft.football,6031,248,10.25,32.875,4.82,,31.5,111,6.8,4.31,21,,,,,,,,,,2026-07-26,,,95.2
james-daniels-iol-iow-2018,2018,James Daniels,IOL,Iowa,1,29,Wide Left Consensus Big Board (Arif Hasan) — wideleft.football,6033,306,9.5,33.75,,,30.5,108,7.29,4.4,21,,,,,,2,39,Chicago,,2026-07-26,28,28,99.5
james-empey-iol--2022,2022,James Empey,IOL,,,,Wide Left Consensus Big Board (Arif Hasan) — wideleft.football,,,,,,,,,,,,,,,,,,,,,2026-08-06,,,
james-gardner-wr--2019,2019,James Gardner,WR,,7,419,"Jack Lichtenstein Consensus Big Board — 14 of 17 component boards, re-averaged",,,,,,,,,,,,,,,,,,,,,2026-05-04,,,
james-head-jr-dt--2022,2022,James Head Jr.,DT,,,,Wide Left Consensus Big Board (Arif Hasan) — wideleft.football,,,,,,,,,,,,,,,,,,,,,2026-08-06,,,
james-hearns-lb-lou-2018,2018,James Hearns,LB,Louisville,,,Wide Left Consensus Big Board (Arif Hasan) — wideleft.football,6024,239,9.375,32.5,4.89,,,,,,22,,,,,,,,,,2026-07-26,,,
james-houston-iv-lb-jac-2022,2022,James Houston IV,LB,Jackson St.,,,Wide Left Consensus Big Board (Arif Hasan) — wideleft.football,,,,,,,,,,,,,,,,,6,217,Detroit,,2026-08-06,,,
james-hudson-ot-cin-2021,2021,James Hudson,OT,Cincinnati,3,101,Wide Left Consensus Big Board (Arif Hasan) — wideleft.football,6040,313,,,5.27,,28.5,98,8.05,4.79,22,,,,,,4,110,Cleveland,,2026-07-26,89,104,106.6
james-looney-dt-cal-2018,2018,James Looney,DT,California,6,211,Wide Left Consensus Big Board (Arif Hasan) — wideleft.football,6026,287,10.5,32,4.89,1.67,35.5,113,7.32,4.37,28,Pass Rusher,,,,,7,232,Green Bay,,2026-07-26,299,195,114.7
james-lynch-dt-bay-2020,2020,James Lynch,DT,Baylor,3,101,Wide Left Consensus Big Board (Arif Hasan) — wideleft.football,6035,289,9.875,31.875,5.01,1.73,29,111,7.39,4.39,23,Pass Rusher,,,,,4,130,Minnesota,,2026-07-26,93,102,
james-mitchell-te-vir-2022,2022,James Mitchell,TE,Virginia Tech,6,216,Wide Left Consensus Big Board (Arif Hasan) — wideleft.football,6040,249,9.75,32.875,,,,,,,,,,,,,5,177,Detroit,,2026-08-06,212,208,84.8
james-morgan-qb-flo-2020,2020,James Morgan,QB,Florida International,6,183,Wide Left Consensus Big Board (Arif Hasan) — wideleft.football,6040,229,9.75,33.375,4.89,,29,112,7.51,4.64,,,,,,,4,125,NY Jets,,2026-07-26,161,186,
james-onwualu-lb--2017,2017,James Onwualu,LB,,,,Wide Left Consensus Big Board (Arif Hasan) — wideleft.football,,,,,,,,,,,,,,,,,,,,,2026-07-26,,,
james-proche-wr-smu-2020,2020,James Proche,WR,SMU,5,147,Wide Left Consensus Big Board (Arif Hasan) — wideleft.football,5105,201,9.625,29.75,,,34.5,,7.27,4.4,20,,,,,,6,201,Baltimore,,2026-07-26,135,148,
james-quick-wr-lou-2017,2017,James Quick,WR,Louisville,,,Wide Left Consensus Big Board (Arif Hasan) — wideleft.football,5117,186,9,30.75,4.6,,31,115,7,4.39,11,,,,,,,,,,2026-07-26,,,
james-robinson-rb-ill-2020,2020,James Robinson,RB,Illinois State,6,211,Wide Left Consensus Big Board (Arif Hasan) — wideleft.football,5090,219,8.75,29.625,4.64,,40,125,7.03,4.19,24,,,,,,,,,,2026-07-26,217,207,
james-smith-st--2021,2021,James Smith,ST,,,,Wide Left Consensus Big Board (Arif Hasan) — wideleft.football,6046,231,8.875,32.625,,,,,,,,P,,,,,,,,,2026-07-26,,,
james-smith-williams-edge-nor-2020,2020,James Smith-Williams,EDGE,North Carolina State,7,257,Wide Left Consensus Big Board (Arif Hasan) — wideleft.football,6035,265,9.25,33.75,4.6,1.62,32,123,7.35,4.52,28,,,,,,7,229,Washington,,2026-07-26,252,259,
james-washington-wr-okl-2018,2018,James Washington,WR,Oklahoma State,2,50,Wide Left Consensus Big Board (Arif Hasan) — wideleft.football,5110,213,9.75,32.375,4.54,,34.5,120,7.11,4.32,14,,,,,,2,60,Pittsburgh,,2026-07-26,53,52,81.9
james-wiggins-s-cin-2021,2021,James Wiggins,S,Cincinnati,4,138,Wide Left Consensus Big Board (Arif Hasan) — wideleft.football,5112,209,9.75,29,4.4,,38,127,,,22,,,,,,7,243,Arizona,,2026-07-26,167,139,105
james-williams-rb-was-2019,2019,James Williams,RB,Washington State,6,211,"Jack Lichtenstein Consensus Big Board — 14 of 17 component boards, re-averaged",5094,197,9.25,30.375,4.58,,36.5,118,7.01,4.25,,,,,,,,,,,2026-05-04,,,
jameson-williams-wr-ala-2022,2022,Jameson Williams,WR,Alabama,1,13,Wide Left Consensus Big Board (Arif Hasan) — wideleft.football,6014,179,9.25,32.125,,,,,,,,,,,,,1,12,Detroit,,2026-08-06,15,12,78.1
jamie-newman-qb-geo-2021,2021,Jamie Newman,QB,Georgia,5,160,Wide Left Consensus Big Board (Arif Hasan) — wideleft.football,6027,234,9.75,30.5,,,,,,,,,,,,,,,,,2026-07-26,182,157,81.6
jamien-sherwood-s-aub-2021,2021,Jamien Sherwood,S,Auburn,6,194,Wide Left Consensus Big Board (Arif Hasan) — wideleft.football,6016,216,10,34,4.76,,36,123,7.15,4.36,15,,,,,,5,146,NY Jets,,2026-07-26,185,207,99
jamil-demby-ot-mai-2018,2018,Jamil Demby,OT,Maine,7,239,Wide Left Consensus Big Board (Arif Hasan) — wideleft.football,6044,319,10,33.75,5.58,1.94,23.5,98,7.86,4.95,17,,,,,,6,192,LA Rams,,2026-07-26,252,235,87
jamin-davis-lb-ken-2021,2021,Jamin Davis,LB,Kentucky,2,38,Wide Left Consensus Big Board (Arif Hasan) — wideleft.football,6030,234,,,4.47,,42,132,,,,,,,,,1,19,Washington,,2026-07-26,33,42,127.8
jamir-jones-edge--2020,2020,Jamir Jones,EDGE,,,,Wide Left Consensus Big Board (Arif Hasan) — wideleft.football,,,,,,,,,,,,,,,,,,,,,2026-07-26,,,
jamir-tillman-wr--2017,2017,Jamir Tillman,WR,,,,Wide Left Consensus Big Board (Arif Hasan) — wideleft.football,,,,,,,,,,,,,,,,,,,,,2026-07-26,,,
jammie-robinson-s-flo-2023,2023,Jammie Robinson,S,Florida State,3,100,"Jack Lichtenstein Consensus Big Board — 14 of 17 component boards, re-averaged",5105,191,8.75,29.625,4.59,,33.5,116,,,23,,,,,,5,145,Carolina,,2026-05-04,,,
jamycal-hasty-rb-bay-2020,2020,JaMycal Hasty,RB,Baylor,6,215,Wide Left Consensus Big Board (Arif Hasan) — wideleft.football,5080,205,9.125,31.125,4.55,,39,123,,4.03,15,,,,,,,,,,2026-07-26,253,198,
janarius-robinson-edge-flo-2021,2021,Janarius Robinson,EDGE,Florida State,5,162,Wide Left Consensus Big Board (Arif Hasan) — wideleft.football,6053,266,10.875,35.25,,,,,,,,,,,,,4,134,Minnesota,,2026-07-26,197,161,114.2
jaquan-bailey-edge--2021,2021,JaQuan Bailey,EDGE,,,,Wide Left Consensus Big Board (Arif Hasan) — wideleft.football,6017,246,8.5,32,,,,,,,,,,,,,,,,,2026-07-26,,,
jaquan-brisker-s-pen-2022,2022,Jaquan Brisker,S,Penn State,2,38,Wide Left Consensus Big Board (Arif Hasan) — wideleft.football,6013,199,9.875,31.75,4.49,,34.5,124,,,22,,,,,,2,48,Chicago,,2026-08-06,50,37,94.3
jaquan-hardy-rb--2021,2021,JaQuan Hardy,RB,,,,Wide Left Consensus Big Board (Arif Hasan) — wideleft.football,5082,211,8.75,29.875,,,,,,,,,,,,,,,,,2026-07-26,,,
jaquan-johnson-s-mia-2019,2019,Jaquan Johnson,S,Miami,4,120,"Jack Lichtenstein Consensus Big Board — 14 of 17 component boards, re-averaged",5101,191,8.75,29.625,4.69,,33,121,,,18,,,,,,6,181,Buffalo,,2026-05-04,,,
jaquan-mcmillian-cb--2022,2022,Ja'Quan McMillian,CB,,,,Wide Left Consensus Big Board (Arif Hasan) — wideleft.football,,,,,,,,,,,,,,,,,,,,,2026-08-06,,,
jaquarii-roberson-wr--2022,2022,Jaquarii Roberson,WR,,7,293,Wide Left Consensus Big Board (Arif Hasan) — wideleft.football,,,,,,,,,,,,,,,,,,,,,2026-08-06,349,286,92.8
jaquelin-roy-dt-lsu-2023,2023,Jaquelin Roy,DT,LSU,4,115,"Jack Lichtenstein Consensus Big Board — 14 of 17 component boards, re-averaged",6033,305,10.125,32.75,,,,,8.01,5,30,,,,,,5,141,Minnesota,,2026-05-04,,,
jared-goff-qb-cal-2016,2016,Jared Goff,QB,California,1,7,Wide Left Consensus Big Board (Arif Hasan) — wideleft.football,6040,215,9,32.75,4.82,,27,110,7.17,4.47,,,,,,,1,1,LA Rams,,2026-07-26,,,104.5
jared-hilbers-ot--2020,2020,Jared Hilbers,OT,,,,Wide Left Consensus Big Board (Arif Hasan) — wideleft.football,,,,,,,,,,,,,,,,,,,,,2026-07-26,,,
jared-hocker-iol--2021,2021,Jared Hocker,IOL,,7,278,Wide Left Consensus Big Board (Arif Hasan) — wideleft.football,6060,327,11,33.125,,,,,,,,,,,,,,,,,2026-07-26,263,289,106.4
jared-mayden-s--2020,2020,Jared Mayden,S,,7,275,Wide Left Consensus Big Board (Arif Hasan) — wideleft.football,,,,,,,,,,,,,,,,,,,,,2026-07-26,267,285,
jared-norris-lb-uta-2016,2016,Jared Norris,LB,Utah,6,193,Wide Left Consensus Big Board (Arif Hasan) — wideleft.football,6012,241,10.125,31.5,4.8,,29.5,114,,4.52,19,,,,,,,,,,2026-07-26,,,93.9
jared-pinkney-te-van-2020,2020,Jared Pinkney,TE,Vanderbilt,5,178,Wide Left Consensus Big Board (Arif Hasan) — wideleft.football,6040,257,10.5,32.875,4.96,1.71,,,,,23,,,,,,,,,,2026-07-26,178,172,
jared-wayne-wr--2023,2023,Jared Wayne,WR,,7,316,"Jack Lichtenstein Consensus Big Board — 14 of 17 component boards, re-averaged",,,,,,,,,,,,,,,,,,,,,2026-05-04,,,
jarell-broxton-iol--2016,2016,Jarell Broxton,IOL,,,,Wide Left Consensus Big Board (Arif Hasan) — wideleft.football,,,,,,,,,,,,,,,,,,,,,2026-07-26,,,
jaren-hall-qb-byu-2023,2023,Jaren Hall,QB,BYU,5,178,"Jack Lichtenstein Consensus Big Board — 14 of 17 component boards, re-averaged",6001,207,9.5,29.75,,,,,,,,,,,,,5,164,Minnesota,,2026-05-04,,,
jaret-patterson-rb-buf-2021,2021,Jaret Patterson,RB,Buffalo,5,164,Wide Left Consensus Big Board (Arif Hasan) — wideleft.football,5060,195,,,4.59,,30,117,7.03,4.35,19,,,,,,,,,,2026-07-26,187,159,81.9
jarrad-davis-lb-flo-2017,2017,Jarrad Davis,LB,Florida,2,35,Wide Left Consensus Big Board (Arif Hasan) — wideleft.football,6013,238,9.75,33.5,,,,,,,,,,,,,1,21,Detroit,,2026-07-26,30,38,91.6
jarran-reed-dt-ala-2016,2016,Jarran Reed,DT,Alabama,1,19,Wide Left Consensus Big Board (Arif Hasan) — wideleft.football,6027,307,10.5,33.375,5.21,,31,104,7.77,4.75,,,,,,,2,49,Seattle,,2026-07-26,,,94.9
jarrett-patterson-iol-not-2023,2023,Jarrett Patterson,IOL,Notre Dame,6,185,"Jack Lichtenstein Consensus Big Board — 14 of 17 component boards, re-averaged",6051,306,10,31.375,5.33,1.82,29.5,106,7.96,4.73,22,,,,,,6,201,Houston,,2026-05-04,,,
jarrett-stidham-qb-aub-2019,2019,Jarrett Stidham,QB,Auburn,4,138,"Jack Lichtenstein Consensus Big Board — 14 of 17 component boards, re-averaged",6023,218,9.125,32,4.81,,31,110,7.28,4.33,,,,,,,4,133,New England,,2026-05-04,,,
jarrick-bernard-converse-cb-lsu-2023,2023,Jarrick Bernard-Converse,CB,LSU,7,224,"Jack Lichtenstein Consensus Big Board — 14 of 17 component boards, re-averaged",,,,,,,,,,,,,,,,,6,204,NY Jets,,2026-05-04,,,
jarron-jones-dt-not-2017,2017,Jarron Jones,DT,Notre Dame,5,170,Wide Left Consensus Big Board (Arif Hasan) — wideleft.football,6056,316,10.5,35.5,5.33,,20.5,,,,22,,,,,,,,,,2026-07-26,170,171,83.1
jartavius-martin-s-ill-2023,2023,Jartavius Martin,S,Illinois,3,72,"Jack Lichtenstein Consensus Big Board — 14 of 17 component boards, re-averaged",5110,194,,,4.46,,44,133,,,15,,,,,,2,47,Washington,,2026-05-04,,,
jaryd-jones-smith-ot-pit-2018,2018,Jaryd Jones-Smith,OT,Pittsburgh,7,291,Wide Left Consensus Big Board (Arif Hasan) — wideleft.football,6064,317,10,36.25,5.22,1.77,27,109,8.1,4.94,16,,,,,,,,,,2026-07-26,320,292,89.2
jashaun-corbin-rb-flo-2022,2022,Jashaun Corbin,RB,Florida State,7,269,Wide Left Consensus Big Board (Arif Hasan) — wideleft.football,5111,202,9.5,31.5,,,,,,,,,,,,,,,,,2026-08-06,327,262,115.7
jashon-cornell-dt-ohi-2020,2020,Jashon Cornell,DT,Ohio State,,,Wide Left Consensus Big Board (Arif Hasan) — wideleft.football,,,,,,,,,,,,,,,,,7,235,Detroit,,2026-07-26,,,
jasir-taylor-cb-wak-2022,2022,Ja'Sir Taylor,CB,Wake Forest,,,Wide Left Consensus Big Board (Arif Hasan) — wideleft.football,,,,,,,,,,,,,,,,,6,214,LA Chargers,,2026-08-06,,,
jason-brownlee-wr-sou-2023,2023,Jason Brownlee,WR,Southern Miss,7,284,"Jack Lichtenstein Consensus Big Board — 14 of 17 component boards, re-averaged",6020,198,9.75,33.75,4.59,,39.5,131,,,16,,,,,,,,,,2026-05-04,,,
jason-cabinda-lb-pen-2018,2018,Jason Cabinda,LB,Penn State,7,247,Wide Left Consensus Big Board (Arif Hasan) — wideleft.football,6010,239,9.625,32,,,,,,,19,,,,,,,,,,2026-07-26,264,247,81.5
jason-carr-dt--2017,2017,Jason Carr,DT,,,,Wide Left Consensus Big Board (Arif Hasan) — wideleft.football,,,,,,,,,,,,,,,,,,,,,2026-07-26,,,
jason-croom-te--2017,2017,Jason Croom,TE,,,,Wide Left Consensus Big Board (Arif Hasan) — wideleft.football,,,,,,,,,,,,,,,,,,,,,2026-07-26,,,
jason-fanaika-edge-uta-2016,2016,Jason Fanaika,EDGE,Utah,5,160,Wide Left Consensus Big Board (Arif Hasan) — wideleft.football,6016,271,9.875,32.625,4.92,,35.5,113,7.06,4.39,23,,,,,,,,,,2026-07-26,,,82.2
jason-huntley-rb-new-2020,2020,Jason Huntley,RB,New Mexico State,,,Wide Left Consensus Big Board (Arif Hasan) — wideleft.football,,,,,,,,,,,,,,,,,5,172,Detroit,,2026-07-26,,,
jason-pinnock-cb-pit-2021,2021,Jason Pinnock,CB,Pittsburgh,7,292,Wide Left Consensus Big Board (Arif Hasan) — wideleft.football,6004,204,9.125,32.375,4.49,,39.5,128,6.9,4.1,15,,,,,,5,175,NY Jets,,2026-07-26,293,292,112.7
jason-poe-iol--2022,2022,Jason Poe,IOL,,,,Wide Left Consensus Big Board (Arif Hasan) — wideleft.football,,,,,,,,,,,,,,,,,,,,,2026-08-06,,,
jason-sanders-st-new-2018,2018,Jason Sanders,ST,New Mexico,,,Wide Left Consensus Big Board (Arif Hasan) — wideleft.football,,,,,,,,,,,,K,,,,,7,229,Miami,,2026-07-26,,,
jason-spriggs-ot-ind-2016,2016,Jason Spriggs,OT,Indiana,2,37,Wide Left Consensus Big Board (Arif Hasan) — wideleft.football,6055,301,10.125,34,4.94,,31.5,115,7.7,4.44,31,,,,,,2,48,Green Bay,,2026-07-26,,,92.9
jason-strowbridge-edge-nor-2020,2020,Jason Strowbridge,EDGE,North Carolina,4,123,Wide Left Consensus Big Board (Arif Hasan) — wideleft.football,6042,275,10.125,32.375,4.89,1.72,31,113,7.45,4.37,26,,,,,,5,154,Miami,,2026-07-26,97,132,
jason-taylor-ii-s-okl-2023,2023,Jason Taylor II,S,Oklahoma State,6,204,"Jack Lichtenstein Consensus Big Board — 14 of 17 component boards, re-averaged",5115,204,10,32,4.5,,43,129,,,14,,,,,,7,234,LA Rams,,2026-05-04,,,
jatavis-brown-lb-akr-2016,2016,Jatavis Brown,LB,Akron,5,163,Wide Left Consensus Big Board (Arif Hasan) — wideleft.football,,,,,,,,,,,,,,,,,5,175,SDG,,2026-07-26,,,95.7
jatyre-carter-ot-sou-2022,2022,J'Atyre Carter,OT,Southern,7,261,Wide Left Consensus Big Board (Arif Hasan) — wideleft.football,6033,311,10.25,33.625,5.13,,30,108,7.84,4.9,,,,,,,7,226,Chicago,,2026-08-06,282,263,81.6
jauan-jennings-wr-ten-2020,2020,Jauan Jennings,WR,Tennessee,6,194,Wide Left Consensus Big Board (Arif Hasan) — wideleft.football,6031,215,9,31.625,4.72,1.58,29,119,,,,,,,,,7,217,San Francisco,,2026-07-26,269,168,
javaris-davis-cb-aub-2020,2020,Javaris Davis,CB,Auburn,6,196,Wide Left Consensus Big Board (Arif Hasan) — wideleft.football,5084,183,8.875,30.625,4.39,,35.5,124,,,11,,,,,,,,,,2026-07-26,145,222,
javelin-guidry-cb-uta-2020,2020,Javelin Guidry,CB,Utah,7,217,Wide Left Consensus Big Board (Arif Hasan) — wideleft.football,5090,191,9,31.25,4.29,,,,,,21,,,,,,,,,,2026-07-26,228,214,
javian-hawkins-rb-lou-2021,2021,Javian Hawkins,RB,Louisville,5,176,Wide Left Consensus Big Board (Arif Hasan) — wideleft.football,5081,183,7.875,29.25,4.46,,36,116,6.98,4.23,,,,,,,,,,,2026-07-26,188,169,72.3
javon-hargrave-dt-sou-2016,2016,Javon Hargrave,DT,South Carolina State,3,76,Wide Left Consensus Big Board (Arif Hasan) — wideleft.football,6013,309,9.625,32,4.93,,34.5,109,7.9,4.7,29,,,,,,3,89,Pittsburgh,,2026-07-26,,,95.1
javon-hicks-s--2022,2022,Ja'Von Hicks,S,,,,Wide Left Consensus Big Board (Arif Hasan) — wideleft.football,,,,,,,,,,,,,,,,,,,,,2026-08-06,,,
javon-kinlaw-dt-sou-2020,2020,Javon Kinlaw,DT,South Carolina,1,12,Wide Left Consensus Big Board (Arif Hasan) — wideleft.football,6051,324,10.5,34.875,,,,,,,,Run Stuffer,,,,,1,14,San Francisco,,2026-07-26,13,12,
javon-leake-rb-mar-2020,2020,Javon Leake,RB,Maryland,7,240,Wide Left Consensus Big Board (Arif Hasan) — wideleft.football,6001,215,9.625,31.5,4.65,,34,125,,,,,,,,,,,,,2026-07-26,244,238,
javon-mckinley-wr--2021,2021,Javon McKinley,WR,,,,Wide Left Consensus Big Board (Arif Hasan) — wideleft.football,,,,,,,,,,,,,,,,,,,,,2026-07-26,,,
javon-patterson-iol-mis-2019,2019,Javon Patterson,IOL,Mississippi,7,285,"Jack Lichtenstein Consensus Big Board — 14 of 17 component boards, re-averaged",6027,307,9,32.5,5.13,,27.5,98,7.72,4.78,27,,,,,,7,246,Indianapolis,,2026-05-04,,,
javon-rolland-jones-edge-ark-2018,2018,JaVon Rolland-Jones,EDGE,Arkansas State,7,274,Wide Left Consensus Big Board (Arif Hasan) — wideleft.football,6020,253,,,4.88,1.72,,,,,23,,,,,,,,,,2026-07-26,321,262,98.6
javon-wims-wr-geo-2018,2018,Javon Wims,WR,Georgia,6,197,Wide Left Consensus Big Board (Arif Hasan) — wideleft.football,6027,215,9.25,31.5,4.53,,33.5,113,7,,,,,,,,7,224,Chicago,,2026-07-26,196,207,79.3
javonte-williams-rb-nor-2021,2021,Javonte Williams,RB,North Carolina,2,36,Wide Left Consensus Big Board (Arif Hasan) — wideleft.football,5095,212,9.375,30.875,4.55,,36,123,6.97,4.09,22,,,,,,2,35,Denver,,2026-07-26,36,37,83
jawaan-taylor-ot-flo-2019,2019,Jawaan Taylor,OT,Florida,1,9,"Jack Lichtenstein Consensus Big Board — 14 of 17 component boards, re-averaged",6050,312,10,35.125,,,,,,,24,,,,,,2,35,Jacksonville,,2026-05-04,,,
jawhaun-bentley-lb-pur-2018,2018,Ja'Whaun Bentley,LB,Purdue,,,Wide Left Consensus Big Board (Arif Hasan) — wideleft.football,,,,,,,,,,,,,,,,,5,143,New England,,2026-07-26,,,
jaxon-player-dt--2023,2023,Jaxon Player,DT,,7,336,"Jack Lichtenstein Consensus Big Board — 14 of 17 component boards, re-averaged",,,,,,,,,,,,,,,,,,,,,2026-05-04,,,
jaxon-smith-njigba-wr-ohi-2023,2023,Jaxon Smith-Njigba,WR,Ohio State,1,12,"Jack Lichtenstein Consensus Big Board — 14 of 17 component boards, re-averaged",6005,196,9,30.5,,,35,125,6.57,3.93,,,,,,,1,20,Seattle,,2026-05-04,,,
jaxson-kirkland-iol-was-2023,2023,Jaxson Kirkland,IOL,Washington,6,206,"Jack Lichtenstein Consensus Big Board — 14 of 17 component boards, re-averaged",6067,321,10.5,33.5,,,,,,,19,,,,,,,,,,2026-05-04,,,
jay-guillermo-iol--2017,2017,Jay Guillermo,IOL,,,,Wide Left Consensus Big Board (Arif Hasan) — wideleft.football,,,,,,,,,,,,,,,,,,,,,2026-07-26,,,
jay-lee-wr--2016,2016,Jay Lee,WR,,7,250,Wide Left Consensus Big Board (Arif Hasan) — wideleft.football,,,,,,,,,,,,,,,,,,,,,2026-07-26,,,103.8
jay-tufele-dt-usc-2021,2021,Jay Tufele,DT,USC,3,84,Wide Left Consensus Big Board (Arif Hasan) — wideleft.football,6021,305,9.375,32.5,5,,30,105,7.8,4.88,30,,,,,,4,106,Jacksonville,,2026-07-26,90,76,118.3
jay-ward-s-lsu-2023,2023,Jay Ward,S,LSU,5,150,"Jack Lichtenstein Consensus Big Board — 14 of 17 component boards, re-averaged",6006,188,8.25,32.5,4.55,,34.5,132,,,16,,,,,,4,134,Minnesota,,2026-05-04,,,
jay-woods-dt--2018,2018,Jay Woods,DT,,,,Wide Left Consensus Big Board (Arif Hasan) — wideleft.football,,,,,,,,,,,,,,,,,,,,,2026-07-26,,,
jaycee-horn-cb-sou-2021,2021,Jaycee Horn,CB,South Carolina,1,13,Wide Left Consensus Big Board (Arif Hasan) — wideleft.football,6006,205,9.125,33,4.39,,41.5,133,,,19,,,,,,1,8,Carolina,,2026-07-26,13,13,90
jayden-peevy-dt-tex-2022,2022,Jayden Peevy,DT,Texas A&M,7,220,Wide Left Consensus Big Board (Arif Hasan) — wideleft.football,6053,308,10.5,35.5,5.3,1.84,27,100,,,,,,,,,,,,,2026-08-06,203,224,91
jayden-reed-wr-mic-2023,2023,Jayden Reed,WR,Michigan State,3,90,"Jack Lichtenstein Consensus Big Board — 14 of 17 component boards, re-averaged",5107,187,9.125,30.5,4.45,,33.5,121,,4.29,,,,,,,2,50,Green Bay,,2026-05-04,,,
jaydon-micken-wr--2016,2016,Jaydon Micken,WR,,,,Wide Left Consensus Big Board (Arif Hasan) — wideleft.football,,,,,,,,,,,,,,,,,,,,,2026-07-26,,,
jaydon-mickens-wr--2016,2016,Jaydon Mickens,WR,,7,279,Wide Left Consensus Big Board (Arif Hasan) — wideleft.football,,,,,,,,,,,,,,,,,,,,,2026-07-26,,,85.2
jaylan-foster-s--2022,2022,Jaylan Foster,S,,,,Wide Left Consensus Big Board (Arif Hasan) — wideleft.football,,,,,,,,,,,,,,,,,,,,,2026-08-06,,,
jaylen-samuels-rb-nor-2018,2018,Jaylen Samuels,RB,North Carolina State,4,111,Wide Left Consensus Big Board (Arif Hasan) — wideleft.football,5114,225,9.25,31.375,4.54,,34.5,121,6.93,4.28,18,,,,,,5,165,Pittsburgh,,2026-07-26,128,109,93.7
jaylen-smith-wr-lou-2019,2019,Jaylen Smith,WR,Louisville,7,342,"Jack Lichtenstein Consensus Big Board — 14 of 17 component boards, re-averaged",6022,219,9.5,33.875,4.47,,34.5,122,7.55,4.48,14,,,,,,,,,,2026-05-04,,,
jaylen-twyman-dt-pit-2021,2021,Jaylen Twyman,DT,Pittsburgh,5,142,Wide Left Consensus Big Board (Arif Hasan) — wideleft.football,6016,301,10,32.125,5.4,,32.5,104,8,,40,,,,,,6,199,Minnesota,,2026-07-26,191,130,105
jaylen-waddle-wr-ala-2021,2021,Jaylen Waddle,WR,Alabama,1,7,Wide Left Consensus Big Board (Arif Hasan) — wideleft.football,5094,180,9.125,30.375,,,,,,,,,,,,,1,6,Miami,,2026-07-26,7,7,90.3
jaylen-watson-cb-was-2022,2022,Jaylen Watson,CB,Washington State,6,194,Wide Left Consensus Big Board (Arif Hasan) — wideleft.football,6020,197,9.625,32.25,4.51,,,,,,18,,,,,,7,243,Kansas City,,2026-08-06,202,195,98.8
jaylen-wright-rb--2022,2022,Jaylen Wright,RB,,,,Wide Left Consensus Big Board (Arif Hasan) — wideleft.football,,,,,,,,,,,,,,,,,,,,,2026-08-06,,,
jaylinn-hawkins-s-cal-2020,2020,Jaylinn Hawkins,S,California,7,263,Wide Left Consensus Big Board (Arif Hasan) — wideleft.football,6005,208,9.5,31.75,,,35.5,117,,,,,,,,,4,134,Atlanta,,2026-07-26,342,250,
jaylon-ferguson-edge-lou-2019,2019,Jaylon Ferguson,EDGE,Louisiana Tech,3,66,"Jack Lichtenstein Consensus Big Board — 14 of 17 component boards, re-averaged",6047,271,,34.5,,,,,,,,,,,,,3,85,Baltimore,,2026-05-04,,,
jaylon-johnson-cb-uta-2020,2020,Jaylon Johnson,CB,Utah,2,45,Wide Left Consensus Big Board (Arif Hasan) — wideleft.football,5117,193,9.375,31.375,4.5,,36.5,124,7.01,4.13,15,,,,,,2,50,Chicago,,2026-07-26,41,44,
jaylon-jones-cb-tex-2023,2023,Jaylon Jones,CB,Texas A&M,4,124,"Jack Lichtenstein Consensus Big Board — 14 of 17 component boards, re-averaged",6021,200,9,30.75,4.57,,38,122,6.88,4.3,14,,,,,,7,221,Indianapolis,,2026-05-04,,,
jaylon-moore-ot-wes-2021,2021,Jaylon Moore,OT,Western Michigan,6,210,Wide Left Consensus Big Board (Arif Hasan) — wideleft.football,6041,311,11,33.375,5.25,,30,106,7.77,4.67,27,,,,,,5,155,San Francisco,,2026-07-26,145,213,115.2
jaylon-smith-lb-not-2016,2016,Jaylon Smith,LB,Notre Dame,1,31,Wide Left Consensus Big Board (Arif Hasan) — wideleft.football,6020,223,9.5,33,4.67,,,,,,,,,,,,2,34,Dallas,,2026-07-26,,,162
jayon-brown-lb-ucl-2017,2017,Jayon Brown,LB,UCLA,6,215,Wide Left Consensus Big Board (Arif Hasan) — wideleft.football,6000,231,9.63,31.38,4.7,,31.5,120,,,17,,,,,,5,155,Tennessee,,2026-07-26,234,207,94.2
jayron-kearse-s-cle-2016,2016,Jayron Kearse,S,Clemson,5,145,Wide Left Consensus Big Board (Arif Hasan) — wideleft.football,6040,216,9.625,34.25,4.62,,31.5,124,7.06,,16,,,,,,7,244,Minnesota,,2026-07-26,,,97.9
jay-tee-tiuli-dt--2018,2018,Jay-Tee Tiuli,DT,,,,Wide Left Consensus Big Board (Arif Hasan) — wideleft.football,,,,,,,,,,,,,,,,,,,,,2026-07-26,,,
jazz-ferguson-wr-nor-2019,2019,Jazz Ferguson,WR,Northwestern St. (LA),7,314,"Jack Lichtenstein Consensus Big Board — 14 of 17 component boards, re-averaged",6045,227,9.25,34.25,4.45,,37,123,7.25,4.59,8,,,,,,,,,,2026-05-04,,,
jean-delance-ot--2022,2022,Jean Delance,OT,,,,Wide Left Consensus Big Board (Arif Hasan) — wideleft.football,,,,,,,,,,,,,,,,,,,,,2026-08-06,,,
jeb-blazevich-te--2018,2018,Jeb Blazevich,TE,,,,Wide Left Consensus Big Board (Arif Hasan) — wideleft.football,,,,,,,,,,,,,,,,,,,,,2026-07-26,,,
jedrick-wills-jr-ot-ala-2020,2020,Jedrick Wills Jr.,OT,Alabama,1,7,Wide Left Consensus Big Board (Arif Hasan) — wideleft.football,6042,312,10,34.25,5.05,1.81,34.5,113,,4.84,,,,,,,1,10,Cleveland,,2026-07-26,8,8,
jeff-driskel-qb-lou-2016,2016,Jeff Driskel,QB,Louisiana Tech,6,190,Wide Left Consensus Big Board (Arif Hasan) — wideleft.football,6040,234,9.75,33,4.56,,32,122,7.19,4.25,,,,,,,6,207,San Francisco,,2026-07-26,,,88
jeff-gladney-cb-tcu-2020,2020,Jeff Gladney,CB,TCU,1,31,Wide Left Consensus Big Board (Arif Hasan) — wideleft.football,5102,191,9,31.875,4.48,,37.5,124,7.26,,17,,,,,,1,31,Minnesota,,2026-07-26,39,31,
jeff-holland-edge-aub-2018,2018,Jeff Holland,EDGE,Auburn,4,119,Wide Left Consensus Big Board (Arif Hasan) — wideleft.football,6013,249,10.5,33.5,4.79,,,116,,,,,,,,,,,,,2026-07-26,134,120,109.8
jeff-okudah-cb-ohi-2020,2020,Jeff Okudah,CB,Ohio State,1,3,Wide Left Consensus Big Board (Arif Hasan) — wideleft.football,6011,205,9.125,32.625,4.48,,41,135,,,11,,,,,,1,3,Detroit,,2026-08-02,4,3,
jeff-overbaugh-st--2016,2016,Jeff Overbaugh,ST,,,,Wide Left Consensus Big Board (Arif Hasan) — wideleft.football,,,,,,,,,,,,LS,,,,,,,,,2026-07-26,,,
jeff-smith-wr--2019,2019,Jeff Smith,WR,,7,416,"Jack Lichtenstein Consensus Big Board — 14 of 17 component boards, re-averaged",,,,,,,,,,,,,,,,,,,,,2026-05-04,,,
jeff-thomas-wr-mia-2020,2020,Jeff Thomas,WR,Miami,7,250,Wide Left Consensus Big Board (Arif Hasan) — wideleft.football,5087,170,8.375,30.375,4.45,1.51,36.5,125,,,,,,,,,,,,,2026-07-26,281,248,
jeff-wilson-rb-nor-2018,2018,Jeff Wilson,RB,North Texas,,,Wide Left Consensus Big Board (Arif Hasan) — wideleft.football,5114,210,9.25,31.5,,,,,,,15,,,,,,,,,,2026-07-26,,,
jeffery-simmons-dt-mis-2019,2019,Jeffery Simmons,DT,Mississippi State,1,12,"Jack Lichtenstein Consensus Big Board — 14 of 17 component boards, re-averaged",,,,,,,,,,,,,,,,,1,19,Tennessee,,2026-05-04,,,
jeffery-whatley-dt--2020,2020,Jeffery Whatley,DT,,,,Wide Left Consensus Big Board (Arif Hasan) — wideleft.football,,,,,,,,,,,,,,,,,,,,,2026-07-26,,,
jeffrey-allison-lb--2019,2019,Jeffrey Allison,LB,,7,399,"Jack Lichtenstein Consensus Big Board — 14 of 17 component boards, re-averaged",5112,228,10,32.25,4.82,,31,115,7.2,4.45,12,,,,,,,,,,2026-05-04,,,
jeffrey-gunter-edge-coa-2022,2022,Jeffrey Gunter,EDGE,Coastal Carolina,6,193,Wide Left Consensus Big Board (Arif Hasan) — wideleft.football,6040,258,,,4.7,1.63,35.5,122,7.21,4.35,,,,,,,7,252,Cincinnati,,2026-08-06,221,193,78.7
jehu-chesson-wr-mic-2017,2017,Jehu Chesson,WR,Michigan,6,213,Wide Left Consensus Big Board (Arif Hasan) — wideleft.football,6027,204,9.13,33.25,4.47,,35.5,132,6.7,4.09,10,,,,,,4,139,Kansas City,,2026-07-26,180,220,80.3
jelani-hamilton-dt--2017,2017,Jelani Hamilton,DT,,,,Wide Left Consensus Big Board (Arif Hasan) — wideleft.football,,,,,,,,,,,,,,,,,,,,,2026-07-26,,,
jelani-woods-te-vir-2022,2022,Jelani Woods,TE,Virginia,3,98,Wide Left Consensus Big Board (Arif Hasan) — wideleft.football,6066,259,9.25,34.125,4.61,1.55,,,,,24,,,,,,3,73,Indianapolis,,2026-08-06,88,98,81.6
jenson-stoshak-wr--2016,2016,Jenson Stoshak,WR,,,,Wide Left Consensus Big Board (Arif Hasan) — wideleft.football,,,,,,,,,,,,,,,,,,,,,2026-07-26,,,
jerald-hawkins-ot-lsu-2016,2016,Jerald Hawkins,OT,LSU,3,93,Wide Left Consensus Big Board (Arif Hasan) — wideleft.football,6055,305,9.625,34.25,5.23,,23.5,100,8.19,4.89,23,,,,,,4,123,Pittsburgh,,2026-07-26,,,97.3
jerell-adams-te-sou-2016,2016,Jerell Adams,TE,South Carolina,4,113,Wide Left Consensus Big Board (Arif Hasan) — wideleft.football,6051,247,9,34.375,4.64,,32.5,117,7.05,4.31,,,,,,,6,184,NY Giants,,2026-07-26,,,84.7
jeremiah-gemmel-lb-nor-2022,2022,Jeremiah Gemmel,LB,North Carolina,7,240,Wide Left Consensus Big Board (Arif Hasan) — wideleft.football,6006,226,9.25,31.25,,,,,,,,,,,,,,,,,2026-08-06,240,234,106.1
jeremiah-kolone-iol--2018,2018,Jeremiah Kolone,IOL,,,,Wide Left Consensus Big Board (Arif Hasan) — wideleft.football,,,,,,,,,,,,,,,,,,,,,2026-07-26,,,
jeremiah-ledbetter-dt-ark-2017,2017,Jeremiah Ledbetter,DT,Arkansas,7,219,Wide Left Consensus Big Board (Arif Hasan) — wideleft.football,6031,280,10,34.25,4.84,,32.5,113,7.55,4.56,29,Pass Rusher,,,,,6,205,Detroit,,2026-07-26,190,226,92.3
jeremiah-martin-edge--2023,2023,Jeremiah Martin,EDGE,,7,374,"Jack Lichtenstein Consensus Big Board — 14 of 17 component boards, re-averaged",,,,,,,,,,,,,,,,,,,,,2026-05-04,,,
jeremiah-moon-lb-flo-2022,2022,Jeremiah Moon,LB,Florida,7,246,Wide Left Consensus Big Board (Arif Hasan) — wideleft.football,6046,249,10.125,35,4.76,,40.5,133,7.09,4.55,,,,,,,,,,,2026-08-06,281,239,104.9
jeremiah-owusu-koramoah-lb-not-2021,2021,Jeremiah Owusu-Koramoah,LB,Notre Dame,1,17,Wide Left Consensus Big Board (Arif Hasan) — wideleft.football,6014,221,8.875,33,,,36.5,124,6.8,4.15,,,,,,,2,52,Cleveland,,2026-07-26,14,17,110.9
jeremy-banks-lb-ten-2023,2023,Jeremy Banks,LB,Tennessee,7,235,"Jack Lichtenstein Consensus Big Board — 14 of 17 component boards, re-averaged",6006,232,9.5,32,4.53,,37.5,127,7.27,4.38,25,,,,,,,,,,2026-05-04,,,
jeremy-cash-s-duk-2016,2016,Jeremy Cash,S,Duke,2,64,Wide Left Consensus Big Board (Arif Hasan) — wideleft.football,6003,212,10,32.375,4.56,,,,,,,,,,,,,,,,2026-07-26,,,95.2
jeremy-chinn-s-sou-2020,2020,Jeremy Chinn,S,Southern Illinois,2,51,Wide Left Consensus Big Board (Arif Hasan) — wideleft.football,6030,221,9.625,32.125,4.45,1.53,41,138,,,20,,,,,,2,64,Carolina,,2026-07-26,59,51,
jeremy-clark-cb-mic-2017,2017,Jeremy Clark,CB,Michigan,7,296,Wide Left Consensus Big Board (Arif Hasan) — wideleft.football,6033,220,9.38,32.88,,,,,,,20,,,,,,6,197,NY Jets,,2026-07-26,327,293,86.7
jeremy-cutrer-cb--2017,2017,Jeremy Cutrer,CB,,7,231,Wide Left Consensus Big Board (Arif Hasan) — wideleft.football,,,,,,,,,,,,,,,,,,,,,2026-07-26,284,201,98.4
jeremy-lucien-cb--2023,2023,Jeremy Lucien,CB,,7,439,"Jack Lichtenstein Consensus Big Board — 14 of 17 component boards, re-averaged",,,,,,,,,,,,,,,,,,,,,2026-05-04,,,
jeremy-mcnichols-rb-boi-2017,2017,Jeremy McNichols,RB,Boise State,4,133,Wide Left Consensus Big Board (Arif Hasan) — wideleft.football,5085,214,10,31.5,4.49,,35.5,121,6.93,4.28,,,,,,,5,162,Tampa Bay,,2026-07-26,115,129,78.3
jeremy-reaves-s--2018,2018,Jeremy Reaves,S,,6,206,Wide Left Consensus Big Board (Arif Hasan) — wideleft.football,,,,,,,,,,,,,,,,,,,,,2026-07-26,268,199,128.6
jeremy-ruckert-te-ohi-2022,2022,Jeremy Ruckert,TE,Ohio State,3,82,Wide Left Consensus Big Board (Arif Hasan) — wideleft.football,6050,250,10.125,32.75,,,,,,,19,,,,,,3,101,NY Jets,,2026-08-06,82,82,104.8
jeremy-sprinkle-te-ark-2017,2017,Jeremy Sprinkle,TE,Arkansas,4,132,Wide Left Consensus Big Board (Arif Hasan) — wideleft.football,6047,252,10.75,34.5,4.69,,29,116,,,,,,,,,5,154,Washington,,2026-07-26,129,136,91.1
jermaine-carter-cb-mar-2018,2018,Jermaine Carter,CB,Maryland,,,Wide Left Consensus Big Board (Arif Hasan) — wideleft.football,,,,,,,,,,,,,,,,,5,161,Carolina,,2026-07-26,,,
jermaine-eluemunor-ot-tex-2017,2017,Jermaine Eluemunor,OT,Texas A&M,5,159,Wide Left Consensus Big Board (Arif Hasan) — wideleft.football,6037,332,9.5,33.25,5.22,,,,,,34,,,,,,5,159,Baltimore,,2026-07-26,161,188,106.4
jermaine-grace-lb--2017,2017,Jermaine Grace,LB,,,,Wide Left Consensus Big Board (Arif Hasan) — wideleft.football,,,,,,,,,,,,,,,,,,,,,2026-07-26,,,
jermaine-johnson-ii-edge-flo-2022,2022,Jermaine Johnson II,EDGE,Florida State,1,11,Wide Left Consensus Big Board (Arif Hasan) — wideleft.football,6045,254,9.875,34,4.58,,32,125,,,,,,,,,1,26,NY Jets,,2026-08-06,11,10,108.9
jermaine-kelly-s-san-2018,2018,Jermaine Kelly,S,San Jose State,,,Wide Left Consensus Big Board (Arif Hasan) — wideleft.football,,,,,,,,,,,,,,,,,7,222,Houston,,2026-07-26,,,
jermaine-waller-cb-vir-2022,2022,Jermaine Waller,CB,Virginia Tech,7,267,Wide Left Consensus Big Board (Arif Hasan) — wideleft.football,6001,180,9,31.125,4.68,,,,,,,,,,,,,,,,2026-08-06,331,247,99.6
jermar-jefferson-rb-ore-2021,2021,Jermar Jefferson,RB,Oregon State,5,158,Wide Left Consensus Big Board (Arif Hasan) — wideleft.football,5100,206,,,4.57,,31,115,7.38,4.38,13,,,,,,7,257,Detroit,,2026-07-26,181,154,80.2
jermayne-lole-edge--2023,2023,Jermayne Lole,EDGE,,7,480,"Jack Lichtenstein Consensus Big Board — 14 of 17 component boards, re-averaged",,,,,,,,,,,,,,,,,,,,,2026-05-04,,,
jerod-evans-qb-vir-2017,2017,Jerod Evans,QB,Virginia Tech,6,214,Wide Left Consensus Big Board (Arif Hasan) — wideleft.football,6026,232,9.38,33.13,4.8,,26.5,112,,4.41,,,,,,,,,,,2026-07-26,320,181,90
jerome-baker-lb-ohi-2018,2018,Jerome Baker,LB,Ohio State,3,88,Wide Left Consensus Big Board (Arif Hasan) — wideleft.football,6011,229,10.375,31.5,4.53,,36.5,126,,,22,,,,,,3,73,Miami,,2026-07-26,89,90,95.7
jerome-carvin-iol--2023,2023,Jerome Carvin,IOL,,7,412,"Jack Lichtenstein Consensus Big Board — 14 of 17 component boards, re-averaged",,,,,,,,,,,,,,,,,,,,,2026-05-04,,,
jerome-ford-rb-cin-2022,2022,Jerome Ford,RB,Cincinnati,4,130,Wide Left Consensus Big Board (Arif Hasan) — wideleft.football,5104,210,9.125,30.625,4.46,,31,118,,,,,,,,,5,156,Cleveland,,2026-08-06,182,121,87.8
jerome-johnson-dt-ind-2021,2021,Jerome Johnson,DT,Indiana,,,Wide Left Consensus Big Board (Arif Hasan) — wideleft.football,6020,296,,,5.12,,27.5,113,7.7,4.66,21,,,,,,,,,,2026-07-26,,,
jerome-lane-wr-akr-2017,2017,Jerome Lane,WR,Akron,,,Wide Left Consensus Big Board (Arif Hasan) — wideleft.football,6024,226,9.75,31.5,4.6,,35,125,6.87,4.12,16,,,,,,,,,,2026-07-26,,,
jeromy-irwin-ot--2018,2018,Jeromy Irwin,OT,,,,Wide Left Consensus Big Board (Arif Hasan) — wideleft.football,,,,,,,,,,,,,,,,,,,,,2026-07-26,,,
jerreth-sterns-wr--2022,2022,Jerreth Sterns,WR,,7,296,Wide Left Consensus Big Board (Arif Hasan) — wideleft.football,,,,,,,,,,,,,,,,,,,,,2026-08-06,430,285,104.3
jerrick-reed-ii-s-new-2023,2023,Jerrick Reed II,S,New Mexico,7,447,"Jack Lichtenstein Consensus Big Board — 14 of 17 component boards, re-averaged",,,,,,,,,,,,,,,,,6,198,Seattle,,2026-05-04,,,
jerrion-ealy-rb-mis-2022,2022,Jerrion Ealy,RB,Mississippi,7,229,Wide Left Consensus Big Board (Arif Hasan) — wideleft.football,5081,189,8.5,29.125,4.52,,34.5,128,,,,,,,,,,,,,2026-08-06,256,223,72.7
jerrod-clark-dt-coa-2023,2023,Jerrod Clark,DT,Coastal Carolina,6,203,"Jack Lichtenstein Consensus Big Board — 14 of 17 component boards, re-averaged",6035,334,9.75,33.75,5.25,1.82,27.5,102,7.6,4.83,,Run Stuffer,,,,,,,,,2026-05-04,,,
jerry-jeudy-wr-ala-2020,2020,Jerry Jeudy,WR,Alabama,1,8,Wide Left Consensus Big Board (Arif Hasan) — wideleft.football,6010,193,9.5,32.125,4.45,1.48,35,120,,4.53,,,,,,,1,15,Denver,,2026-07-26,7,9,
jerry-tillery-dt-not-2019,2019,Jerry Tillery,DT,Notre Dame,1,22,"Jack Lichtenstein Consensus Big Board — 14 of 17 component boards, re-averaged",6064,295,10.625,34.25,4.93,1.69,32,115,7.45,4.33,23,,,,,,1,28,LA Chargers,,2026-05-04,,,
jerry-ugokwe-ot-wil-2017,2017,Jerry Ugokwe,OT,William & Mary,,,Wide Left Consensus Big Board (Arif Hasan) — wideleft.football,6073,321,10.38,35.38,5.61,,26,103,8.35,5.17,18,,,,,,,,,,2026-07-26,,,
jessamen-dunker-iol-ten-2017,2017,Jessamen Dunker,IOL,Tennessee State,6,188,Wide Left Consensus Big Board (Arif Hasan) — wideleft.football,6042,318,10,33.5,4.98,,28.5,108,,,23,,,,,,,,,,2026-07-26,156,209,84
jesse-chapman-iol--2016,2016,Jesse Chapman,IOL,,,,Wide Left Consensus Big Board (Arif Hasan) — wideleft.football,,,,,,,,,,,,,,,,,,,,,2026-07-26,,,
jesse-luketa-lb-pen-2022,2022,Jesse Luketa,LB,Penn State,5,160,Wide Left Consensus Big Board (Arif Hasan) — wideleft.football,6027,253,10.375,32.625,4.89,1.68,37.5,114,,,,,,,,,7,256,Arizona,,2026-08-06,158,159,87.5
jessie-bates-iii-s-wak-2018,2018,Jessie Bates III,S,Wake Forest,2,57,Wide Left Consensus Big Board (Arif Hasan) — wideleft.football,6011,195,9.75,31.625,4.5,,35.5,117,6.78,4.26,,,,,,,2,54,Cincinnati,,2026-07-26,55,58,105.7
jester-weah-wr-pit-2018,2018,Jester Weah,WR,Pittsburgh,7,225,Wide Left Consensus Big Board (Arif Hasan) — wideleft.football,6022,211,9.625,31.125,4.43,,38,129,7.24,4.41,15,,,,,,,,,,2026-07-26,221,229,74.4
jevon-holland-s-ore-2021,2021,Jevon Holland,S,Oregon,2,52,Wide Left Consensus Big Board (Arif Hasan) — wideleft.football,6005,207,9.125,31.5,4.48,,35.5,126,,4.14,19,,,,,,2,36,Miami,,2026-07-26,57,50,80.6
jhamon-ausbon-wr--2021,2021,Jhamon Ausbon,WR,,,,Wide Left Consensus Big Board (Arif Hasan) — wideleft.football,6023,217,9.875,32.375,,,,,,,,,,,,,,,,,2026-07-26,,,
jhurell-pressley-rb--2016,2016,Jhurell Pressley,RB,,,,Wide Left Consensus Big Board (Arif Hasan) — wideleft.football,,,,,,,,,,,,,,,,,,,,,2026-07-26,,,
jiayir-brown-s-pen-2023,2023,Ji'Ayir Brown,S,Penn State,3,82,"Jack Lichtenstein Consensus Big Board — 14 of 17 component boards, re-averaged",5113,203,10.125,31.25,4.65,,32.5,119,,,18,,,,,,3,87,San Francisco,,2026-05-04,,,
jihad-ward-dt-ill-2016,2016,Jihad Ward,DT,Illinois,3,75,Wide Left Consensus Big Board (Arif Hasan) — wideleft.football,6051,297,9.375,33.875,5.11,,25,111,7.38,4.63,20,,,,,,2,44,Las Vegas,,2026-07-26,,,110.1
jimmy-bean-edge-okl-2016,2016,Jimmy Bean,EDGE,Oklahoma State,,,Wide Left Consensus Big Board (Arif Hasan) — wideleft.football,6050,264,9.75,33.5,4.87,,,,,,20,,,,,,,,,,2026-07-26,,,
jimmy-gilbert-lb--2017,2017,Jimmy Gilbert,LB,,,,Wide Left Consensus Big Board (Arif Hasan) — wideleft.football,,,,,,,,,,,,,,,,,,,,,2026-07-26,,,
jimmy-landes-st-bay-2016,2016,Jimmy Landes,ST,Baylor,,,Wide Left Consensus Big Board (Arif Hasan) — wideleft.football,6012,240,9.625,30.375,4.95,,27.5,110,7.05,4.38,,LS,,,,,6,210,Detroit,,2026-07-26,,,
jimmy-moreland-cb-jam-2019,2019,Jimmy Moreland,CB,James Madison,5,172,"Jack Lichtenstein Consensus Big Board — 14 of 17 component boards, re-averaged",,,,,,,,,,,,,,,,,7,227,Washington,,2026-05-04,,,
jimmy-morrissey-iol-pit-2021,2021,Jimmy Morrissey,IOL,Pittsburgh,7,246,Wide Left Consensus Big Board (Arif Hasan) — wideleft.football,6032,303,10,32.75,5.31,,31,105,7.39,4.47,26,,,,,,7,230,Las Vegas,,2026-07-26,249,239,84.2
jimmy-phillips-lb--2023,2023,Jimmy Phillips,LB,,7,331,"Jack Lichtenstein Consensus Big Board — 14 of 17 component boards, re-averaged",,,,,,,,,,,,,,,,,,,,,2026-05-04,,,
jimmy-pruitt-cb-san-2016,2016,Jimmy Pruitt,CB,San Jose State,,,Wide Left Consensus Big Board (Arif Hasan) — wideleft.football,5115,198,9.375,30.375,4.73,,32,117,,,19,,,,,,,,,,2026-07-26,,,
jk-scott-st-ala-2018,2018,JK Scott,ST,Alabama,7,259,Wide Left Consensus Big Board (Arif Hasan) — wideleft.football,6060,208,,,4.83,,30.5,114,7.28,4.41,,P,,,,,5,172,Green Bay,,2026-07-26,160,251,98.6
jl-skinner-s-boi-2023,2023,JL Skinner,S,Boise State,3,86,"Jack Lichtenstein Consensus Big Board — 14 of 17 component boards, re-averaged",6036,209,8.25,32,,,,,,,,,,,,,6,183,Denver,,2026-05-04,,,
jmar-smith-qb--2020,2020,J'Mar Smith,QB,,,,Wide Left Consensus Big Board (Arif Hasan) — wideleft.football,,,,,,,,,,,,,,,,,,,,,2026-07-26,,,
jmon-moore-wr-mis-2018,2018,J'Mon Moore,WR,Missouri,5,152,Wide Left Consensus Big Board (Arif Hasan) — wideleft.football,6030,207,,,4.6,,38,120,6.56,4.04,21,,,,,,4,133,Green Bay,,2026-07-26,150,152,79.4
joe-bachie-lb-mic-2020,2020,Joe Bachie,LB,Michigan State,5,175,Wide Left Consensus Big Board (Arif Hasan) — wideleft.football,6010,230,10.25,31.625,4.67,,33.5,119,6.93,4.34,26,,,,,,,,,,2026-07-26,205,176,
joe-burrow-qb-lsu-2020,2020,Joe Burrow,QB,LSU,1,2,Wide Left Consensus Big Board (Arif Hasan) — wideleft.football,6034,221,9,30.875,,,,,,,,,,,,,1,1,Cincinnati,,2026-07-26,2,2,
joe-cheek-iol--2016,2016,Joe Cheek,IOL,,,,Wide Left Consensus Big Board (Arif Hasan) — wideleft.football,6060,295,9.25,32.75,5.27,,,,,,20,,,,,,,,,,2026-07-26,,,
joe-dahl-iol-was-2016,2016,Joe Dahl,IOL,Washington State,4,121,Wide Left Consensus Big Board (Arif Hasan) — wideleft.football,6041,304,9.125,33.125,5.18,,31,109,7.64,4.77,28,,,,,,5,151,Detroit,,2026-07-26,,,96.4
joe-gaziano-edge--2020,2020,Joe Gaziano,EDGE,,,,Wide Left Consensus Big Board (Arif Hasan) — wideleft.football,,,,,,,,,,,,,,,,,,,,,2026-07-26,,,
joe-giles-harris-lb-duk-2019,2019,Joe Giles-Harris,LB,Duke,7,253,"Jack Lichtenstein Consensus Big Board — 14 of 17 component boards, re-averaged",6016,234,8.5,31.25,4.75,,29.5,111,,,17,,,,,,,,,,2026-05-04,,,
joe-haeg-ot-nor-2016,2016,Joe Haeg,OT,North Dakota State,4,130,Wide Left Consensus Big Board (Arif Hasan) — wideleft.football,6060,304,9.625,33.75,5.16,,27.5,111,7.47,4.47,,,,,,,5,155,Indianapolis,,2026-07-26,,,84.2
joe-jackson-edge-mia-2019,2019,Joe Jackson,EDGE,Miami,4,106,"Jack Lichtenstein Consensus Big Board — 14 of 17 component boards, re-averaged",6042,275,10,34.125,,,27,109,,,22,,,,,,5,165,Dallas,,2026-05-04,,,
joe-lowery-iol--2019,2019,Joe Lowery,IOL,,7,410,"Jack Lichtenstein Consensus Big Board — 14 of 17 component boards, re-averaged",,,,,,,,,,,,,,,,,,,,,2026-05-04,,,
joe-mathis-edge-was-2017,2017,Joe Mathis,EDGE,Washington,5,167,Wide Left Consensus Big Board (Arif Hasan) — wideleft.football,6015,266,9,33,,,,,,,24,,,,,,,,,,2026-07-26,258,146,119.6
joe-mixon-rb-okl-2017,2017,Joe Mixon,RB,Oklahoma,2,48,Wide Left Consensus Big Board (Arif Hasan) — wideleft.football,,,,,,,,,,,,,,,,,2,48,Cincinnati,,2026-07-26,58,37,174.3
joe-noteboom-ot-tcu-2018,2018,Joe Noteboom,OT,TCU,4,136,Wide Left Consensus Big Board (Arif Hasan) — wideleft.football,6050,309,,,4.96,1.72,24,102,7.65,4.44,27,,,,,,3,89,LA Rams,,2026-08-02,126,137,92.6
joe-ostman-edge--2018,2018,Joe Ostman,EDGE,,6,208,Wide Left Consensus Big Board (Arif Hasan) — wideleft.football,,,,,,,,,,,,,,,,,,,,,2026-07-26,339,202,116.9
joe-reed-wr-vir-2020,2020,Joe Reed,WR,Virginia,6,186,Wide Left Consensus Big Board (Arif Hasan) — wideleft.football,6004,224,9.75,31.125,4.47,1.55,38,123,,,21,,,,,,5,151,LA Chargers,,2026-07-26,180,193,
joe-scelfo-iol--2017,2017,Joe Scelfo,IOL,,,,Wide Left Consensus Big Board (Arif Hasan) — wideleft.football,,,,,,,,,,,,,,,,,,,,,2026-07-26,,,
joe-schobert-lb-wis-2016,2016,Joe Schobert,LB,Wisconsin,4,115,Wide Left Consensus Big Board (Arif Hasan) — wideleft.football,6013,244,9.75,31.5,4.76,,33.5,111,7.11,4.3,22,,,,,,4,99,Cleveland,,2026-07-26,,,84.7
joe-thuney-iol-nor-2016,2016,Joe Thuney,IOL,North Carolina State,5,149,Wide Left Consensus Big Board (Arif Hasan) — wideleft.football,6050,304,,,4.95,,28.5,110,7.47,4.54,28,,,,,,3,78,New England,,2026-07-26,,,98.1
joe-tippmann-iol-wis-2023,2023,Joe Tippmann,IOL,Wisconsin,2,53,"Jack Lichtenstein Consensus Big Board — 14 of 17 component boards, re-averaged",6060,313,10.75,32.75,,,,,,,,,,,,,2,43,NY Jets,,2026-05-04,,,
joe-tryon-edge-was-2021,2021,Joe Tryon,EDGE,Washington,2,48,Wide Left Consensus Big Board (Arif Hasan) — wideleft.football,6050,259,,,4.69,,35,116,7.18,4.36,22,,,,,,1,32,Tampa Bay,,2026-07-26,39,51,120.3
joe-walker-lb-ore-2016,2016,Joe Walker,LB,Oregon,,,Wide Left Consensus Big Board (Arif Hasan) — wideleft.football,,,,,,,,,,,,,,,,,7,251,Philadelphia,,2026-07-26,,,
joe-williams-rb-uta-2017,2017,Joe Williams,RB,Utah,6,203,Wide Left Consensus Big Board (Arif Hasan) — wideleft.football,5110,210,9.38,30.75,4.41,,35,125,7.19,4.19,14,,,,,,4,121,San Francisco,,2026-07-26,192,238,114.3
joe-yearby-rb--2017,2017,Joe Yearby,RB,,,,Wide Left Consensus Big Board (Arif Hasan) — wideleft.football,,,,,,,,,,,,,,,,,,,,,2026-07-26,,,
joejuan-williams-cb-van-2019,2019,Joejuan Williams,CB,Vanderbilt,3,65,"Jack Lichtenstein Consensus Big Board — 14 of 17 component boards, re-averaged",6035,211,9.75,32.5,4.64,,,,,,17,,,,,,2,45,New England,,2026-05-04,,,
joel-heath-dt-mic-2016,2016,Joel Heath,DT,Michigan State,,,Wide Left Consensus Big Board (Arif Hasan) — wideleft.football,6052,293,10.5,34.5,5.02,,33,113,7.44,4.52,26,Pass Rusher,,,,,,,,,2026-07-26,,,
joel-iyiegbuniwe-lb-wes-2018,2018,Joel Iyiegbuniwe,LB,Western Kentucky,7,278,Wide Left Consensus Big Board (Arif Hasan) — wideleft.football,6013,229,10.25,32.625,4.6,,35,117,7.06,4.28,19,,,,,,4,115,Chicago,,2026-07-26,226,270,87.7
joel-stave-qb-wis-2016,2016,Joel Stave,QB,Wisconsin,,,Wide Left Consensus Big Board (Arif Hasan) — wideleft.football,6052,236,10.75,33.25,4.8,,33.5,115,7.29,4.33,,,,,,,,,,,2026-07-26,,,
joey-alfieri-lb--2019,2019,Joey Alfieri,LB,,7,385,"Jack Lichtenstein Consensus Big Board — 14 of 17 component boards, re-averaged",,,,,,,,,,,,,,,,,,,,,2026-05-04,,,
joey-blount-s--2022,2022,Joey Blount,S,,,,Wide Left Consensus Big Board (Arif Hasan) — wideleft.football,,,,,,,,,,,,,,,,,,,,,2026-08-06,,,
joey-bosa-edge-ohi-2016,2016,Joey Bosa,EDGE,Ohio State,1,3,Wide Left Consensus Big Board (Arif Hasan) — wideleft.football,6052,269,10.25,33.375,4.86,,32,120,6.89,4.21,24,,,,,,1,3,SDG,,2026-07-26,,,87
joey-fisher-ot--2023,2023,Joey Fisher,OT,,7,241,"Jack Lichtenstein Consensus Big Board — 14 of 17 component boards, re-averaged",,,,,,,,,,,,,,,,,,,,,2026-05-04,,,
joey-hunt-iol-tcu-2016,2016,Joey Hunt,IOL,TCU,,,Wide Left Consensus Big Board (Arif Hasan) — wideleft.football,,,,,,,,,,,,,,,,,6,215,Seattle,,2026-07-26,,,
joey-ivie-dt-flo-2017,2017,Joey Ivie,DT,Florida,,,Wide Left Consensus Big Board (Arif Hasan) — wideleft.football,,,,,,,,,,,,,,,,,7,228,Dallas,,2026-07-26,,,
joey-porter-jr-cb-pen-2023,2023,Joey Porter Jr.,CB,Penn State,1,13,"Jack Lichtenstein Consensus Big Board — 14 of 17 component boards, re-averaged",6024,193,10,34,4.46,,35,129,,,17,,,,,,2,32,Pittsburgh,,2026-05-04,,,
john-atkins-dt-geo-2018,2018,John Atkins,DT,Georgia,7,287,Wide Left Consensus Big Board (Arif Hasan) — wideleft.football,6027,321,9.25,34,5.38,1.92,24,89,7.95,4.75,,Run Stuffer,,,,,,,,,2026-07-26,239,302,87.5
john-baron-ii-st--2019,2019,John Baron II,ST,,7,422,"Jack Lichtenstein Consensus Big Board — 14 of 17 component boards, re-averaged",,,,,,,,,,,,K,,,,,,,,,2026-05-04,,,
john-bates-te-boi-2021,2021,John Bates,TE,Boise State,7,248,Wide Left Consensus Big Board (Arif Hasan) — wideleft.football,6053,250,9.625,32.5,4.84,,31.5,120,6.85,4.35,19,,,,,,4,124,Washington,,2026-07-26,278,243,84.4
john-cominsky-edge-cha-2019,2019,John Cominsky,EDGE,Charleston,5,177,"Jack Lichtenstein Consensus Big Board — 14 of 17 component boards, re-averaged",6052,286,9.75,33.5,4.69,1.62,33.5,116,7.03,4.38,22,,,,,,4,135,Atlanta,,2026-05-04,,,
john-fitzpatrick-te-geo-2022,2022,John FitzPatrick,TE,Georgia,,,Wide Left Consensus Big Board (Arif Hasan) — wideleft.football,,,,,,,,,,,,,,,,,6,213,Atlanta,,2026-08-06,,,
john-franklin-myers-edge-ste-2018,2018,John Franklin-Myers,EDGE,Stephen F. Austin,7,295,Wide Left Consensus Big Board (Arif Hasan) — wideleft.football,6037,283,10,32.875,4.75,1.71,33,113,7.36,4.48,26,,,,,,4,135,LA Rams,,2026-07-26,235,293,91
john-hightower-wr-boi-2020,2020,John Hightower,WR,Boise State,5,153,Wide Left Consensus Big Board (Arif Hasan) — wideleft.football,6014,189,9.75,31.5,4.43,1.49,38.5,122,7.07,4.21,,,,,,,5,168,Philadelphia,,2026-07-26,171,150,
john-johnson-s-tro-2017,2017,John Johnson,S,Troy,4,125,Wide Left Consensus Big Board (Arif Hasan) — wideleft.football,6004,205,9.88,32,4.61,,37,119,6.72,4.18,14,,,,,,3,91,LA Rams,,2026-07-26,126,128,91.7
john-kelly-rb-ten-2018,2018,John Kelly,RB,Tennessee,4,107,Wide Left Consensus Big Board (Arif Hasan) — wideleft.football,5097,216,9.375,31.375,,,35,120,7.13,4.51,15,,,,,,6,176,LA Rams,,2026-07-26,139,97,91
john-metchie-iii-wr-ala-2022,2022,John Metchie III,WR,Alabama,2,62,Wide Left Consensus Big Board (Arif Hasan) — wideleft.football,5112,187,9.25,30.625,,,,,,,,,,,,,2,44,Houston,,2026-08-06,62,61,87.8
john-michael-schmitz-iol-min-2023,2023,John Michael Schmitz,IOL,Minnesota,1,32,"Jack Lichtenstein Consensus Big Board — 14 of 17 component boards, re-averaged",6034,301,9.5,32.625,5.35,1.85,29.5,104,,4.56,26,,,,,,2,57,NY Giants,,2026-05-04,,,
john-molchon-iol-boi-2020,2020,John Molchon,IOL,Boise State,,,Wide Left Consensus Big Board (Arif Hasan) — wideleft.football,6052,309,9.5,31.125,5.13,1.8,34,109,7.85,4.73,26,,,,,,,,,,2026-07-26,,,
john-ojukwu-ot-boi-2023,2023,John Ojukwu,OT,Boise State,7,269,"Jack Lichtenstein Consensus Big Board — 14 of 17 component boards, re-averaged",6056,309,10.75,34,5.24,1.81,28.5,104,7.52,4.52,26,,,,,,,,,,2026-05-04,,,
john-penisini-dt-uta-2020,2020,John Penisini,DT,Utah,7,276,Wide Left Consensus Big Board (Arif Hasan) — wideleft.football,6013,318,10.5,32.875,,,25.5,,,4.93,23,,,,,,6,197,Detroit,,2026-07-26,270,272,
john-reid-cb-pen-2020,2020,John Reid,CB,Penn State,6,188,Wide Left Consensus Big Board (Arif Hasan) — wideleft.football,5103,187,9.125,30.125,4.49,,36.5,129,6.95,3.97,20,,,,,,4,141,Houston,,2026-07-26,187,182,
john-ridgeway-dt-ark-2022,2022,John Ridgeway,DT,Arkansas,5,142,Wide Left Consensus Big Board (Arif Hasan) — wideleft.football,6051,321,10,33.375,5.3,1.8,,101,,4.73,,Run Stuffer,,,,,5,178,Dallas,,2026-08-06,142,145,96
john-ross-wr-was-2017,2017,John Ross,WR,Washington,1,18,Wide Left Consensus Big Board (Arif Hasan) — wideleft.football,5106,188,8.75,31.5,4.22,,37,133,,,,,,,,,1,9,Cincinnati,,2026-07-26,16,20,135.7
john-simpson-iol-cle-2020,2020,John Simpson,IOL,Clemson,4,107,Wide Left Consensus Big Board (Arif Hasan) — wideleft.football,6041,321,11.25,34.125,5.24,1.81,30,107,8.03,4.87,34,,,,,,4,109,Las Vegas,,2026-07-26,94,110,
john-stepec-edge--2017,2017,John Stepec,EDGE,,,,Wide Left Consensus Big Board (Arif Hasan) — wideleft.football,,,,,,,,,,,,,,,,,,,,,2026-07-26,,,
john-theus-ot-geo-2016,2016,John Theus,OT,Georgia,5,172,Wide Left Consensus Big Board (Arif Hasan) — wideleft.football,6064,313,10.125,34.5,5.22,,28,103,7.9,4.78,,,,,,,5,145,San Francisco,,2026-07-26,,,92.9
john-ursua-wr-haw-2019,2019,John Ursua,WR,Hawaii,7,432,"Jack Lichtenstein Consensus Big Board — 14 of 17 component boards, re-averaged",,,,,,,,,,,,,,,,,7,236,Seattle,,2026-05-04,,,
johnathan-abram-s-mis-2019,2019,Johnathan Abram,S,Mississippi State,2,45,"Jack Lichtenstein Consensus Big Board — 14 of 17 component boards, re-averaged",5113,205,9.625,31.375,4.45,,,116,,,,,,,,,1,27,Las Vegas,,2026-05-04,,,
johnathan-gray-rb--2016,2016,Johnathan Gray,RB,,,,Wide Left Consensus Big Board (Arif Hasan) — wideleft.football,,,,,,,,,,,,,,,,,,,,,2026-07-26,,,
johnnie-dixon-wr-ohi-2019,2019,Johnnie Dixon,WR,Ohio State,7,387,"Jack Lichtenstein Consensus Big Board — 14 of 17 component boards, re-averaged",5103,201,9.625,30.25,4.41,,37.5,120,,4.43,16,,,,,,,,,,2026-05-04,,,
johnny-buchanan-lb--2023,2023,Johnny Buchanan,LB,,7,402,"Jack Lichtenstein Consensus Big Board — 14 of 17 component boards, re-averaged",,,,,,,,,,,,,,,,,,,,,2026-05-04,,,
johnny-dwight-dt--2018,2018,Johnny Dwight,DT,,,,Wide Left Consensus Big Board (Arif Hasan) — wideleft.football,,,,,,,,,,,,,,,,,,,,,2026-07-26,,,
johnny-lumpkin-te--2023,2023,Johnny Lumpkin,TE,,7,421,"Jack Lichtenstein Consensus Big Board — 14 of 17 component boards, re-averaged",,,,,,,,,,,,,,,,,,,,,2026-05-04,,,
johnny-mundt-te--2017,2017,Johnny Mundt,TE,,,,Wide Left Consensus Big Board (Arif Hasan) — wideleft.football,,,,,,,,,,,,,,,,,,,,,2026-07-26,,,
johnny-townsend-st-flo-2018,2018,Johnny Townsend,ST,Florida,,,Wide Left Consensus Big Board (Arif Hasan) — wideleft.football,6010,210,9.5,30.625,,,,,,,,P,,,,,5,173,Las Vegas,,2026-07-26,,,
jojo-domann-lb-neb-2022,2022,JoJo Domann,LB,Nebraska,4,127,Wide Left Consensus Big Board (Arif Hasan) — wideleft.football,6012,228,9.5,30.375,4.62,,34.5,119,,,,,,,,,,,,,2026-08-06,124,129,96.6
jojo-mcintosh-s--2019,2019,JoJo McIntosh,S,,7,344,"Jack Lichtenstein Consensus Big Board — 14 of 17 component boards, re-averaged",,,,,,,,,,,,,,,,,,,,,2026-05-04,,,
jojo-wicker-dt-ari-2018,2018,JoJo Wicker,DT,Arizona State,7,273,Wide Left Consensus Big Board (Arif Hasan) — wideleft.football,6016,296,9.125,31.75,5.16,1.8,30,105,,,25,,,,,,,,,,2026-07-26,236,281,88
jon-gaines-ii-iol-ucl-2023,2023,Jon Gaines II,IOL,UCLA,6,192,"Jack Lichtenstein Consensus Big Board — 14 of 17 component boards, re-averaged",6040,303,10.125,33.625,5.01,1.73,32.5,114,7.31,4.45,,,,,,,4,122,Arizona,,2026-05-04,,,
jon-heck-ot--2017,2017,Jon Heck,OT,,,,Wide Left Consensus Big Board (Arif Hasan) — wideleft.football,,,,,,,,,,,,,,,,,,,,,2026-07-26,,,
jon-rhattigan-lb-arm-2021,2021,Jon Rhattigan,LB,Army,,,Wide Left Consensus Big Board (Arif Hasan) — wideleft.football,6000,236,,,4.77,,32,111,7.41,4.3,22,,,,,,,,,,2026-07-26,,,
jon-runyan-iol-mic-2020,2020,Jon Runyan,IOL,Michigan,7,238,Wide Left Consensus Big Board (Arif Hasan) — wideleft.football,6042,306,9.125,33.25,5.08,1.79,30.5,107,7.57,4.69,24,,,,,,6,192,Green Bay,,2026-07-26,211,234,
jon-toth-iol-ken-2017,2017,Jon Toth,IOL,Kentucky,6,194,Wide Left Consensus Big Board (Arif Hasan) — wideleft.football,6047,307,10,33.63,5.51,,25.5,100,8.09,4.84,21,,,,,,,,,,2026-07-26,195,180,92.6
jonah-jackson-iol-ohi-2020,2020,Jonah Jackson,IOL,Ohio State,3,99,Wide Left Consensus Big Board (Arif Hasan) — wideleft.football,6034,306,10.5,33.5,5.23,1.84,26,98,7.83,5.02,28,,,,,,3,75,Detroit,,2026-07-26,152,93,
jonah-tavai-dt--2023,2023,Jonah Tavai,DT,,7,324,"Jack Lichtenstein Consensus Big Board — 14 of 17 component boards, re-averaged",,,,,,,,,,,,,,,,,,,,,2026-05-04,,,
jonah-williams-ot-ala-2019,2019,Jonah Williams,OT,Alabama,1,6,"Jack Lichtenstein Consensus Big Board — 14 of 17 component boards, re-averaged",6044,302,10.125,33.625,5.12,,28,100,8.01,4.79,23,,,,,,1,11,Cincinnati,,2026-05-04,,,
jonathan-adams-jr-wr-ark-2021,2021,Jonathan Adams Jr.,WR,Arkansas State,7,238,Wide Left Consensus Big Board (Arif Hasan) — wideleft.football,6020,210,9.875,32.125,4.59,,39,132,7.04,4.38,,,,,,,,,,,2026-07-26,242,230,79.5
jonathan-allen-dt-ala-2017,2017,Jonathan Allen,DT,Alabama,1,4,Wide Left Consensus Big Board (Arif Hasan) — wideleft.football,6025,286,9.38,33.63,5,,30,108,7.49,4.5,21,Pass Rusher,,,,,1,17,Washington,,2026-07-26,3,6,134.8
jonathan-bullard-dt-flo-2016,2016,Jonathan Bullard,DT,Florida,1,32,Wide Left Consensus Big Board (Arif Hasan) — wideleft.football,6030,285,10,33.625,4.93,,32,116,7.31,4.56,23,Pass Rusher,,,,,3,72,Chicago,,2026-07-26,,,121.5
jonathan-crawford-s-ind-2019,2019,Jonathan Crawford,S,Indiana,7,299,"Jack Lichtenstein Consensus Big Board — 14 of 17 component boards, re-averaged",6010,205,9.25,31.5,,,31.5,115,,,16,,,,,,,,,,2026-05-04,,,
jonathan-dorsey-te--2017,2017,Jonathan Dorsey,TE,,,,Wide Left Consensus Big Board (Arif Hasan) — wideleft.football,,,,,,,,,,,,,,,,,,,,,2026-07-26,,,
jonathan-ford-dt-mia-2022,2022,Jonathan Ford,DT,Miami,,,Wide Left Consensus Big Board (Arif Hasan) — wideleft.football,6051,333,9.25,32.75,,,29,102,,,,Run Stuffer,,,,,7,234,Green Bay,,2026-08-06,,,
jonathan-garvin-edge-mia-2020,2020,Jonathan Garvin,EDGE,Miami,5,170,Wide Left Consensus Big Board (Arif Hasan) — wideleft.football,6041,263,9.625,34,4.82,1.67,36,125,,,23,,,,,,7,242,Green Bay,,2026-07-26,186,171,
jonathan-greenard-edge-flo-2020,2020,Jonathan Greenard,EDGE,Florida,3,83,Wide Left Consensus Big Board (Arif Hasan) — wideleft.football,6033,263,9.25,34.875,4.87,1.71,30.5,113,7.13,4.34,22,,,,,,3,90,Houston,,2026-07-26,87,81,
jonathan-jones-cb-aub-2016,2016,Jonathan Jones,CB,Auburn,5,155,Wide Left Consensus Big Board (Arif Hasan) — wideleft.football,5091,186,8.75,30.25,4.33,,36,123,7.25,4.25,19,,,,,,,,,,2026-07-26,,,83.4
jonathan-ledbetter-edge-geo-2019,2019,Jonathan Ledbetter,EDGE,Georgia,7,244,"Jack Lichtenstein Consensus Big Board — 14 of 17 component boards, re-averaged",6036,280,9.875,34.5,5.14,1.81,26.5,108,,,22,,,,,,,,,,2026-05-04,,,
jonathan-marshall-dt-ark-2021,2021,Jonathan Marshall,DT,Arkansas,7,225,Wide Left Consensus Big Board (Arif Hasan) — wideleft.football,6030,310,,,4.88,,32,114,,,36,,,,,,6,207,NY Jets,,2026-07-26,237,228,99.5
jonathan-mclaughlin-ot--2017,2017,Jonathan McLaughlin,OT,,,,Wide Left Consensus Big Board (Arif Hasan) — wideleft.football,,,,,,,,,,,,,,,,,,,,,2026-07-26,,,
jonathan-mingo-wr-mis-2023,2023,Jonathan Mingo,WR,Mississippi,3,75,"Jack Lichtenstein Consensus Big Board — 14 of 17 component boards, re-averaged",6016,220,10.375,32.125,4.46,,39.5,129,,,22,,,,,,2,39,Carolina,,2026-05-04,,,
jonathan-taylor-rb-wis-2020,2020,Jonathan Taylor,RB,Wisconsin,1,26,Wide Left Consensus Big Board (Arif Hasan) — wideleft.football,5102,226,9.5,31.125,4.39,,36,123,7.01,4.24,17,,,,,,2,41,Indianapolis,,2026-07-26,25,26,
jonathan-williams-rb-ark-2016,2016,Jonathan Williams,RB,Arkansas,4,112,Wide Left Consensus Big Board (Arif Hasan) — wideleft.football,5106,220,10,31.625,4.56,,,,,,16,,,,,,5,156,Buffalo,,2026-07-26,,,87.1
jonathan-woodard-edge-cen-2016,2016,Jonathan Woodard,EDGE,Central Arkansas,,,Wide Left Consensus Big Board (Arif Hasan) — wideleft.football,,,,,,,,,,,,,,,,,7,226,Jacksonville,,2026-07-26,,,
jonathon-cooper-edge-ohi-2021,2021,Jonathon Cooper,EDGE,Ohio State,6,208,Wide Left Consensus Big Board (Arif Hasan) — wideleft.football,6025,253,9.625,32.125,4.69,,33,108,6.99,4.31,28,,,,,,7,239,Denver,,2026-07-26,252,183,85.9
jonnu-smith-te-flo-2017,2017,Jonnu Smith,TE,Florida International,5,153,Wide Left Consensus Big Board (Arif Hasan) — wideleft.football,6025,248,9.25,32.88,4.62,,38,127,,4.18,22,,,,,,3,100,Tennessee,,2026-07-26,146,157,95.2
jordan-addison-wr-usc-2023,2023,Jordan Addison,WR,USC,1,22,"Jack Lichtenstein Consensus Big Board — 14 of 17 component boards, re-averaged",5111,173,8.75,30.875,4.49,,34,122,,,,,,,,,1,23,Minnesota,,2026-05-04,,,
jordan-akins-te-ucf-2018,2018,Jordan Akins,TE,UCF,6,210,Wide Left Consensus Big Board (Arif Hasan) — wideleft.football,6030,249,9.25,33.5,,,,,,,,,,,,,3,98,Houston,,2026-07-26,211,212,95.2
jordan-battle-s-ala-2023,2023,Jordan Battle,S,Alabama,3,79,"Jack Lichtenstein Consensus Big Board — 14 of 17 component boards, re-averaged",6010,209,8.5,32,4.55,,,,,,17,,,,,,3,95,Cincinnati,,2026-05-04,,,
jordan-brailford-edge-okl-2019,2019,Jordan Brailford,EDGE,Oklahoma State,7,275,"Jack Lichtenstein Consensus Big Board — 14 of 17 component boards, re-averaged",6025,252,9.125,32.5,4.65,1.62,37.5,126,,,22,,,,,,7,253,Washington,,2026-05-04,,,
jordan-brown-cb-sou-2019,2019,Jordan Brown,CB,South Dakota State,6,198,"Jack Lichtenstein Consensus Big Board — 14 of 17 component boards, re-averaged",6003,201,9.625,30.5,4.51,,39.5,128,,,13,,,,,,7,223,Cincinnati,,2026-05-04,,,
jordan-canzeri-rb--2016,2016,Jordan Canzeri,RB,,,,Wide Left Consensus Big Board (Arif Hasan) — wideleft.football,,,,,,,,,,,,,,,,,,,,,2026-07-26,,,
jordan-carrell-dt-col-2017,2017,Jordan Carrell,DT,Colorado,,,Wide Left Consensus Big Board (Arif Hasan) — wideleft.football,,,,,,,,,,,,,,,,,7,246,Dallas,,2026-07-26,,,
jordan-chunn-rb--2018,2018,Jordan Chunn,RB,,,,Wide Left Consensus Big Board (Arif Hasan) — wideleft.football,,,,,,,,,,,,,,,,,,,,,2026-07-26,,,
jordan-davis-dt-geo-2022,2022,Jordan Davis,DT,Georgia,1,15,Wide Left Consensus Big Board (Arif Hasan) — wideleft.football,6063,341,10.75,34,4.78,1.68,32,123,,,,Run Stuffer,,,,,1,13,Philadelphia,,2026-08-06,14,15,118.4
jordan-elliott-dt-mis-2020,2020,Jordan Elliott,DT,Missouri,2,64,Wide Left Consensus Big Board (Arif Hasan) — wideleft.football,6037,302,10.25,32.375,5.02,1.71,27.5,,,4.73,24,,,,,,3,88,Cleveland,,2026-07-26,54,65,
jordan-evans-lb-okl-2017,2017,Jordan Evans,LB,Oklahoma,7,264,Wide Left Consensus Big Board (Arif Hasan) — wideleft.football,,,,,,,,,,,,,,,,,6,193,Cincinnati,,2026-07-26,243,271,95.2
jordan-fox-lb--2021,2021,Jordan Fox,LB,,,,Wide Left Consensus Big Board (Arif Hasan) — wideleft.football,,,,,,,,,,,,,,,,,,,,,2026-07-26,,,
jordan-fuller-s-ohi-2020,2020,Jordan Fuller,S,Ohio State,7,235,Wide Left Consensus Big Board (Arif Hasan) — wideleft.football,6017,203,9,31,4.67,1.62,35.5,122,,4.27,,,,,,,6,199,LA Rams,,2026-07-26,201,239,
jordan-glasgow-lb-mic-2020,2020,Jordan Glasgow,LB,Michigan,,,Wide Left Consensus Big Board (Arif Hasan) — wideleft.football,,,,,,,,,,,,,,,,,6,213,Indianapolis,,2026-07-26,,,
jordan-howard-rb-ind-2016,2016,Jordan Howard,RB,Indiana,3,87,Wide Left Consensus Big Board (Arif Hasan) — wideleft.football,5117,230,9,32.25,4.57,,34,122,,,16,,,,,,5,150,Chicago,,2026-07-26,,,82.2
jordan-howden-s-min-2023,2023,Jordan Howden,S,Minnesota,7,239,"Jack Lichtenstein Consensus Big Board — 14 of 17 component boards, re-averaged",5115,203,9.5,32.25,4.49,,33.5,119,,,14,,,,,,5,146,New Orleans,,2026-05-04,,,
jordan-jackson-dt-air-2022,2022,Jordan Jackson,DT,Air Force,,,Wide Left Consensus Big Board (Arif Hasan) — wideleft.football,6044,294,9.375,33.75,,,,,,,,Pass Rusher,,,,,6,194,New Orleans,,2026-08-06,,,
jordan-jenkins-edge-geo-2016,2016,Jordan Jenkins,EDGE,Georgia,3,67,Wide Left Consensus Big Board (Arif Hasan) — wideleft.football,6025,259,11.25,34.25,4.8,,36.5,121,,,16,,,,,,3,83,NY Jets,,2026-07-26,,,85.7
jordan-lasley-wr-ucl-2018,2018,Jordan Lasley,WR,UCLA,5,175,Wide Left Consensus Big Board (Arif Hasan) — wideleft.football,6010,203,9.625,32.75,4.5,,34.5,112,,4.19,8,,,,,,5,162,Baltimore,,2026-07-26,148,178,79.2
jordan-leggett-te-cle-2017,2017,Jordan Leggett,TE,Clemson,3,102,Wide Left Consensus Big Board (Arif Hasan) — wideleft.football,6054,258,10.38,33.5,,,33,114,7.12,4.33,18,,,,,,5,150,NY Jets,,2026-07-26,92,111,83.8
jordan-lewis-lb--2023,2023,Jordan Lewis,LB,,7,437,"Jack Lichtenstein Consensus Big Board — 14 of 17 component boards, re-averaged",,,,,,,,,,,,,,,,,,,,,2026-05-04,,,
jordan-lomax-s-iow-2016,2016,Jordan Lomax,S,Iowa,7,294,Wide Left Consensus Big Board (Arif Hasan) — wideleft.football,5097,202,8.75,32,4.75,,36,120,7.18,4.15,8,,,,,,,,,,2026-07-26,,,81.5
jordan-love-qb-uta-2020,2020,Jordan Love,QB,Utah State,2,35,Wide Left Consensus Big Board (Arif Hasan) — wideleft.football,6036,224,10.5,32.625,4.74,,35.5,118,7.21,4.52,,,,,,,1,26,Green Bay,,2026-07-26,28,39,
jordan-lucas-s-pen-2016,2016,Jordan Lucas,S,Penn State,7,241,Wide Left Consensus Big Board (Arif Hasan) — wideleft.football,5115,201,10,30.125,4.54,,,,,,,,,,,,6,204,Miami,,2026-07-26,,,89.1
jordan-mack-lb-vir-2020,2020,Jordan Mack,LB,Virginia,7,287,Wide Left Consensus Big Board (Arif Hasan) — wideleft.football,6026,241,8.75,31.25,,,,,,,,,,,,,,,,,2026-07-26,283,284,
jordan-mailata-ot--2018,2018,Jordan Mailata,OT,,,,Wide Left Consensus Big Board (Arif Hasan) — wideleft.football,,,,,,,,,,,,,,,,,7,233,Philadelphia,,2026-07-26,,,
jordan-mcfadden-iol-cle-2023,2023,Jordan McFadden,IOL,Clemson,5,167,"Jack Lichtenstein Consensus Big Board — 14 of 17 component boards, re-averaged",6022,303,9.5,34,4.99,1.74,28.5,,7.7,4.81,,,,,,,5,156,LA Chargers,,2026-05-04,,,
jordan-miller-cb-was-2019,2019,Jordan Miller,CB,Washington,7,246,"Jack Lichtenstein Consensus Big Board — 14 of 17 component boards, re-averaged",6005,186,9.625,32.875,4.49,,37,125,,,6,,,,,,5,172,Atlanta,,2026-05-04,,,
jordan-mims-rb--2023,2023,Jordan Mims,RB,,7,422,"Jack Lichtenstein Consensus Big Board — 14 of 17 component boards, re-averaged",,,,,,,,,,,,,,,,,,,,,2026-05-04,,,
jordan-morgan-iol-kut-2017,2017,Jordan Morgan,IOL,Kutztown Pennsylvania,5,169,Wide Left Consensus Big Board (Arif Hasan) — wideleft.football,6025,309,10,34.63,5.36,,27,102,8.13,4.73,21,,,,,,5,147,Chicago,,2026-07-26,165,173,84.9
jordan-payton-wr-ucl-2016,2016,Jordan Payton,WR,UCLA,5,157,Wide Left Consensus Big Board (Arif Hasan) — wideleft.football,6011,207,10.125,32.5,4.47,,34.5,121,7.08,4.33,,,,,,,5,154,Cleveland,,2026-07-26,,,83.7
jordan-scarlett-rb-flo-2019,2019,Jordan Scarlett,RB,Florida,7,287,"Jack Lichtenstein Consensus Big Board — 14 of 17 component boards, re-averaged",5105,208,8.875,30.375,4.47,,30,116,7.37,4.63,21,,,,,,5,154,Carolina,,2026-05-04,,,
jordan-silver-st--2022,2022,Jordan Silver,ST,,,,Wide Left Consensus Big Board (Arif Hasan) — wideleft.football,,,,,,,,,,,,LS,,,,,,,,,2026-08-06,,,
jordan-smith-edge-ala-2021,2021,Jordan Smith,EDGE,Ala-Birmingham,4,119,Wide Left Consensus Big Board (Arif Hasan) — wideleft.football,6050,264,,,4.8,,33,117,,,16,,,,,,4,121,Jacksonville,,2026-07-26,113,119,93
jordan-sterns-s--2017,2017,Jordan Sterns,S,,7,272,Wide Left Consensus Big Board (Arif Hasan) — wideleft.football,,,,,,,,,,,,,,,,,,,,,2026-07-26,314,263,89.7
jordan-stout-st-pen-2022,2022,Jordan Stout,ST,Penn State,7,276,Wide Left Consensus Big Board (Arif Hasan) — wideleft.football,6032,209,9.375,31.375,4.65,,,,,,,P,,,,,4,130,Baltimore,,2026-08-06,164,307,84.3
jordan-taamu-qb-mis-2019,2019,Jordan Ta'amu,QB,Mississippi,7,295,"Jack Lichtenstein Consensus Big Board — 14 of 17 component boards, re-averaged",6025,221,9.875,32.25,4.77,,27.5,109,7.06,4.36,,,,,,,,,,,2026-05-04,,,
jordan-thomas-cb-okl-2018,2018,Jordan Thomas,CB,Oklahoma,7,299,Wide Left Consensus Big Board (Arif Hasan) — wideleft.football,6000,186,,,4.64,,38,124,6.28,3.94,4,,,,,,,,,,2026-08-02,318,294,97.7
jordan-thomas-te-mis-2018,2018,Jordan Thomas,TE,Mississippi State,,,Wide Left Consensus Big Board (Arif Hasan) — wideleft.football,6054,265,11,34.125,4.74,,27,111,7.5,4.75,16,,,,,,6,211,Houston,,2026-07-26,,,
jordan-walsh-iol--2016,2016,Jordan Walsh,IOL,,7,291,Wide Left Consensus Big Board (Arif Hasan) — wideleft.football,,,,,,,,,,,,,,,,,,,,,2026-07-26,,,83.4
jordan-westerkamp-wr--2017,2017,Jordan Westerkamp,WR,,,,Wide Left Consensus Big Board (Arif Hasan) — wideleft.football,,,,,,,,,,,,,,,,,,,,,2026-07-26,,,
jordan-whitehead-s-pit-2018,2018,Jordan Whitehead,S,Pittsburgh,4,129,Wide Left Consensus Big Board (Arif Hasan) — wideleft.football,5103,195,8.5,29.75,,,,,,,21,,,,,,4,117,Tampa Bay,,2026-07-26,174,127,98.7
jordan-wilkins-rb-mis-2018,2018,Jordan Wilkins,RB,Mississippi,7,260,Wide Left Consensus Big Board (Arif Hasan) — wideleft.football,6005,216,9.375,30.125,4.71,,36,117,,4.27,16,,,,,,5,169,Indianapolis,,2026-07-26,260,263,90.9
jordan-williams-wr--2016,2016,Jordan Williams,WR,,,,Wide Left Consensus Big Board (Arif Hasan) — wideleft.football,,,,,,,,,,,,,,,,,,,,,2026-07-26,,,
jordan-willis-edge-kan-2017,2017,Jordan Willis,EDGE,Kansas State,2,51,Wide Left Consensus Big Board (Arif Hasan) — wideleft.football,6036,255,9.88,33.5,4.53,,39,125,6.85,4.28,24,,,,,,3,73,Cincinnati,,2026-07-26,48,54,117.3
jordan-wright-edge--2023,2023,Jordan Wright,EDGE,,7,455,"Jack Lichtenstein Consensus Big Board — 14 of 17 component boards, re-averaged",,,,,,,,,,,,,,,,,,,,,2026-05-04,,,
jordon-riley-dt-ore-2023,2023,Jordon Riley,DT,Oregon,7,459,"Jack Lichtenstein Consensus Big Board — 14 of 17 component boards, re-averaged",,,,,,,,,,,,,,,,,7,243,NY Giants,,2026-05-04,,,
jordon-scott-dt-ore-2021,2021,Jordon Scott,DT,Oregon,,,Wide Left Consensus Big Board (Arif Hasan) — wideleft.football,6000,311,9.375,31.375,,,,,,,23,,,,,,,,,,2026-07-26,,,
jordyn-brooks-lb-tex-2020,2020,Jordyn Brooks,LB,Texas Tech,3,84,Wide Left Consensus Big Board (Arif Hasan) — wideleft.football,6000,240,9.125,32.875,4.54,,,,,,,,,,,,1,27,Seattle,,2026-07-26,71,87,
jose-borregales-st--2021,2021,Jose Borregales,ST,,7,290,Wide Left Consensus Big Board (Arif Hasan) — wideleft.football,5100,206,9.5,29,,,,,,,,K,,,,,,,,,2026-07-26,231,319,132.5
jose-ramirez-edge-eas-2023,2023,Jose Ramirez,EDGE,Eastern Michigan,6,191,"Jack Lichtenstein Consensus Big Board — 14 of 17 component boards, re-averaged",6017,242,8.75,32.75,4.73,1.63,34.5,118,6.95,4.3,21,,,,,,6,196,Tampa Bay,,2026-05-04,,,
joseph-charlton-st-sou-2020,2020,Joseph Charlton,ST,South Carolina,,,Wide Left Consensus Big Board (Arif Hasan) — wideleft.football,6044,195,8.5,32.375,,,,,,,,P,,,,,,,,,2026-07-26,,,
joseph-davidson-st-bow-2018,2018,Joseph Davidson,ST,Bowling Green,,,Wide Left Consensus Big Board (Arif Hasan) — wideleft.football,6070,232,8.5,32.25,,,,,,,,P,,,,,,,,,2026-07-26,,,
joseph-ngata-wr-cle-2023,2023,Joseph Ngata,WR,Clemson,7,442,"Jack Lichtenstein Consensus Big Board — 14 of 17 component boards, re-averaged",6031,217,10.25,33.125,4.54,,34.5,124,,,,,,,,,,,,,2026-05-04,,,
joseph-ossai-edge-tex-2021,2021,Joseph Ossai,EDGE,Texas,2,42,Wide Left Consensus Big Board (Arif Hasan) — wideleft.football,6030,256,,,4.63,,41.5,131,,,19,,,,,,3,69,Cincinnati,,2026-07-26,51,40,90
josey-jewell-lb-iow-2018,2018,Josey Jewell,LB,Iowa,3,99,Wide Left Consensus Big Board (Arif Hasan) — wideleft.football,6010,234,10,32,4.82,,33,117,6.8,4.27,18,,,,,,4,106,Denver,,2026-07-26,79,102,94.1
josh-adams-rb-not-2018,2018,Josh Adams,RB,Notre Dame,5,160,Wide Left Consensus Big Board (Arif Hasan) — wideleft.football,6015,213,9.25,33.75,,,,,,,18,,,,,,,,,,2026-07-26,152,162,89.4
josh-hines-allen-edge-ken-2019,2019,Josh Hines-Allen,EDGE,Kentucky,1,3,"Jack Lichtenstein Consensus Big Board — 14 of 17 component boards, re-averaged",6050,262,,,4.63,1.61,,118,7.15,4.23,28,,,,,,1,7,Jacksonville,,2026-05-04,,,
josh-allen-qb-wyo-2018,2018,Josh Allen,QB,Wyoming,1,27,Wide Left Consensus Big Board (Arif Hasan) — wideleft.football,6047,237,10.125,33.25,4.75,,33.5,119,6.9,4.4,,,,,,,1,7,Buffalo,,2026-07-26,12,36,182
josh-ball-ot-mar-2021,2021,Josh Ball,OT,Marshall,6,201,Wide Left Consensus Big Board (Arif Hasan) — wideleft.football,6073,308,10,35,5.2,,27.5,106,7.77,4.7,28,,,,,,4,138,Dallas,,2026-07-26,240,199,110.5
josh-banks-dt--2017,2017,Josh Banks,DT,,,,Wide Left Consensus Big Board (Arif Hasan) — wideleft.football,,,,,,,,,,,,,,,,,,,,,2026-07-26,,,
josh-blackwell-cb--2022,2022,Josh Blackwell,CB,,,,Wide Left Consensus Big Board (Arif Hasan) — wideleft.football,,,,,,,,,,,,,,,,,,,,,2026-08-06,,,
josh-boutte-iol--2017,2017,Josh Boutte,IOL,,,,Wide Left Consensus Big Board (Arif Hasan) — wideleft.football,,,,,,,,,,,,,,,,,,,,,2026-07-26,,,
josh-carraway-edge-tcu-2017,2017,Josh Carraway,EDGE,TCU,5,178,Wide Left Consensus Big Board (Arif Hasan) — wideleft.football,6030,242,9.25,34.25,4.74,,29.5,120,7.2,4.44,25,,,,,,7,227,Tennessee,,2026-07-26,189,182,76.4
josh-doctson-wr-tcu-2016,2016,Josh Doctson,WR,TCU,1,17,Wide Left Consensus Big Board (Arif Hasan) — wideleft.football,6020,202,9.875,31.875,4.5,,41,131,6.84,4.08,14,,,,,,1,22,Washington,,2026-07-26,,,84
josh-downs-wr-nor-2023,2023,Josh Downs,WR,North Carolina,2,45,"Jack Lichtenstein Consensus Big Board — 14 of 17 component boards, re-averaged",5086,171,9.25,30.375,4.48,,38.5,131,,,,,,,,,3,79,Indianapolis,,2026-05-04,,,
josh-fatu-dt--2018,2018,Josh Fatu,DT,,,,Wide Left Consensus Big Board (Arif Hasan) — wideleft.football,,,,,,,,,,,,,,,,,,,,,2026-07-26,,,
josh-ferguson-rb-ill-2016,2016,Josh Ferguson,RB,Illinois,5,177,Wide Left Consensus Big Board (Arif Hasan) — wideleft.football,5094,198,9,30,4.48,,34.5,120,,,21,,,,,,,,,,2026-07-26,,,84
josh-forrest-lb-ken-2016,2016,Josh Forrest,LB,Kentucky,7,233,Wide Left Consensus Big Board (Arif Hasan) — wideleft.football,6031,249,9.5,33.5,4.91,,30.5,118,,,11,,,,,,6,190,LA Rams,,2026-07-26,,,91.2
josh-frazier-dt-ala-2018,2018,Josh Frazier,DT,Alabama,,,Wide Left Consensus Big Board (Arif Hasan) — wideleft.football,6040,321,,,,,,,,,21,Run Stuffer,,,,,7,246,Pittsburgh,,2026-07-26,,,
josh-harvey-clemons-s-lou-2017,2017,Josh Harvey-Clemons,S,Louisville,5,158,Wide Left Consensus Big Board (Arif Hasan) — wideleft.football,6042,217,10.38,35.38,,,31.5,121,,,12,,,,,,7,230,Washington,,2026-07-26,177,150,85.8
josh-hayes-cb-kan-2023,2023,Josh Hayes,CB,Kansas State,7,470,"Jack Lichtenstein Consensus Big Board — 14 of 17 component boards, re-averaged",,,,,,,,,,,,,,,,,6,181,Tampa Bay,,2026-05-04,,,
josh-imatorbhebhe-wr-ill-2021,2021,Josh Imatorbhebhe,WR,Illinois,7,221,Wide Left Consensus Big Board (Arif Hasan) — wideleft.football,6007,218,9.25,32.375,4.53,,46.5,134,7.1,4.38,24,,,,,,,,,,2026-07-26,262,200,87.9
josh-jackson-cb-iow-2018,2018,Josh Jackson,CB,Iowa,1,18,Wide Left Consensus Big Board (Arif Hasan) — wideleft.football,6003,192,9.375,31.125,4.56,,38,123,6.86,4.03,18,,,,,,2,45,Green Bay,,2026-07-26,22,19,128.8
josh-jacobs-rb-ala-2019,2019,Josh Jacobs,RB,Alabama,1,31,"Jack Lichtenstein Consensus Big Board — 14 of 17 component boards, re-averaged",5100,220,10.125,31.625,,,,,,,,,,,,,1,24,Las Vegas,,2026-05-04,,,
josh-jobe-cb-ala-2022,2022,Josh Jobe,CB,Alabama,4,132,Wide Left Consensus Big Board (Arif Hasan) — wideleft.football,5114,182,9.25,32.625,,,,,,,,,,,,,,,,,2026-08-06,119,142,84.4
josh-johnson-wr-la--2021,2021,Josh Johnson,WR,La-Monroe,,,Wide Left Consensus Big Board (Arif Hasan) — wideleft.football,5080,209,,,4.61,,35.5,115,7.16,4.4,22,,,,,,,,,,2026-07-26,,,
josh-johnson-wr-tul-2022,2022,Josh Johnson,WR,Tulsa,7,279,Wide Left Consensus Big Board (Arif Hasan) — wideleft.football,5104,183,8.625,31.875,,,,,,,14,,,,,,,,,,2026-08-06,242,291,91.7
josh-jones-ot-hou-2020,2020,Josh Jones,OT,Houston,1,29,Wide Left Consensus Big Board (Arif Hasan) — wideleft.football,6050,319,10.125,33.875,5.27,1.81,28.5,109,,,24,,,,,,3,72,Arizona,,2026-07-26,37,27,
josh-jones-s-nor-2017,2017,Josh Jones,S,North Carolina State,2,63,Wide Left Consensus Big Board (Arif Hasan) — wideleft.football,6013,220,9.38,32,4.41,,37.5,132,,,20,,,,,,2,61,Green Bay,,2026-07-26,54,66,125
josh-love-qb--2020,2020,Josh Love,QB,,,,Wide Left Consensus Big Board (Arif Hasan) — wideleft.football,,,,,,,,,,,,,,,,,,,,,2026-07-26,,,
josh-malone-wr-ten-2017,2017,Josh Malone,WR,Tennessee,4,139,Wide Left Consensus Big Board (Arif Hasan) — wideleft.football,6026,208,9.63,31.38,4.4,,30.5,121,7.05,4.19,10,,,,,,4,128,Cincinnati,,2026-07-26,134,149,97.7
josh-metellus-s-mic-2020,2020,Josh Metellus,S,Michigan,7,230,Wide Left Consensus Big Board (Arif Hasan) — wideleft.football,5110,209,10.25,32.25,4.55,1.54,36.5,124,6.94,4.4,20,,,,,,6,205,Minnesota,,2026-07-26,157,240,
josh-myers-iol-ohi-2021,2021,Josh Myers,IOL,Ohio State,3,71,Wide Left Consensus Big Board (Arif Hasan) — wideleft.football,6052,310,10.375,32,,,,,,,29,,,,,,2,62,Green Bay,,2026-07-26,73,72,103.6
josh-oliver-te-san-2019,2019,Josh Oliver,TE,San Jose State,4,111,"Jack Lichtenstein Consensus Big Board — 14 of 17 component boards, re-averaged",6045,249,10.75,33.5,4.63,,34,117,7.21,4.47,22,,,,,,3,69,Jacksonville,,2026-05-04,,,
josh-palmer-wr-ten-2021,2021,Josh Palmer,WR,Tennessee,5,149,Wide Left Consensus Big Board (Arif Hasan) — wideleft.football,6012,210,9.625,33,,,,,,,,,,,,,3,77,LA Chargers,,2026-07-26,123,173,116.4
josh-paschal-edge-ken-2022,2022,Josh Paschal,EDGE,Kentucky,3,70,Wide Left Consensus Big Board (Arif Hasan) — wideleft.football,6025,268,9.625,32.75,4.77,1.62,37.5,123,,,,,,,,,2,46,Detroit,,2026-08-06,79,70,100.6
josh-reynolds-wr-tex-2017,2017,Josh Reynolds,WR,Texas A&M,3,96,Wide Left Consensus Big Board (Arif Hasan) — wideleft.football,6027,194,9.38,31.5,4.52,,37,124,6.83,4.13,,,,,,,4,117,LA Rams,,2026-07-26,101,91,104.2
josh-rivas-iol--2022,2022,Josh Rivas,IOL,,,,Wide Left Consensus Big Board (Arif Hasan) — wideleft.football,,,,,,,,,,,,,,,,,,,,,2026-08-06,,,
josh-rosen-qb-ucl-2018,2018,Josh Rosen,QB,UCLA,1,4,Wide Left Consensus Big Board (Arif Hasan) — wideleft.football,6040,226,9.875,31.75,4.92,,31,111,7.09,4.28,,,,,,,1,10,Arizona,,2026-07-26,6,4,100.5
josh-ross-lb-mic-2022,2022,Josh Ross,LB,Michigan,,,Wide Left Consensus Big Board (Arif Hasan) — wideleft.football,6003,227,9.75,30.5,4.79,,31,109,,,,,,,,,,,,,2026-08-06,,,
josh-sills-iol--2022,2022,Josh Sills,IOL,,,,Wide Left Consensus Big Board (Arif Hasan) — wideleft.football,,,,,,,,,,,,,,,,,,,,,2026-08-06,,,
josh-sweat-edge-flo-2018,2018,Josh Sweat,EDGE,Florida State,2,58,Wide Left Consensus Big Board (Arif Hasan) — wideleft.football,6046,251,10.25,34.625,4.53,1.55,39.5,124,,4.28,,,,,,,4,130,Philadelphia,,2026-07-26,71,51,100.5
josh-thompson-cb-tex-2022,2022,Josh Thompson,CB,Texas,7,249,Wide Left Consensus Big Board (Arif Hasan) — wideleft.football,5114,194,9.375,30.875,4.4,,,,,,,,,,,,,,,,2026-08-06,275,237,104.4
josh-toupu-dt--2017,2017,Josh Toupu,DT,,,,Wide Left Consensus Big Board (Arif Hasan) — wideleft.football,,,,,,,,,,,,,,,,,,,,,2026-07-26,,,
josh-tupou-dt--2017,2017,Josh Tupou,DT,,7,272,Wide Left Consensus Big Board (Arif Hasan) — wideleft.football,,,,,,,,,,,,,,,,,,,,,2026-07-26,285,255,95.9
josh-uche-edge-mic-2020,2020,Josh Uche,EDGE,Michigan,2,59,Wide Left Consensus Big Board (Arif Hasan) — wideleft.football,6012,245,9.5,33.625,,,,,,,18,,,,,,2,60,New England,,2026-08-02,65,56,
josh-vann-wr--2023,2023,Josh Vann,WR,,7,365,"Jack Lichtenstein Consensus Big Board — 14 of 17 component boards, re-averaged",,,,,,,,,,,,,,,,,,,,,2026-05-04,,,
josh-whyle-te-cin-2023,2023,Josh Whyle,TE,Cincinnati,5,172,"Jack Lichtenstein Consensus Big Board — 14 of 17 component boards, re-averaged",6064,248,9.5,31.5,4.69,,33.5,115,,,,,,,,,5,147,Tennessee,,2026-05-04,,,
joshua-dobbs-qb-ten-2017,2017,Joshua Dobbs,QB,Tennessee,5,177,Wide Left Consensus Big Board (Arif Hasan) — wideleft.football,6033,216,9.25,32.63,4.64,,33,122,6.75,4.31,,,,,,,4,135,Pittsburgh,,2026-07-26,132,184,83.2
joshua-ezeudu-iol-nor-2022,2022,Joshua Ezeudu,IOL,North Carolina,5,169,Wide Left Consensus Big Board (Arif Hasan) — wideleft.football,6042,308,9.5,34,5.19,,28.5,105,7.83,4.56,,,,,,,3,67,NY Giants,,2026-08-06,138,171,119.1
joshua-garnett-iol-sta-2016,2016,Joshua Garnett,IOL,Stanford,2,46,Wide Left Consensus Big Board (Arif Hasan) — wideleft.football,6043,312,10.125,33.875,5.32,,29,99,7.62,4.64,30,,,,,,1,28,San Francisco,,2026-07-26,,,82.2
joshua-holsey-cb-aub-2017,2017,Joshua Holsey,CB,Auburn,,,Wide Left Consensus Big Board (Arif Hasan) — wideleft.football,,,,,,,,,,,,,,,,,7,235,Washington,,2026-07-26,,,
joshua-kaindoh-edge-flo-2021,2021,Joshua Kaindoh,EDGE,Florida State,6,187,Wide Left Consensus Big Board (Arif Hasan) — wideleft.football,,,,,,,,,,,,,,,,,4,144,Kansas City,,2026-07-26,211,194,82.2
joshua-kalu-s-neb-2018,2018,Joshua Kalu,S,Nebraska,7,292,Wide Left Consensus Big Board (Arif Hasan) — wideleft.football,6002,195,10,32.75,4.58,,41.5,134,,,17,,,,,,,,,,2026-08-02,293,289,91.3
joshua-kelley-rb-ucl-2020,2020,Joshua Kelley,RB,UCLA,5,144,Wide Left Consensus Big Board (Arif Hasan) — wideleft.football,5105,212,9.625,31.625,4.49,,31,121,6.95,4.28,23,,,,,,4,112,LA Chargers,,2026-07-26,125,153,
joshua-miles-iol-mor-2019,2019,Joshua Miles,IOL,Morgan State,7,221,"Jack Lichtenstein Consensus Big Board — 14 of 17 component boards, re-averaged",6050,314,10.75,35.625,5.32,,36,109,8.07,4.75,,,,,,,7,248,Arizona,,2026-05-04,,,
joshua-perry-lb-ohi-2016,2016,Joshua Perry,LB,Ohio State,2,61,Wide Left Consensus Big Board (Arif Hasan) — wideleft.football,6036,254,10,33.875,4.68,,33.5,124,,,20,,,,,,4,102,SDG,,2026-07-26,,,100.3
joshua-posley-lb--2017,2017,Joshua Posley,LB,,,,Wide Left Consensus Big Board (Arif Hasan) — wideleft.football,,,,,,,,,,,,,,,,,,,,,2026-07-26,,,
joshua-williams-cb-fay-2022,2022,Joshua Williams,CB,Fayetteville St. University,4,125,Wide Left Consensus Big Board (Arif Hasan) — wideleft.football,6027,195,9.5,32.875,4.53,,36,124,,,,,,,,,4,135,Kansas City,,2026-08-06,126,128,85.8
joshuah-bledsoe-s-mis-2021,2021,Joshuah Bledsoe,S,Missouri,6,207,Wide Left Consensus Big Board (Arif Hasan) — wideleft.football,5113,204,9.625,30.75,,,,,,,,,,,,,6,188,New England,,2026-07-26,212,210,92.3
josiah-bronson-dt-was-2021,2021,Josiah Bronson,DT,Washington,,,Wide Left Consensus Big Board (Arif Hasan) — wideleft.football,6027,304,9.25,31.5,5.08,,30,101,7.63,4.72,27,,,,,,,,,,2026-07-26,,,
josiah-coatney-dt-mis-2020,2020,Josiah Coatney,DT,Mississippi,7,269,Wide Left Consensus Big Board (Arif Hasan) — wideleft.football,6033,308,10,32.75,5.21,1.8,27,99,8.07,4.82,22,,,,,,,,,,2026-07-26,258,277,
josiah-deguara-te-cin-2020,2020,Josiah Deguara,TE,Cincinnati,5,161,Wide Left Consensus Big Board (Arif Hasan) — wideleft.football,6023,242,9,31.625,4.72,1.56,35.5,115,7.15,4.35,25,,,,,,3,94,Green Bay,,2026-07-26,189,154,
josiah-scott-cb-mic-2020,2020,Josiah Scott,CB,Michigan State,5,148,Wide Left Consensus Big Board (Arif Hasan) — wideleft.football,5092,185,8.75,29.375,4.42,,,,,,17,,,,,,4,137,Jacksonville,,2026-07-26,133,155,
josiah-tauaefa-lb--2019,2019,Josiah Tauaefa,LB,,7,359,"Jack Lichtenstein Consensus Big Board — 14 of 17 component boards, re-averaged",,,,,,,,,,,,,,,,,,,,,2026-05-04,,,
jourdan-lewis-cb-mic-2017,2017,Jourdan Lewis,CB,Michigan,3,85,Wide Left Consensus Big Board (Arif Hasan) — wideleft.football,5102,188,9.25,31.63,4.54,,34.5,121,,,15,,,,,,3,92,Dallas,,2026-07-26,71,87,137.6
jovaughn-gwyn-iol-sou-2023,2023,Jovaughn Gwyn,IOL,South Carolina,7,323,"Jack Lichtenstein Consensus Big Board — 14 of 17 component boards, re-averaged",6017,297,9.875,31.75,5.12,1.8,27.5,109,7.9,4.8,34,,,,,,7,225,Atlanta,,2026-05-04,,,
jt-woods-s-bay-2022,2022,JT Woods,S,Baylor,4,133,Wide Left Consensus Big Board (Arif Hasan) — wideleft.football,6021,195,8.5,32.375,4.36,,39.5,128,,,,,,,,,3,79,LA Chargers,,2026-08-06,109,140,128
juan-thornhill-s-vir-2019,2019,Juan Thornhill,S,Virginia,2,49,"Jack Lichtenstein Consensus Big Board — 14 of 17 component boards, re-averaged",6002,205,8.75,31.125,4.42,,44,141,,,21,,,,,,2,63,Kansas City,,2026-05-04,,,
juanyeh-thomas-s-geo-2022,2022,Juanyeh Thomas,S,Georgia Tech,7,241,Wide Left Consensus Big Board (Arif Hasan) — wideleft.football,6006,212,9.75,32.375,4.55,,34,122,,,17,,,,,,,,,,2026-08-06,225,245,88.1
juice-scruggs-iol-pen-2023,2023,Juice Scruggs,IOL,Penn State,5,161,"Jack Lichtenstein Consensus Big Board — 14 of 17 component boards, re-averaged",6032,301,10.25,33.25,5.22,1.79,32,102,7.75,4.82,29,,,,,,2,62,Houston,,2026-05-04,,,
juju-smith-schuster-wr-usc-2017,2017,JuJu Smith-Schuster,WR,USC,2,55,Wide Left Consensus Big Board (Arif Hasan) — wideleft.football,6013,215,10.5,32.88,4.54,,32.5,120,,,15,,,,,,2,62,Pittsburgh,,2026-07-26,44,65,94.6
julian-blackmon-s-uta-2020,2020,Julian Blackmon,S,Utah,5,152,Wide Left Consensus Big Board (Arif Hasan) — wideleft.football,5116,187,9,31,,,,,,,,,,,,,3,85,Indianapolis,,2026-07-26,130,160,
julian-good-jones-ot--2020,2020,Julian Good-Jones,OT,,,,Wide Left Consensus Big Board (Arif Hasan) — wideleft.football,,,,,,,,,,,,,,,,,,,,,2026-07-26,,,
julian-hill-te--2023,2023,Julian Hill,TE,,6,214,"Jack Lichtenstein Consensus Big Board — 14 of 17 component boards, re-averaged",,,,,,,,,,,,,,,,,,,,,2026-05-04,,,
julian-love-cb-not-2019,2019,Julian Love,CB,Notre Dame,2,44,"Jack Lichtenstein Consensus Big Board — 14 of 17 component boards, re-averaged",5106,195,9,31.75,4.54,,36,121,6.72,4.1,14,,,,,,4,108,NY Giants,,2026-05-04,,,
julian-okwara-edge-not-2020,2020,Julian Okwara,EDGE,Notre Dame,2,61,Wide Left Consensus Big Board (Arif Hasan) — wideleft.football,6042,252,10.25,34.375,,,,,,,27,,,,,,3,67,Detroit,,2026-07-26,66,58,
julian-rochester-dt--2019,2019,Julian Rochester,DT,,7,411,"Jack Lichtenstein Consensus Big Board — 14 of 17 component boards, re-averaged",,,,,,,,,,,,,,,,,,,,,2026-05-04,,,
julien-davenport-ot-buc-2017,2017,Julien Davenport,OT,Bucknell,5,150,Wide Left Consensus Big Board (Arif Hasan) — wideleft.football,6066,318,10.5,36.5,5.45,,27,106,7.57,4.69,18,,,,,,4,130,Houston,,2026-07-26,143,152,78.6
julius-brents-cb-kan-2023,2023,Julius Brents,CB,Kansas State,2,54,"Jack Lichtenstein Consensus Big Board — 14 of 17 component boards, re-averaged",6026,198,9.625,34,4.53,,41.5,138,6.63,4.05,,,,,,,2,44,Indianapolis,,2026-05-04,,,
jullian-taylor-dt-tem-2018,2018,Jullian Taylor,DT,Temple,7,296,Wide Left Consensus Big Board (Arif Hasan) — wideleft.football,,,,,,,,,,,,,,,,,7,223,San Francisco,,2026-07-26,291,290,104.1
justice-hill-rb-okl-2019,2019,Justice Hill,RB,Oklahoma State,4,110,"Jack Lichtenstein Consensus Big Board — 14 of 17 component boards, re-averaged",5095,198,9.5,31.625,4.4,,40,130,,,21,,,,,,4,113,Baltimore,,2026-05-04,,,
justin-crawford-rb-wes-2018,2018,Justin Crawford,RB,West Virginia,,,Wide Left Consensus Big Board (Arif Hasan) — wideleft.football,5113,199,9.125,32,4.64,,33.5,122,,,11,,,,,,,,,,2026-07-26,,,
justin-davis-rb-usc-2017,2017,Justin Davis,RB,USC,7,299,Wide Left Consensus Big Board (Arif Hasan) — wideleft.football,6005,208,9.63,31,,,,,,,21,,,,,,,,,,2026-07-26,343,273,89.7
justin-evans-s-tex-2017,2017,Justin Evans,S,Texas A&M,3,75,Wide Left Consensus Big Board (Arif Hasan) — wideleft.football,5115,199,9.75,32,,,,,,,14,,,,,,2,50,Tampa Bay,,2026-07-26,64,76,116
justin-fields-qb-ohi-2021,2021,Justin Fields,QB,Ohio State,1,5,Wide Left Consensus Big Board (Arif Hasan) — wideleft.football,6026,227,9.125,32.5,4.45,,,,,,,,,,,,1,11,Chicago,,2026-07-26,10,4,85.7
justin-herbert-qb-ore-2020,2020,Justin Herbert,QB,Oregon,1,15,Wide Left Consensus Big Board (Arif Hasan) — wideleft.football,6062,236,10,32.875,4.68,,35.5,123,7.06,4.46,,,,,,,1,6,LA Chargers,,2026-07-26,14,17,
justin-herron-ot-wak-2020,2020,Justin Herron,OT,Wake Forest,7,233,Wide Left Consensus Big Board (Arif Hasan) — wideleft.football,6035,308,8.875,33.5,5.26,1.88,33,105,8.41,4.88,27,,,,,,6,195,New England,,2026-07-26,302,213,
justin-hilliard-lb-ohi-2021,2021,Justin Hilliard,LB,Ohio State,7,240,Wide Left Consensus Big Board (Arif Hasan) — wideleft.football,6004,229,9,31.375,4.81,,34.5,114,7.2,4.34,27,,,,,,,,,,2026-07-26,246,245,91.4
justin-hollins-edge-ore-2019,2019,Justin Hollins,EDGE,Oregon,5,171,"Jack Lichtenstein Consensus Big Board — 14 of 17 component boards, re-averaged",6052,248,10.375,33.375,4.5,,36.5,119,7.06,4.4,25,,,,,,5,156,Denver,,2026-05-04,,,
justin-jackson-rb-nor-2018,2018,Justin Jackson,RB,Northwestern,6,209,Wide Left Consensus Big Board (Arif Hasan) — wideleft.football,5115,199,9.25,30.625,4.52,,38.5,122,6.81,4.07,13,,,,,,7,251,LA Chargers,,2026-07-26,202,210,79.2
justin-jefferson-wr-lsu-2020,2020,Justin Jefferson,WR,LSU,1,18,Wide Left Consensus Big Board (Arif Hasan) — wideleft.football,6012,202,9.125,33,4.43,1.54,37.5,126,,,,,,,,,1,22,Minnesota,,2026-07-26,18,18,
justin-jones-dt-nor-2018,2018,Justin Jones,DT,North Carolina State,5,157,Wide Left Consensus Big Board (Arif Hasan) — wideleft.football,6024,309,10,33.5,5.09,1.76,29,104,7.82,4.74,24,,,,,,3,84,LA Chargers,,2026-07-26,163,150,85.2
justin-lawler-edge-smu-2018,2018,Justin Lawler,EDGE,SMU,7,245,Wide Left Consensus Big Board (Arif Hasan) — wideleft.football,,,,,,,,,,,,,,,,,7,244,LA Rams,,2026-07-26,273,257,89.2
justin-layne-cb-mic-2019,2019,Justin Layne,CB,Michigan State,2,39,"Jack Lichtenstein Consensus Big Board — 14 of 17 component boards, re-averaged",6016,192,9.25,33,4.5,,37.5,134,6.9,4.09,,,,,,,3,83,Pittsburgh,,2026-05-04,,,
justin-madubuike-dt-tex-2020,2020,Justin Madubuike,DT,Texas A&M,2,46,Wide Left Consensus Big Board (Arif Hasan) — wideleft.football,6025,293,9,33.5,4.83,1.73,,,7.37,,31,Pass Rusher,,,,,3,71,Baltimore,,2026-07-26,51,45,
justin-murray-ot--2016,2016,Justin Murray,OT,,,,Wide Left Consensus Big Board (Arif Hasan) — wideleft.football,,,,,,,,,,,,,,,,,,,,,2026-07-26,,,
justin-reid-s-sta-2018,2018,Justin Reid,S,Stanford,2,43,Wide Left Consensus Big Board (Arif Hasan) — wideleft.football,6004,204,9.75,31.625,4.4,,36.5,128,6.65,4.15,16,,,,,,3,68,Houston,,2026-07-26,40,39,88.2
justin-rohrwasser-st-mar-2020,2020,Justin Rohrwasser,ST,Marshall,,,Wide Left Consensus Big Board (Arif Hasan) — wideleft.football,,,,,,,,,,,,K,,,,,5,159,New England,,2026-07-26,,,
justin-senior-ot-mis-2017,2017,Justin Senior,OT,Mississippi State,7,272,Wide Left Consensus Big Board (Arif Hasan) — wideleft.football,6045,331,10.25,34,5.55,,23,98,8.19,5.06,,,,,,,6,210,Seattle,,2026-07-26,287,249,83.2
justin-shaffer-iol-geo-2022,2022,Justin Shaffer,IOL,Georgia,5,172,Wide Left Consensus Big Board (Arif Hasan) — wideleft.football,6037,314,10,33.25,5.14,,25.5,107,,,,,,,,,6,190,Atlanta,,2026-08-06,163,178,78
justin-shorter-wr-flo-2023,2023,Justin Shorter,WR,Florida,7,272,"Jack Lichtenstein Consensus Big Board — 14 of 17 component boards, re-averaged",6042,229,10,33.75,4.55,,35.5,126,,,18,,,,,,5,150,Buffalo,,2026-05-04,,,
justin-simmons-s-bos-2016,2016,Justin Simmons,S,Boston College,3,92,Wide Left Consensus Big Board (Arif Hasan) — wideleft.football,6023,202,9.625,32.625,4.61,,40,126,6.58,3.85,16,,,,,,3,98,Denver,,2026-07-26,,,106.2
justin-skule-ot-van-2019,2019,Justin Skule,OT,Vanderbilt,7,398,"Jack Lichtenstein Consensus Big Board — 14 of 17 component boards, re-averaged",,,,,,,,,,,,,,,,,6,183,San Francisco,,2026-05-04,,,
justin-strnad-lb-wak-2020,2020,Justin Strnad,LB,Wake Forest,6,191,Wide Left Consensus Big Board (Arif Hasan) — wideleft.football,6033,238,9.125,31.75,4.74,,29,113,,4.49,,,,,,,5,178,Denver,,2026-07-26,220,185,
justin-sumpter-wr--2019,2019,Justin Sumpter,WR,,7,361,"Jack Lichtenstein Consensus Big Board — 14 of 17 component boards, re-averaged",,,,,,,,,,,,,,,,,,,,,2026-05-04,,,
justin-thomas-cb--2017,2017,Justin Thomas,CB,,,,Wide Left Consensus Big Board (Arif Hasan) — wideleft.football,,,,,,,,,,,,,,,,,,,,,2026-07-26,,,
justin-vogel-st-mia-2017,2017,Justin Vogel,ST,Miami,,,Wide Left Consensus Big Board (Arif Hasan) — wideleft.football,6044,219,9,32.5,4.7,,34,,,,,P,,,,,,,,,2026-07-26,,,
justin-watson-wr-pen-2018,2018,Justin Watson,WR,Pennsylvania,7,252,Wide Left Consensus Big Board (Arif Hasan) — wideleft.football,,,,,,,,,,,,,,,,,5,144,Tampa Bay,,2026-07-26,225,272,101.8
justin-zimmer-dt--2016,2016,Justin Zimmer,DT,,,,Wide Left Consensus Big Board (Arif Hasan) — wideleft.football,,,,,,,,,,,,,,,,,,,,,2026-07-26,,,
juston-burris-cb-nor-2016,2016,Juston Burris,CB,North Carolina State,6,208,Wide Left Consensus Big Board (Arif Hasan) — wideleft.football,6002,212,8.875,31.5,4.53,,36.5,122,7.1,4.4,19,,,,,,4,118,NY Jets,,2026-07-26,,,99.1
justus-reed-edge--2021,2021,Justus Reed,EDGE,,,,Wide Left Consensus Big Board (Arif Hasan) — wideleft.football,6030,253,9.25,35.25,,,,,,,,,,,,,,,,,2026-07-26,,,
justyn-ross-wr-cle-2022,2022,Justyn Ross,WR,Clemson,4,119,Wide Left Consensus Big Board (Arif Hasan) — wideleft.football,6035,205,9.625,32.125,,,,,,,11,,,,,,,,,,2026-08-06,170,117,94.9
juwan-johnson-wr-ore-2020,2020,Juwan Johnson,WR,Oregon,7,260,Wide Left Consensus Big Board (Arif Hasan) — wideleft.football,6040,230,10.5,34.25,4.58,1.54,33,124,6.94,4.37,14,,,,,,,,,,2026-07-26,218,300,
juwann-winfree-wr-col-2019,2019,Juwann Winfree,WR,Colorado,7,406,"Jack Lichtenstein Consensus Big Board — 14 of 17 component boards, re-averaged",,,,,,,,,,,,,,,,,6,187,Denver,,2026-05-04,,,
juwon-young-lb--2019,2019,Juwon Young,LB,,7,405,"Jack Lichtenstein Consensus Big Board — 14 of 17 component boards, re-averaged",,,,,,,,,,,,,,,,,,,,,2026-05-04,,,
jylan-ware-ot-ala-2017,2017,Jylan Ware,OT,Alabama State,,,Wide Left Consensus Big Board (Arif Hasan) — wideleft.football,,,,,,,,,,,,,,,,,7,231,Las Vegas,,2026-07-26,,,
kc-mcdermott-iol-mia-2018,2018,K.C. McDermott,IOL,Miami,7,276,Wide Left Consensus Big Board (Arif Hasan) — wideleft.football,6055,311,9.75,32.5,5.35,1.83,23.5,97,7.72,4.82,26,,,,,,,,,,2026-07-26,312,277,84
kj-britt-lb-aub-2021,2021,K.J. Britt,LB,Auburn,7,222,Wide Left Consensus Big Board (Arif Hasan) — wideleft.football,6000,235,,,4.76,,32.5,118,7.38,4.4,24,,,,,,5,176,Tampa Bay,,2026-07-26,204,226,85.2
kj-costello-qb--2021,2021,K.J. Costello,QB,,,,Wide Left Consensus Big Board (Arif Hasan) — wideleft.football,,,,,,,,,,,,,,,,,,,,,2026-07-26,,,
kj-dillon-s-wes-2016,2016,K.J. Dillon,S,West Virginia,4,131,Wide Left Consensus Big Board (Arif Hasan) — wideleft.football,6000,210,,,4.53,,,121,,,11,,,,,,5,159,Houston,,2026-07-26,,,92.6
kj-hamler-wr-pen-2020,2020,K.J. Hamler,WR,Penn State,2,55,Wide Left Consensus Big Board (Arif Hasan) — wideleft.football,5085,178,9.375,30.75,,,,,,,15,,,,,,2,46,Denver,,2026-07-26,56,54,
kj-henry-edge-cle-2023,2023,K.J. Henry,EDGE,Clemson,4,119,"Jack Lichtenstein Consensus Big Board — 14 of 17 component boards, re-averaged",6042,251,10,33,4.63,1.65,31.5,112,,,,,,,,,5,137,Washington,,2026-05-04,,,
kj-hill-wr-ohi-2020,2020,K.J. Hill,WR,Ohio State,4,118,Wide Left Consensus Big Board (Arif Hasan) — wideleft.football,5117,196,9.25,29.125,4.6,1.52,32.5,114,,,17,,,,,,7,220,LA Chargers,,2026-07-26,127,113,
kj-malone-iol-lsu-2018,2018,K.J. Malone,IOL,LSU,,,Wide Left Consensus Big Board (Arif Hasan) — wideleft.football,6035,303,9.25,33.5,5.34,1.82,29.5,103,,,15,,,,,,,,,,2026-07-26,,,
kj-maye-wr--2016,2016,K.J. Maye,WR,,,,Wide Left Consensus Big Board (Arif Hasan) — wideleft.football,,,,,,,,,,,,,,,,,,,,,2026-07-26,,,
kj-osborn-wr-mia-2020,2020,K.J. Osborn,WR,Miami,,,Wide Left Consensus Big Board (Arif Hasan) — wideleft.football,5114,203,9.125,31.25,4.48,1.47,37.5,123,7,4.35,18,,,,,,5,176,Minnesota,,2026-07-26,,,
kadar-hollman-cb-tol-2019,2019,Ka'dar Hollman,CB,Toledo,7,282,"Jack Lichtenstein Consensus Big Board — 14 of 17 component boards, re-averaged",,,,,,,,,,,,,,,,,6,185,Green Bay,,2026-05-04,,,
kadarius-toney-wr-flo-2021,2021,Kadarius Toney,WR,Florida,1,31,Wide Left Consensus Big Board (Arif Hasan) — wideleft.football,5115,193,9.25,31.25,4.39,,39.5,136,6.88,4.25,9,,,,,,1,20,NY Giants,,2026-07-26,28,31,84.2
kadeem-telfort-ot--2023,2023,Kadeem Telfort,OT,,7,372,"Jack Lichtenstein Consensus Big Board — 14 of 17 component boards, re-averaged",,,,,,,,,,,,,,,,,,,,,2026-05-04,,,
kaden-elliss-lb-ida-2019,2019,Kaden Elliss,LB,Idaho,7,248,"Jack Lichtenstein Consensus Big Board — 14 of 17 component boards, re-averaged",,,,,,,,,,,,,,,,,7,244,New Orleans,,2026-05-04,,,
kaden-smith-te-sta-2019,2019,Kaden Smith,TE,Stanford,5,149,"Jack Lichtenstein Consensus Big Board — 14 of 17 component boards, re-averaged",6050,255,9.625,32.25,4.92,,32,108,7.08,4.47,15,,,,,,6,176,San Francisco,,2026-05-04,,,
kaevon-merriweather-s-iow-2023,2023,Kaevon Merriweather,S,Iowa,7,238,"Jack Lichtenstein Consensus Big Board — 14 of 17 component boards, re-averaged",6000,205,9.25,31.875,4.62,,35.5,118,,,,,,,,,,,,,2026-05-04,,,
kahale-warring-te-san-2019,2019,Kahale Warring,TE,San Diego State,3,87,"Jack Lichtenstein Consensus Big Board — 14 of 17 component boards, re-averaged",6051,252,9.75,32.75,4.67,,36.5,122,7.21,4.25,19,,,,,,3,86,Houston,,2026-05-04,,,
kahlef-hailassie-cb--2023,2023,Kahlef Hailassie,CB,,7,319,"Jack Lichtenstein Consensus Big Board — 14 of 17 component boards, re-averaged",,,,,,,,,,,,,,,,,,,,,2026-05-04,,,
kahlil-mckenzie-dt-ten-2018,2018,Kahlil McKenzie,DT,Tennessee,7,255,Wide Left Consensus Big Board (Arif Hasan) — wideleft.football,6026,314,10.125,31.5,5.15,1.78,29.5,105,7.94,4.68,26,,,,,,6,198,Kansas City,,2026-07-26,302,246,81.3
kai-nacua-s--2017,2017,Kai Nacua,S,,,,Wide Left Consensus Big Board (Arif Hasan) — wideleft.football,,,,,,,,,,,,,,,,,,,,,2026-07-26,,,
kaiir-elam-cb-flo-2022,2022,Kaiir Elam,CB,Florida,1,30,Wide Left Consensus Big Board (Arif Hasan) — wideleft.football,6014,191,8.875,30.875,4.39,,,,,,,,,,,,1,23,Buffalo,,2026-08-06,34,30,105.7
kaimi-fairbairn-st-ucl-2016,2016,Ka'imi Fairbairn,ST,UCLA,,,Wide Left Consensus Big Board (Arif Hasan) — wideleft.football,5114,183,9.25,31.25,4.96,,,,,,,K,,,,,,,,,2026-07-26,,,
kalan-reed-cb-sou-2016,2016,Kalan Reed,CB,Southern Miss,7,288,Wide Left Consensus Big Board (Arif Hasan) — wideleft.football,,,,,,,,,,,,,,,,,7,253,Tennessee,,2026-07-26,,,121.6
kaleb-eleby-qb-wes-2022,2022,Kaleb Eleby,QB,Western Michigan,7,218,Wide Left Consensus Big Board (Arif Hasan) — wideleft.football,6006,208,9.25,30.625,,,25.5,111,7.57,,,,,,,,,,,,2026-08-06,260,206,85.2
kaleb-mcgary-ot-was-2019,2019,Kaleb McGary,OT,Washington,2,64,"Jack Lichtenstein Consensus Big Board — 14 of 17 component boards, re-averaged",6071,317,10.125,32.875,5.05,,33.5,111,7.66,4.58,23,,,,,,1,31,Atlanta,,2026-05-04,,,
kalen-ballage-rb-ari-2018,2018,Kalen Ballage,RB,Arizona State,4,123,Wide Left Consensus Big Board (Arif Hasan) — wideleft.football,6014,228,9.5,32.75,4.46,,33.5,122,6.91,4.35,15,,,,,,4,131,Miami,,2026-07-26,106,134,100.8
kalia-davis-dt-ucf-2022,2022,Kalia Davis,DT,UCF,7,228,Wide Left Consensus Big Board (Arif Hasan) — wideleft.football,6010,302,9.5,33.625,,,,,,,,,,,,,6,220,San Francisco,,2026-08-06,213,229,107.7
kalija-lipscomb-wr-van-2020,2020,Kalija Lipscomb,WR,Vanderbilt,6,213,Wide Left Consensus Big Board (Arif Hasan) — wideleft.football,5117,207,9.375,32.875,4.57,1.53,32,127,,,16,,,,,,,,,,2026-07-26,198,223,
kalon-barnes-cb-bay-2022,2022,Kalon Barnes,CB,Baylor,6,187,Wide Left Consensus Big Board (Arif Hasan) — wideleft.football,5114,183,9.875,31.75,4.23,,,,,,,,,,,,7,242,Carolina,,2026-08-06,188,190,78.7
kamal-martin-lb-min-2020,2020,Kamal Martin,LB,Minnesota,7,249,Wide Left Consensus Big Board (Arif Hasan) — wideleft.football,6027,240,10.125,34,,,,,,,,,,,,,5,175,Green Bay,,2026-07-26,237,252,
kamalei-correa-edge-boi-2016,2016,Kamalei Correa,EDGE,Boise State,2,53,Wide Left Consensus Big Board (Arif Hasan) — wideleft.football,6025,243,9.375,31.625,4.69,,33,108,,,21,,,,,,2,42,Baltimore,,2026-07-26,,,99
kameron-kelly-s-san-2018,2018,Kameron Kelly,S,San Diego State,6,184,Wide Left Consensus Big Board (Arif Hasan) — wideleft.football,6020,200,,,4.66,,33,120,6.94,4.28,9,,,,,,,,,,2026-07-26,154,187,90.8
kamren-curl-s-ark-2020,2020,Kamren Curl,S,Arkansas,7,284,Wide Left Consensus Big Board (Arif Hasan) — wideleft.football,6010,206,,,4.6,,34.5,125,,,24,,,,,,7,216,Washington,,2026-07-26,326,265,
kamrin-moore-cb-bos-2018,2018,Kamrin Moore,CB,Boston College,7,298,Wide Left Consensus Big Board (Arif Hasan) — wideleft.football,5110,200,,,,,,,,,,,,,,,6,189,New Orleans,,2026-07-26,287,287,93.3
kamryn-pettway-rb-aub-2018,2018,Kamryn Pettway,RB,Auburn,,,Wide Left Consensus Big Board (Arif Hasan) — wideleft.football,5116,233,9.5,31.25,4.74,,33.5,116,,,22,,,,,,,,,,2026-07-26,,,
kamu-grugier-hill-cb-eas-2016,2016,Kamu Grugier-Hill,CB,Eastern Illinois,,,Wide Left Consensus Big Board (Arif Hasan) — wideleft.football,,,,,,,,,,,,,,,,,6,208,New England,,2026-07-26,,,
karan-higdon-rb-mic-2019,2019,Karan Higdon,RB,Michigan,6,208,"Jack Lichtenstein Consensus Big Board — 14 of 17 component boards, re-averaged",5091,206,9.625,30.75,4.49,,34,123,,,21,,,,,,,,,,2026-05-04,,,
karaun-white-wr-wes-2018,2018,Ka'Raun White,WR,West Virginia,,,Wide Left Consensus Big Board (Arif Hasan) — wideleft.football,6010,206,9.625,32.25,4.52,,33.5,118,7.16,4.57,24,,,,,,,,,,2026-07-26,,,
kareem-hunt-rb-tol-2017,2017,Kareem Hunt,RB,Toledo,3,95,Wide Left Consensus Big Board (Arif Hasan) — wideleft.football,5104,216,9.63,31.38,4.62,,36.5,119,,,18,,,,,,3,86,Kansas City,,2026-07-26,123,93,93
karl-brooks-dt-bow-2023,2023,Karl Brooks,DT,Bowling Green,4,135,"Jack Lichtenstein Consensus Big Board — 14 of 17 component boards, re-averaged",,,,,,,,,,,,,,,,,6,179,Green Bay,,2026-05-04,,,
karl-joseph-s-wes-2016,2016,Karl Joseph,S,West Virginia,2,44,Wide Left Consensus Big Board (Arif Hasan) — wideleft.football,5095,205,9.75,32.125,4.57,,,,,,,,,,,,1,14,Las Vegas,,2026-07-26,,,92.3
karter-schult-edge--2017,2017,Karter Schult,EDGE,,,,Wide Left Consensus Big Board (Arif Hasan) — wideleft.football,,,,,,,,,,,,,,,,,,,,,2026-07-26,,,
kary-kutsch-iol--2021,2021,Kary Kutsch,IOL,,,,Wide Left Consensus Big Board (Arif Hasan) — wideleft.football,,,,,,,,,,,,,,,,,,,,,2026-07-26,,,
kary-vincent-jr-cb-lsu-2021,2021,Kary Vincent Jr.,CB,LSU,5,153,Wide Left Consensus Big Board (Arif Hasan) — wideleft.football,5096,185,8.875,30.25,4.36,,35.5,117,,,8,,,,,,7,237,Denver,,2026-07-26,169,143,95.5
kavon-frazier-s-cen-2016,2016,Kavon Frazier,S,Central Michigan,7,238,Wide Left Consensus Big Board (Arif Hasan) — wideleft.football,5117,217,9,32.25,4.53,,,,,,18,,,,,,6,212,Dallas,,2026-07-26,,,93.7
kavontae-turpin-wr--2019,2019,Kavontae Turpin,WR,,7,381,"Jack Lichtenstein Consensus Big Board — 14 of 17 component boards, re-averaged",,,,,,,,,,,,,,,,,,,,,2026-05-04,,,
kawaan-baker-wr-sou-2021,2021,Kawaan Baker,WR,South Alabama,,,Wide Left Consensus Big Board (Arif Hasan) — wideleft.football,6004,210,10.75,32.375,4.44,,39.5,129,7.42,4.41,21,,,,,,7,255,New Orleans,,2026-07-26,,,
kayode-awosika-iol-buf-2021,2021,Kayode Awosika,IOL,Buffalo,7,271,Wide Left Consensus Big Board (Arif Hasan) — wideleft.football,6031,307,9,32.625,5.19,,30,100,8.15,4.91,28,,,,,,,,,,2026-07-26,243,279,84.1
kayshon-boutte-wr-lsu-2023,2023,Kayshon Boutte,WR,LSU,4,114,"Jack Lichtenstein Consensus Big Board — 14 of 17 component boards, re-averaged",5112,195,9.5,31.375,4.5,,29,118,,4.25,,,,,,,6,187,New England,,2026-05-04,,,
kayvon-thibodeaux-edge-ore-2022,2022,Kayvon Thibodeaux,EDGE,Oregon,1,3,Wide Left Consensus Big Board (Arif Hasan) — wideleft.football,6040,254,9.75,33.125,4.58,1.59,,,,,27,,,,,,1,5,NY Giants,,2026-08-06,4,4,87.9
kd-cannon-wr-bay-2017,2017,KD Cannon,WR,Baylor,4,131,Wide Left Consensus Big Board (Arif Hasan) — wideleft.football,5110,182,,,4.41,,37,119,,,13,,,,,,,,,,2026-07-26,128,130,89.9
kd-davis-lb--2023,2023,KD Davis,LB,,7,488,"Jack Lichtenstein Consensus Big Board — 14 of 17 component boards, re-averaged",,,,,,,,,,,,,,,,,,,,,2026-05-04,,,
keandre-jones-lb--2020,2020,Keandre Jones,LB,,,,Wide Left Consensus Big Board (Arif Hasan) — wideleft.football,,,,,,,,,,,,,,,,,,,,,2026-07-26,,,
keanu-neal-s-flo-2016,2016,Keanu Neal,S,Florida,2,55,Wide Left Consensus Big Board (Arif Hasan) — wideleft.football,6004,211,10.625,32.75,4.62,,38,132,7.09,4.38,17,,,,,,1,17,Atlanta,,2026-07-26,,,118.1
keaontay-ingram-rb-usc-2022,2022,Keaontay Ingram,RB,USC,7,259,Wide Left Consensus Big Board (Arif Hasan) — wideleft.football,5116,221,9,31.5,4.53,,34.5,122,,,,,,,,,6,201,Arizona,,2026-08-06,239,267,90
keaton-mitchell-rb-eas-2023,2023,Keaton Mitchell,RB,East Carolina,6,197,"Jack Lichtenstein Consensus Big Board — 14 of 17 component boards, re-averaged",5077,179,9.25,30.75,4.37,,38,126,,,,,,,,,,,,,2026-05-04,,,
keaton-sutherland-iol--2019,2019,Keaton Sutherland,IOL,,7,313,"Jack Lichtenstein Consensus Big Board — 14 of 17 component boards, re-averaged",,,,,,,,,,,,,,,,,,,,,2026-05-04,,,
keeanu-benton-dt-wis-2023,2023,Keeanu Benton,DT,Wisconsin,2,57,"Jack Lichtenstein Consensus Big Board — 14 of 17 component boards, re-averaged",6036,309,9.75,33.875,5.08,1.79,29.5,111,7.34,4.65,25,,,,,,2,49,Pittsburgh,,2026-05-04,,,
keegan-cryder-iol--2022,2022,Keegan Cryder,IOL,,,,Wide Left Consensus Big Board (Arif Hasan) — wideleft.football,,,,,,,,,,,,,,,,,,,,,2026-08-06,,,
keelan-doss-wr-uc-2019,2019,Keelan Doss,WR,UC Davis,7,257,"Jack Lichtenstein Consensus Big Board — 14 of 17 component boards, re-averaged",6021,211,9.5,31.75,,,,,,,8,,,,,,,,,,2026-05-04,,,
keenan-reynolds-wr-nav-2016,2016,Keenan Reynolds,WR,Navy,,,Wide Left Consensus Big Board (Arif Hasan) — wideleft.football,,,,,,,,,,,,,,,,,6,182,Baltimore,,2026-07-26,,,
keenen-brown-te-tex-2019,2019,Keenen Brown,TE,Texas State,7,343,"Jack Lichtenstein Consensus Big Board — 14 of 17 component boards, re-averaged",6024,250,9.875,34.5,4.75,,33,117,7.27,4.51,17,,,,,,,,,,2026-05-04,,,
keesean-johnson-wr-fre-2019,2019,KeeSean Johnson,WR,Fresno State,6,187,"Jack Lichtenstein Consensus Big Board — 14 of 17 component boards, re-averaged",6011,201,9.5,32,4.6,,30,117,7.28,4.23,14,,,,,,6,174,Arizona,,2026-05-04,,,
keevan-lucas-wr-tul-2017,2017,Keevan Lucas,WR,Tulsa,,,Wide Left Consensus Big Board (Arif Hasan) — wideleft.football,5093,192,9.88,31.88,4.55,,32.5,119,7.23,4.43,11,,,,,,,,,,2026-07-26,,,
keidron-smith-cb--2023,2023,Keidron Smith,CB,,7,369,"Jack Lichtenstein Consensus Big Board — 14 of 17 component boards, re-averaged",,,,,,,,,,,,,,,,,,,,,2026-05-04,,,
keion-adams-lb-wes-2017,2017,Keion Adams,LB,Western Michigan,,,Wide Left Consensus Big Board (Arif Hasan) — wideleft.football,,,,,,,,,,,,,,,,,7,248,Pittsburgh,,2026-07-26,,,
keion-crossen-cb-wes-2018,2018,Keion Crossen,CB,Western Carolina,,,Wide Left Consensus Big Board (Arif Hasan) — wideleft.football,,,,,,,,,,,,,,,,,7,243,New England,,2026-07-26,,,
keion-white-edge-geo-2023,2023,Keion White,EDGE,Georgia Tech,2,37,"Jack Lichtenstein Consensus Big Board — 14 of 17 component boards, re-averaged",6047,285,10.125,34,,,34,117,,,30,,,,,,2,46,New England,,2026-05-04,,,
keionta-davis-edge-ten-2017,2017,Keionta Davis,EDGE,Tenn-Chattanooga,6,191,Wide Left Consensus Big Board (Arif Hasan) — wideleft.football,6030,271,9.5,34,,,,,,,,,,,,,,,,,2026-07-26,186,190,85
keir-thomas-dt--2022,2022,Keir Thomas,DT,,,,Wide Left Consensus Big Board (Arif Hasan) — wideleft.football,,,,,,,,,,,,,,,,,,,,,2026-08-06,,,
keishawn-bierria-lb-was-2018,2018,Keishawn Bierria,LB,Washington,7,266,Wide Left Consensus Big Board (Arif Hasan) — wideleft.football,6003,230,9.375,31.125,4.79,,30.5,117,7.26,,21,,,,,,6,217,Denver,,2026-07-26,265,275,90.8
keith-brown-lb--2017,2017,Keith Brown,LB,,,,Wide Left Consensus Big Board (Arif Hasan) — wideleft.football,,,,,,,,,,,,,,,,,,,,,2026-07-26,,,
keith-duncan-st-iow-2021,2021,Keith Duncan,ST,Iowa,,,Wide Left Consensus Big Board (Arif Hasan) — wideleft.football,5093,176,8.25,28.5,,,,,,,,K,,,,,,,,,2026-07-26,,,
keith-gallmon-s--2022,2022,Keith Gallmon,S,,,,Wide Left Consensus Big Board (Arif Hasan) — wideleft.football,,,,,,,,,,,,,,,,,,,,,2026-08-06,,,
keith-ismael-iol-san-2020,2020,Keith Ismael,IOL,San Diego State,6,179,Wide Left Consensus Big Board (Arif Hasan) — wideleft.football,6027,309,10,32.25,5.34,1.81,32,108,8.14,4.65,,,,,,,5,156,Washington,,2026-07-26,149,188,
keith-kelsey-lb-lou-2017,2017,Keith Kelsey,LB,Louisville,7,286,Wide Left Consensus Big Board (Arif Hasan) — wideleft.football,6003,233,10.13,31.38,4.92,,29.5,112,7.28,4.56,23,,,,,,,,,,2026-07-26,307,278,93.6
keith-kirkwood-wr--2018,2018,Keith Kirkwood,WR,,,,Wide Left Consensus Big Board (Arif Hasan) — wideleft.football,,,,,,,,,,,,,,,,,,,,,2026-07-26,,,
keith-lumpkin-ot--2016,2016,Keith Lumpkin,OT,,,,Wide Left Consensus Big Board (Arif Hasan) — wideleft.football,,,,,,,,,,,,,,,,,,,,,2026-07-26,,,
keith-marshall-rb-geo-2016,2016,Keith Marshall,RB,Georgia,6,206,Wide Left Consensus Big Board (Arif Hasan) — wideleft.football,5113,219,9.375,31.625,4.31,,30.5,,,,25,,,,,,7,242,Washington,,2026-07-26,,,89.3
keith-taylor-cb-was-2021,2021,Keith Taylor,CB,Washington,5,154,Wide Left Consensus Big Board (Arif Hasan) — wideleft.football,6022,187,9.5,31.125,4.54,,33.5,127,6.85,4.26,12,,,,,,5,166,Carolina,,2026-07-26,171,153,97.6
keitrel-clark-cb-lou-2023,2023,Kei'Trel Clark,CB,Louisville,5,144,"Jack Lichtenstein Consensus Big Board — 14 of 17 component boards, re-averaged",5102,181,8.25,29.625,4.42,,34.5,122,,4.21,,,,,,,6,180,Arizona,,2026-05-04,,,
keivarae-russell-cb-not-2016,2016,Keivarae Russell,CB,Notre Dame,4,106,Wide Left Consensus Big Board (Arif Hasan) — wideleft.football,5111,192,10,31.625,4.49,,,,,,17,,,,,,3,74,Kansas City,,2026-07-26,,,92.9
keke-coutee-wr-tex-2018,2018,Keke Coutee,WR,Texas Tech,4,139,Wide Left Consensus Big Board (Arif Hasan) — wideleft.football,5096,181,8.375,29.875,4.43,,34.5,113,6.93,4.15,14,,,,,,4,103,Houston,,2026-07-26,131,141,85.7
kelee-ringo-cb-geo-2023,2023,Kelee Ringo,CB,Georgia,2,36,"Jack Lichtenstein Consensus Big Board — 14 of 17 component boards, re-averaged",6016,207,8.5,31.25,4.36,,33.5,122,,,,,,,,,4,105,Philadelphia,,2026-05-04,,,
kellen-diesch-ot-ari-2022,2022,Kellen Diesch,OT,Arizona State,5,143,Wide Left Consensus Big Board (Arif Hasan) — wideleft.football,6071,301,9.5,32.25,4.89,,32.5,110,7.77,4.43,,,,,,,,,,,2026-08-06,137,146,103.2
kellen-mond-qb-tex-2021,2021,Kellen Mond,QB,Texas A&M,3,99,Wide Left Consensus Big Board (Arif Hasan) — wideleft.football,6025,211,9.375,33.5,,,,,,,,,,,,,3,66,Minnesota,,2026-07-26,91,101,95.3
kellen-soulek-dt--2018,2018,Kellen Soulek,DT,,,,Wide Left Consensus Big Board (Arif Hasan) — wideleft.football,,,,,,,,,,,,,,,,,,,,,2026-07-26,,,
kelvin-harmon-wr-nor-2019,2019,Kelvin Harmon,WR,North Carolina State,2,61,"Jack Lichtenstein Consensus Big Board — 14 of 17 component boards, re-averaged",6024,221,9.5,32.5,4.6,,32.5,117,7.15,4.32,18,,,,,,6,206,Washington,,2026-05-04,,,
kelvin-joseph-cb-ken-2021,2021,Kelvin Joseph,CB,Kentucky,3,66,Wide Left Consensus Big Board (Arif Hasan) — wideleft.football,5114,197,9.25,31.875,4.34,,35,128,7.21,4.22,,,,,,,2,44,Dallas,,2026-07-26,55,69,128.1
kelvin-mcknight-wr--2019,2019,Kelvin McKnight,WR,,7,420,"Jack Lichtenstein Consensus Big Board — 14 of 17 component boards, re-averaged",,,,,,,,,,,,,,,,,,,,,2026-05-04,,,
kelvin-peterson-cb-okl-2016,2016,Kelvin Peterson,CB,Oklahoma State,,,Wide Left Consensus Big Board (Arif Hasan) — wideleft.football,5103,181,8.625,31,4.58,,35.5,121,6.94,4.31,14,,,,,,,,,,2026-07-26,,,
kelvin-taylor-rb-flo-2016,2016,Kelvin Taylor,RB,Florida,5,159,Wide Left Consensus Big Board (Arif Hasan) — wideleft.football,5102,207,8.25,29.25,4.6,,32,113,,,15,,,,,,6,211,San Francisco,,2026-07-26,,,83.6
kemoko-turay-edge-rut-2018,2018,Kemoko Turay,EDGE,Rutgers,3,81,Wide Left Consensus Big Board (Arif Hasan) — wideleft.football,6045,253,9.625,33.375,4.65,,,,,,,,,,,,2,52,Indianapolis,,2026-07-26,88,77,103
ken-crawley-cb-col-2016,2016,Ken Crawley,CB,Colorado,7,262,Wide Left Consensus Big Board (Arif Hasan) — wideleft.football,6003,187,9,30.5,4.43,,36.5,119,,,,,,,,,,,,,2026-07-26,,,84.4
ken-ekanem-edge-vir-2017,2017,Ken Ekanem,EDGE,Virginia Tech,,,Wide Left Consensus Big Board (Arif Hasan) — wideleft.football,6026,257,10.5,32,4.88,,30.5,115,7.38,4.58,,,,,,,,,,,2026-07-26,,,
ken-walker-iii-rb-mic-2022,2022,Ken Walker III,RB,Michigan State,2,43,Wide Left Consensus Big Board (Arif Hasan) — wideleft.football,5092,211,9.5,30.375,4.38,,34,122,,,,,,,,,2,41,Seattle,,2026-08-06,42,41,85.7
ken-webster-cb-mis-2019,2019,Ken Webster,CB,Mississippi,7,305,"Jack Lichtenstein Consensus Big Board — 14 of 17 component boards, re-averaged",5107,203,8.875,32,4.43,,43,133,6.85,4.14,18,,,,,,7,252,New England,,2026-05-04,,,
kendall-coleman-edge-syr-2020,2020,Kendall Coleman,EDGE,Syracuse,7,279,Wide Left Consensus Big Board (Arif Hasan) — wideleft.football,6026,257,10,31.75,4.95,1.7,32,114,7.5,4.62,,,,,,,,,,,2026-07-26,365,257,
kendall-donnerson-edge-se-2018,2018,Kendall Donnerson,EDGE,SE Missouri St.,,,Wide Left Consensus Big Board (Arif Hasan) — wideleft.football,,,,,,,,,,,,,,,,,7,248,Green Bay,,2026-07-26,,,
kendall-fuller-cb-vir-2016,2016,Kendall Fuller,CB,Virginia Tech,2,47,Wide Left Consensus Big Board (Arif Hasan) — wideleft.football,5114,187,10,31.5,4.48,,,,,,15,,,,,,3,84,Washington,,2026-07-26,,,86.7
kendall-joseph-lb-cle-2019,2019,Kendall Joseph,LB,Clemson,7,393,"Jack Lichtenstein Consensus Big Board — 14 of 17 component boards, re-averaged",5115,233,9.75,31.625,,,,,,,25,,,,,,,,,,2026-05-04,,,
kendall-randolph-iol--2023,2023,Kendall Randolph,IOL,,7,436,"Jack Lichtenstein Consensus Big Board — 14 of 17 component boards, re-averaged",,,,,,,,,,,,,,,,,,,,,2026-05-04,,,
kendall-sheffield-cb-ohi-2019,2019,Kendall Sheffield,CB,Ohio State,6,192,"Jack Lichtenstein Consensus Big Board — 14 of 17 component boards, re-averaged",5113,193,9.25,31.5,,,,,,,,,,,,,4,111,Atlanta,,2026-05-04,,,
kendall-smith-s--2023,2023,Kendall Smith,S,,7,428,"Jack Lichtenstein Consensus Big Board — 14 of 17 component boards, re-averaged",,,,,,,,,,,,,,,,,,,,,2026-05-04,,,
kendall-williamson-s-sta-2023,2023,Kendall Williamson,S,Stanford,7,471,"Jack Lichtenstein Consensus Big Board — 14 of 17 component boards, re-averaged",,,,,,,,,,,,,,,,,7,258,Chicago,,2026-05-04,,,
kendell-beckwith-lb-lsu-2017,2017,Kendell Beckwith,LB,LSU,4,127,Wide Left Consensus Big Board (Arif Hasan) — wideleft.football,6022,243,9.5,33,,,,,,,20,,,,,,3,107,Tampa Bay,,2026-07-26,110,141,81.3
kendre-miller-rb-tcu-2023,2023,Kendre Miller,RB,TCU,4,113,"Jack Lichtenstein Consensus Big Board — 14 of 17 component boards, re-averaged",5111,215,9.375,32.375,,,,,,,,,,,,,3,71,New Orleans,,2026-05-04,,,
kendrick-bourne-wr-eas-2017,2017,Kendrick Bourne,WR,Eastern Washington,,,Wide Left Consensus Big Board (Arif Hasan) — wideleft.football,6011,203,9.13,32.5,4.68,,34,125,6.73,4.21,9,,,,,,,,,,2026-07-26,,,
kendrick-green-iol-ill-2021,2021,Kendrick Green,IOL,Illinois,4,104,Wide Left Consensus Big Board (Arif Hasan) — wideleft.football,6010,305,,,4.89,,35.5,119,7.79,4.67,25,,,,,,3,87,Pittsburgh,,2026-07-26,98,106,129.1
kendrick-norton-dt-mia-2018,2018,Kendrick Norton,DT,Miami,6,186,Wide Left Consensus Big Board (Arif Hasan) — wideleft.football,6027,314,10.75,33.75,5.25,1.79,,,,,30,,,,,,7,242,Carolina,,2026-07-26,200,188,87.7
kendrick-rogers-wr-tex-2020,2020,Kendrick Rogers,WR,Texas A&M,7,268,Wide Left Consensus Big Board (Arif Hasan) — wideleft.football,6042,208,9.125,33.125,4.51,1.48,35.5,124,7.13,4.48,17,,,,,,,,,,2026-07-26,316,263,
kene-nwangwu-rb-iow-2021,2021,Kene Nwangwu,RB,Iowa State,7,293,Wide Left Consensus Big Board (Arif Hasan) — wideleft.football,,,,,,,,,,,,,,,,,4,119,Minnesota,,2026-07-26,304,291,102.9
kennedy-brooks-rb-okl-2022,2022,Kennedy Brooks,RB,Oklahoma,7,219,Wide Left Consensus Big Board (Arif Hasan) — wideleft.football,5105,209,7.625,30.25,4.59,,31,120,,,,,,,,,,,,,2026-08-06,251,220,79.8
kenneth-dixon-rb-lou-2016,2016,Kenneth Dixon,RB,Louisiana Tech,2,59,Wide Left Consensus Big Board (Arif Hasan) — wideleft.football,5101,215,9,31,4.56,,37.5,121,6.97,4.28,18,,,,,,4,134,Baltimore,,2026-07-26,,,80.4
kenneth-gainwell-rb-mem-2021,2021,Kenneth Gainwell,RB,Memphis,3,87,Wide Left Consensus Big Board (Arif Hasan) — wideleft.football,5083,201,9.875,30.625,4.42,,,,,,21,,,,,,5,150,Philadelphia,,2026-07-26,93,84,92.5
kenneth-murray-lb-okl-2020,2020,Kenneth Murray,LB,Oklahoma,1,20,Wide Left Consensus Big Board (Arif Hasan) — wideleft.football,6024,241,9.5,32.75,4.52,,38,129,,,21,,,,,,1,23,LA Chargers,,2026-07-26,20,21,
kenneth-olugbode-lb--2017,2017,Kenneth Olugbode,LB,,,,Wide Left Consensus Big Board (Arif Hasan) — wideleft.football,,,,,,,,,,,,,,,,,,,,,2026-07-26,,,
kenny-allen-st--2017,2017,Kenny Allen,ST,,,,Wide Left Consensus Big Board (Arif Hasan) — wideleft.football,,,,,,,,,,,,P,,,,,,,,,2026-07-26,,,
kenny-clark-dt-ucl-2016,2016,Kenny Clark,DT,UCLA,2,33,Wide Left Consensus Big Board (Arif Hasan) — wideleft.football,6025,314,10.5,32.125,5.06,,28.5,102,,4.62,29,,,,,,1,27,Green Bay,,2026-07-26,,,113.2
kenny-golladay-wr-nor-2017,2017,Kenny Golladay,WR,Northern Illinois,6,200,Wide Left Consensus Big Board (Arif Hasan) — wideleft.football,6040,218,9.75,32,4.5,,35.5,120,7,4.15,18,,,,,,3,96,Detroit,,2026-07-26,145,219,94.8
kenny-lawler-wr-cal-2016,2016,Kenny Lawler,WR,California,4,122,Wide Left Consensus Big Board (Arif Hasan) — wideleft.football,6024,203,10.5,33.375,4.64,,31,111,7.13,4.2,,,,,,,7,243,Seattle,,2026-07-26,,,84.9
kenny-mcintosh-rb-geo-2023,2023,Kenny McIntosh,RB,Georgia,5,168,"Jack Lichtenstein Consensus Big Board — 14 of 17 component boards, re-averaged",6002,204,9,30.5,4.62,,,,,,,,,,,,7,237,Seattle,,2026-05-04,,,
kenny-pickett-qb-pit-2022,2022,Kenny Pickett,QB,Pittsburgh,1,32,Wide Left Consensus Big Board (Arif Hasan) — wideleft.football,6032,217,8.5,30.875,4.73,,33.5,121,,4.29,,,,,,,1,20,Pittsburgh,,2026-08-06,24,33,101.3
kenny-randall-dt--2021,2021,Kenny Randall,DT,,,,Wide Left Consensus Big Board (Arif Hasan) — wideleft.football,6015,302,10.25,32.75,,,,,,,,,,,,,,,,,2026-07-26,,,
kenny-robinson-s-wes-2020,2020,Kenny Robinson,S,West Virginia,7,218,Wide Left Consensus Big Board (Arif Hasan) — wideleft.football,,,,,,,,,,,,,,,,,5,152,Carolina,,2026-07-26,209,230,
kenny-willekes-edge-mic-2020,2020,Kenny Willekes,EDGE,Michigan State,4,131,Wide Left Consensus Big Board (Arif Hasan) — wideleft.football,6034,264,9.5,31.25,4.87,1.69,32.5,119,7.39,,32,,,,,,7,225,Minnesota,,2026-07-26,159,124,
kenny-yeboah-te-mis-2021,2021,Kenny Yeboah,TE,Mississippi,5,157,Wide Left Consensus Big Board (Arif Hasan) — wideleft.football,6037,250,9.375,33.25,,,34,116,,,,,,,,,,,,,2026-07-26,161,150,78.4
kenny-young-lb-ucl-2018,2018,Kenny Young,LB,UCLA,7,265,Wide Left Consensus Big Board (Arif Hasan) — wideleft.football,6010,236,9.5,32.375,4.6,,36,117,7.38,4.48,23,,,,,,4,122,Baltimore,,2026-07-26,233,269,91.1
kent-london-s--2016,2016,Kent London,S,,,,Wide Left Consensus Big Board (Arif Hasan) — wideleft.football,,,,,,,,,,,,,,,,,,,,,2026-07-26,,,
kentavius-street-edge-nor-2018,2018,Kentavius Street,EDGE,North Carolina State,5,173,Wide Left Consensus Big Board (Arif Hasan) — wideleft.football,6022,280,10.25,32.875,4.87,1.67,,,,,28,,,,,,4,128,San Francisco,,2026-07-26,222,168,87.7
kentrell-brothers-lb-mis-2016,2016,Kentrell Brothers,LB,Missouri,3,82,Wide Left Consensus Big Board (Arif Hasan) — wideleft.football,6003,245,9.75,30.75,4.89,,28.5,110,6.99,4.11,19,,,,,,5,160,Minnesota,,2026-07-26,,,90.9
kenyan-drake-rb-ala-2016,2016,Kenyan Drake,RB,Alabama,4,123,Wide Left Consensus Big Board (Arif Hasan) — wideleft.football,6005,210,9,31,4.45,,34.5,123,7.04,4.21,10,,,,,,3,73,Miami,,2026-07-26,,,82.7
kenyon-green-iol-tex-2022,2022,Kenyon Green,IOL,Texas A&M,1,25,Wide Left Consensus Big Board (Arif Hasan) — wideleft.football,6037,323,10.375,34.125,5.24,,26,102,,5.12,20,,,,,,1,15,Houston,,2026-08-06,25,25,100.1
keon-hatcher-wr-ark-2017,2017,Keon Hatcher,WR,Arkansas,,,Wide Left Consensus Big Board (Arif Hasan) — wideleft.football,6012,212,9.5,32,4.64,,,,,,16,,,,,,,,,,2026-07-26,,,
keondre-coburn-dt-tex-2023,2023,Keondre Coburn,DT,Texas,5,175,"Jack Lichtenstein Consensus Big Board — 14 of 17 component boards, re-averaged",6015,332,9.125,31.5,5.22,1.82,27.5,101,,,24,Run Stuffer,,,,,6,194,Kansas City,,2026-05-04,,,
kerby-joseph-s-ill-2022,2022,Kerby Joseph,S,Illinois,3,96,Wide Left Consensus Big Board (Arif Hasan) — wideleft.football,6010,203,10.25,33,,,38.5,123,,,18,,,,,,3,97,Detroit,,2026-08-06,105,96,104.2
kermit-whitfield-wr-flo-2017,2017,Kermit Whitfield,WR,Florida State,,,Wide Left Consensus Big Board (Arif Hasan) — wideleft.football,5076,185,8.5,30,4.44,,32.5,120,7.17,4.37,8,,,,,,,,,,2026-07-26,,,
kerrith-whyte-jr-rb-flo-2019,2019,Kerrith Whyte Jr.,RB,Florida Atlantic,7,327,"Jack Lichtenstein Consensus Big Board — 14 of 17 component boards, re-averaged",,,,,,,,,,,,,,,,,7,222,Chicago,,2026-05-04,,,
kerryon-johnson-rb-aub-2018,2018,Kerryon Johnson,RB,Auburn,2,59,Wide Left Consensus Big Board (Arif Hasan) — wideleft.football,5114,213,9.75,32.5,,,40,126,7.07,4.29,11,,,,,,2,43,Detroit,,2026-07-26,63,56,91.6
keshawn-vaughn-rb-van-2020,2020,Ke'Shawn Vaughn,RB,Vanderbilt,5,143,Wide Left Consensus Big Board (Arif Hasan) — wideleft.football,5095,214,8.875,30.875,4.51,,32,117,,,,,,,,,3,76,Tampa Bay,,2026-07-26,132,144,
kevin-austin-jr-wr-not-2022,2022,Kevin Austin Jr.,WR,Notre Dame,6,184,Wide Left Consensus Big Board (Arif Hasan) — wideleft.football,6023,200,9,32.875,4.43,,39,132,6.71,4.15,,,,,,,,,,,2026-08-06,159,188,91.1
kevin-byard-s-mid-2016,2016,Kevin Byard,S,Middle Tennessee State,4,135,Wide Left Consensus Big Board (Arif Hasan) — wideleft.football,,,,,,,,,,,,,,,,,3,64,Tennessee,,2026-07-26,,,98.8
kevin-davidson-qb-pri-2020,2020,Kevin Davidson,QB,Princeton,,,Wide Left Consensus Big Board (Arif Hasan) — wideleft.football,6041,224,8.25,30.875,5,,28,109,7.13,4.37,,,,,,,,,,,2026-07-26,,,
kevin-davis-lb-col-2017,2017,Kevin Davis,LB,Colorado State,,,Wide Left Consensus Big Board (Arif Hasan) — wideleft.football,6017,235,10.25,32.38,4.91,,30.5,110,7.18,4.38,11,,,,,,,,,,2026-07-26,,,
kevin-dodd-edge-cle-2016,2016,Kevin Dodd,EDGE,Clemson,2,34,Wide Left Consensus Big Board (Arif Hasan) — wideleft.football,6050,277,10,34,4.86,,,,,,,,,,,,2,33,Tennessee,,2026-07-26,,,85.7
kevin-dotson-iol-lou-2020,2020,Kevin Dotson,IOL,Louisiana,5,171,Wide Left Consensus Big Board (Arif Hasan) — wideleft.football,,,,,,,,,,,,,,,,,4,135,Pittsburgh,,2026-07-26,215,181,
kevin-givens-dt-pen-2019,2019,Kevin Givens,DT,Penn State,7,310,"Jack Lichtenstein Consensus Big Board — 14 of 17 component boards, re-averaged",6012,285,9.625,32.125,5.08,1.59,31,115,7.63,4.62,32,Pass Rusher,,,,,,,,,2026-05-04,,,
kevin-harris-rb-sou-2022,2022,Kevin Harris,RB,South Carolina,7,252,Wide Left Consensus Big Board (Arif Hasan) — wideleft.football,5097,221,9.25,31.25,,,38.5,126,,,21,,,,,,6,183,New England,,2026-08-06,232,255,88.1
kevin-hogan-qb-sta-2016,2016,Kevin Hogan,QB,Stanford,6,183,Wide Left Consensus Big Board (Arif Hasan) — wideleft.football,6032,218,10.25,32.375,4.78,,32.5,113,6.9,4.31,,,,,,,5,162,Kansas City,,2026-07-26,,,81.9
kevin-king-cb-was-2017,2017,Kevin King,CB,Washington,2,41,Wide Left Consensus Big Board (Arif Hasan) — wideleft.football,6030,200,9.5,32,4.43,,39.5,,6.56,3.89,11,,,,,,2,33,Green Bay,,2026-07-26,36,45,107.5
kevin-maurice-dt--2017,2017,Kevin Maurice,DT,,,,Wide Left Consensus Big Board (Arif Hasan) — wideleft.football,,,,,,,,,,,,,,,,,,,,,2026-07-26,,,
kevin-peterson-cb-okl-2016,2016,Kevin Peterson,CB,Oklahoma State,7,217,Wide Left Consensus Big Board (Arif Hasan) — wideleft.football,5103,181,8.625,31,4.58,,35.5,121,6.94,4.31,14,,,,,,,,,,2026-07-26,,,85.5
kevin-shaa-wr--2022,2022,Kevin Shaa,WR,,,,Wide Left Consensus Big Board (Arif Hasan) — wideleft.football,,,,,,,,,,,,,,,,,,,,,2026-08-06,,,
kevin-toliver-cb-lsu-2018,2018,Kevin Toliver,CB,LSU,5,167,Wide Left Consensus Big Board (Arif Hasan) — wideleft.football,6030,204,9.375,30.125,,,33,120,,,10,,,,,,,,,,2026-07-26,133,169,110.7
kevon-perry-dt--2018,2018,Kevon Perry,DT,,,,Wide Left Consensus Big Board (Arif Hasan) — wideleft.football,,,,,,,,,,,,,,,,,,,,,2026-07-26,,,
kevon-seymour-cb-usc-2016,2016,Kevon Seymour,CB,USC,6,210,Wide Left Consensus Big Board (Arif Hasan) — wideleft.football,5114,186,9,30.75,4.39,,35,124,,4.18,12,,,,,,6,218,Buffalo,,2026-07-26,,,88.4
keyarris-garrett-wr-tul-2016,2016,Keyarris Garrett,WR,Tulsa,4,138,Wide Left Consensus Big Board (Arif Hasan) — wideleft.football,6033,220,9,34.5,4.53,,36.5,128,7.3,4.33,14,,,,,,,,,,2026-07-26,,,85.7
keyshawn-james-dt--2022,2022,Keyshawn James,DT,,,,Wide Left Consensus Big Board (Arif Hasan) — wideleft.football,,,,,,,,,,,,,,,,,,,,,2026-08-06,,,
keytaon-thompson-wr--2023,2023,Keytaon Thompson,WR,,7,438,"Jack Lichtenstein Consensus Big Board — 14 of 17 component boards, re-averaged",,,,,,,,,,,,,,,,,,,,,2026-05-04,,,
khairi-clark-dt--2018,2018,Khairi Clark,DT,,,,Wide Left Consensus Big Board (Arif Hasan) — wideleft.football,,,,,,,,,,,,,,,,,,,,,2026-07-26,,,
khalan-tolson-lb--2022,2022,Khalan Tolson,LB,,,,Wide Left Consensus Big Board (Arif Hasan) — wideleft.football,,,,,,,,,,,,,,,,,,,,,2026-08-06,,,
khaleke-hudson-lb-mic-2020,2020,Khaleke Hudson,LB,Michigan,6,195,Wide Left Consensus Big Board (Arif Hasan) — wideleft.football,5110,224,10,29.375,4.56,,33,120,,,30,,,,,,5,162,Washington,,2026-07-26,192,187,
khalen-saunders-dt-wes-2019,2019,Khalen Saunders,DT,Western Illinois,3,77,"Jack Lichtenstein Consensus Big Board — 14 of 17 component boards, re-averaged",6003,324,9.125,32.25,5.01,1.73,30.5,101,7.57,4.62,27,Run Stuffer,,,,,3,84,Kansas City,,2026-05-04,,,
khalfani-muhammad-rb-cal-2017,2017,Khalfani Muhammad,RB,California,,,Wide Left Consensus Big Board (Arif Hasan) — wideleft.football,,,,,,,,,,,,,,,,,7,241,Tennessee,,2026-07-26,,,
khalid-hill-rb--2018,2018,Khalid Hill,RB,,,,Wide Left Consensus Big Board (Arif Hasan) — wideleft.football,,,,,,,,,,,,FB,,,,,,,,,2026-07-26,,,
khalid-kareem-edge-not-2020,2020,Khalid Kareem,EDGE,Notre Dame,4,124,Wide Left Consensus Big Board (Arif Hasan) — wideleft.football,6036,268,10.875,34.375,,,,,,,,,,,,,5,147,Cincinnati,,2026-07-26,119,127,
khalil-davis-dt-neb-2020,2020,Khalil Davis,DT,Nebraska,6,181,Wide Left Consensus Big Board (Arif Hasan) — wideleft.football,6010,308,9.75,31.5,4.75,1.66,,,,,32,,,,,,6,194,Tampa Bay,,2026-07-26,191,178,
khalil-herbert-rb-vir-2021,2021,Khalil Herbert,RB,Virginia Tech,4,129,Wide Left Consensus Big Board (Arif Hasan) — wideleft.football,5087,210,8.625,31.25,4.46,,33,115,6.96,4.31,22,,,,,,6,217,Chicago,,2026-07-26,150,125,84.7
khalil-hodge-lb--2019,2019,Khalil Hodge,LB,,7,382,"Jack Lichtenstein Consensus Big Board — 14 of 17 component boards, re-averaged",,,,,,,,,,,,,,,,,,,,,2026-05-04,,,
khalil-shakir-wr-boi-2022,2022,Khalil Shakir,WR,Boise State,3,94,Wide Left Consensus Big Board (Arif Hasan) — wideleft.football,5117,196,9.5,29,4.43,,34.5,124,7.28,4.21,,,,,,,5,148,Buffalo,,2026-08-06,106,94,79.5
khari-willis-s-mic-2019,2019,Khari Willis,S,Michigan State,7,218,"Jack Lichtenstein Consensus Big Board — 14 of 17 component boards, re-averaged",5107,213,9.5,31,4.52,,34.5,118,,,22,,,,,,4,109,Indianapolis,,2026-05-04,,,
khoury-bethley-s--2023,2023,Khoury Bethley,S,,7,379,"Jack Lichtenstein Consensus Big Board — 14 of 17 component boards, re-averaged",,,,,,,,,,,,,,,,,,,,,2026-05-04,,,
khyiris-tonga-dt-byu-2021,2021,Khyiris Tonga,DT,BYU,6,186,Wide Left Consensus Big Board (Arif Hasan) — wideleft.football,6021,325,9.625,31,,,,,,,35,Run Stuffer,,,,,7,250,Chicago,,2026-07-26,218,170,89.4
kiante-hardin-cb--2020,2020,KiAnte Hardin,CB,,,,Wide Left Consensus Big Board (Arif Hasan) — wideleft.football,,,,,,,,,,,,,,,,,,,,,2026-07-26,,,
kilian-zierer-ot--2023,2023,Kilian Zierer,OT,,7,463,"Jack Lichtenstein Consensus Big Board — 14 of 17 component boards, re-averaged",,,,,,,,,,,,,,,,,,,,,2026-05-04,,,
kindle-vildor-cb-geo-2020,2020,Kindle Vildor,CB,Georgia Southern,5,172,Wide Left Consensus Big Board (Arif Hasan) — wideleft.football,5097,191,9.625,32.25,4.44,,39.5,133,7.14,4.28,22,,,,,,5,163,Chicago,,2026-07-26,151,175,
kingsley-enagbare-edge-sou-2022,2022,Kingsley Enagbare,EDGE,South Carolina,3,75,Wide Left Consensus Big Board (Arif Hasan) — wideleft.football,6036,258,10.625,34.75,4.87,1.72,36.5,117,,,,,,,,,5,179,Green Bay,,2026-08-06,94,69,107.1
kingsley-keke-dt-tex-2019,2019,Kingsley Keke,DT,Texas A&M,5,154,"Jack Lichtenstein Consensus Big Board — 14 of 17 component boards, re-averaged",6025,288,9.75,34.5,4.95,1.77,31.5,111,7.55,4.46,,Pass Rusher,,,,,5,150,Green Bay,,2026-05-04,,,
kiy-hester-s--2019,2019,Kiy Hester,S,,7,402,"Jack Lichtenstein Consensus Big Board — 14 of 17 component boards, re-averaged",,,,,,,,,,,,,,,,,,,,,2026-05-04,,,
kj-stepherson-wr--2021,2021,KJ Stepherson,WR,,,,Wide Left Consensus Big Board (Arif Hasan) — wideleft.football,,,,,,,,,,,,,,,,,,,,,2026-07-26,,,
klavon-chaisson-edge-lsu-2020,2020,K'Lavon Chaisson,EDGE,LSU,1,17,Wide Left Consensus Big Board (Arif Hasan) — wideleft.football,6030,254,9.875,32.25,,,,,,,,,,,,,1,20,Jacksonville,,2026-07-26,17,16,
ko-kieft-te-min-2022,2022,Ko Kieft,TE,Minnesota,,,Wide Left Consensus Big Board (Arif Hasan) — wideleft.football,,,,,,,,,,,,,,,,,6,218,Tampa Bay,,2026-08-06,,,
kobie-turner-dt-wak-2023,2023,Kobie Turner,DT,Wake Forest,4,123,"Jack Lichtenstein Consensus Big Board — 14 of 17 component boards, re-averaged",,,,,,,,,,,,,,,,,3,89,LA Rams,,2026-05-04,,,
kody-russey-iol--2022,2022,Kody Russey,IOL,,,,Wide Left Consensus Big Board (Arif Hasan) — wideleft.football,,,,,,,,,,,,,,,,,,,,,2026-08-06,,,
kofi-amichia-iol-sou-2017,2017,Kofi Amichia,IOL,South Florida,,,Wide Left Consensus Big Board (Arif Hasan) — wideleft.football,,,,,,,,,,,,,,,,,6,212,Green Bay,,2026-07-26,,,
kolby-harvell-peel-s-okl-2022,2022,Kolby Harvell-Peel,S,Oklahoma State,7,281,Wide Left Consensus Big Board (Arif Hasan) — wideleft.football,5115,213,9.75,31.125,,,,,,,21,,,,,,,,,,2026-08-06,287,280,82.6
kolby-listenbee-wr-tcu-2016,2016,Kolby Listenbee,WR,TCU,5,150,Wide Left Consensus Big Board (Arif Hasan) — wideleft.football,6000,197,8.25,31.375,4.39,,35.5,129,,,15,,,,,,6,192,Buffalo,,2026-07-26,,,82.6
kolton-miller-ot-ucl-2018,2018,Kolton Miller,OT,UCLA,2,45,Wide Left Consensus Big Board (Arif Hasan) — wideleft.football,6085,309,10.75,34.125,4.95,1.67,31.5,121,7.34,4.49,24,,,,,,1,15,Las Vegas,,2026-07-26,32,46,108.4
korey-cunningham-ot-cin-2018,2018,Korey Cunningham,OT,Cincinnati,,,Wide Left Consensus Big Board (Arif Hasan) — wideleft.football,,,,,,,,,,,,,,,,,7,254,Arizona,,2026-07-26,,,
korey-robertson-wr-sou-2018,2018,Korey Robertson,WR,Southern Miss,6,189,Wide Left Consensus Big Board (Arif Hasan) — wideleft.football,6005,212,9.125,32.875,4.56,,34,123,,,13,,,,,,,,,,2026-07-26,281,190,97.5
kris-boyd-cb-tex-2019,2019,Kris Boyd,CB,Texas,4,137,"Jack Lichtenstein Consensus Big Board — 14 of 17 component boards, re-averaged",5114,201,9,30.75,4.45,,36.5,127,6.94,4.08,19,,,,,,7,217,Minnesota,,2026-05-04,,,
kris-frost-lb-aub-2016,2016,Kris Frost,LB,Auburn,7,289,Wide Left Consensus Big Board (Arif Hasan) — wideleft.football,6021,240,10.5,32.5,4.97,,29,113,,,,,,,,,,,,,2026-07-26,,,83.1
kris-weatherspoon-cb--2018,2018,Kris Weatherspoon,CB,,,,Wide Left Consensus Big Board (Arif Hasan) — wideleft.football,,,,,,,,,,,,,,,,,,,,,2026-07-26,,,
krishawn-hogan-wr--2017,2017,Krishawn Hogan,WR,,,,Wide Left Consensus Big Board (Arif Hasan) — wideleft.football,6030,222,9.88,32.13,,,,,,,,,,,,,,,,,2026-07-26,,,
kristian-fulton-cb-lsu-2020,2020,Kristian Fulton,CB,LSU,1,28,Wide Left Consensus Big Board (Arif Hasan) — wideleft.football,5115,197,9.125,30.625,4.46,,35.5,123,6.94,4.36,,,,,,,2,61,Tennessee,,2026-07-26,45,24,
kurt-benkert-qb-vir-2018,2018,Kurt Benkert,QB,Virginia,6,193,Wide Left Consensus Big Board (Arif Hasan) — wideleft.football,6025,218,9.5,31,4.95,,31,112,7.15,4.33,16,,,,,,,,,,2026-07-26,217,194,74.3
kurt-hinish-dt--2022,2022,Kurt Hinish,DT,,,,Wide Left Consensus Big Board (Arif Hasan) — wideleft.football,,,,,,,,,,,,,,,,,,,,,2026-08-06,,,
kvon-wallace-s-cle-2020,2020,K'Von Wallace,S,Clemson,4,112,Wide Left Consensus Big Board (Arif Hasan) — wideleft.football,5110,206,9.125,31,4.53,1.55,38,133,6.76,4.15,18,,,,,,4,127,Philadelphia,,2026-07-26,143,106,
kwity-paye-edge-mic-2021,2021,Kwity Paye,EDGE,Michigan,1,15,Wide Left Consensus Big Board (Arif Hasan) — wideleft.football,6024,261,10,33,4.52,,35.3,118,,,36,,,,,,1,21,Indianapolis,,2026-07-26,17,15,80.8
kylan-johnson-lb--2020,2020,Kylan Johnson,LB,,,,Wide Left Consensus Big Board (Arif Hasan) — wideleft.football,,,,,,,,,,,,,,,,,,,,,2026-07-26,,,
kyle-allen-qb--2018,2018,Kyle Allen,QB,,,,Wide Left Consensus Big Board (Arif Hasan) — wideleft.football,,,,,,,,,,,,,,,,,,,,,2026-07-26,,,
kyle-bosch-iol--2018,2018,Kyle Bosch,IOL,,,,Wide Left Consensus Big Board (Arif Hasan) — wideleft.football,,,,,,,,,,,,,,,,,,,,,2026-07-26,,,
kyle-carter-te--2016,2016,Kyle Carter,TE,,7,276,Wide Left Consensus Big Board (Arif Hasan) — wideleft.football,,,,,,,,,,,,,,,,,,,,,2026-07-26,,,84.1
kyle-dugger-s-len-2020,2020,Kyle Dugger,S,Lenoir-Rhyne,2,58,Wide Left Consensus Big Board (Arif Hasan) — wideleft.football,6007,217,10.375,32.875,4.49,1.52,42,134,,,17,,,,,,2,37,New England,,2026-07-26,53,59,
kyle-friend-iol--2016,2016,Kyle Friend,IOL,,,,Wide Left Consensus Big Board (Arif Hasan) — wideleft.football,,,,,,,,,,,,,,,,,,,,,2026-07-26,,,
kyle-fuller-iol-bay-2017,2017,Kyle Fuller,IOL,Baylor,6,211,Wide Left Consensus Big Board (Arif Hasan) — wideleft.football,6046,307,10.25,34.13,5.24,,26,96,7.71,4.84,23,,,,,,7,243,Houston,,2026-07-26,204,205,92.2
kyle-hamilton-s-not-2022,2022,Kyle Hamilton,S,Notre Dame,1,4,Wide Left Consensus Big Board (Arif Hasan) — wideleft.football,6041,220,9.125,33,4.59,,38,131,6.9,4.32,,,,,,,1,14,Baltimore,,2026-08-06,6,2,89.4
kyle-hicks-rb-tcu-2018,2018,Kyle Hicks,RB,TCU,,,Wide Left Consensus Big Board (Arif Hasan) — wideleft.football,5095,204,9.5,32.5,4.63,,36.5,122,,,13,,,,,,,,,,2026-07-26,,,
kyle-hinton-iol-was-2020,2020,Kyle Hinton,IOL,Washburn,,,Wide Left Consensus Big Board (Arif Hasan) — wideleft.football,,,,,,,,,,,,,,,,,7,253,Minnesota,,2026-07-26,,,
kyle-kalis-iol--2017,2017,Kyle Kalis,IOL,,7,246,Wide Left Consensus Big Board (Arif Hasan) — wideleft.football,,,,,,,,,,,,,,,,,,,,,2026-07-26,262,246,89.7
kyle-kempt-qb--2019,2019,Kyle Kempt,QB,,7,426,"Jack Lichtenstein Consensus Big Board — 14 of 17 component boards, re-averaged",,,,,,,,,,,,,,,,,,,,,2026-05-04,,,
kyle-lauletta-qb-ric-2018,2018,Kyle Lauletta,QB,Richmond,3,98,Wide Left Consensus Big Board (Arif Hasan) — wideleft.football,6025,222,9.75,30.625,4.81,,31,113,6.95,4.07,,,,,,,4,108,NY Giants,,2026-07-26,102,99,102.3
kyle-murphy-iol-rho-2020,2020,Kyle Murphy,IOL,Rhode Island,7,294,Wide Left Consensus Big Board (Arif Hasan) — wideleft.football,6032,316,10,33.875,5.3,1.86,28,104,7.81,4.68,19,,,,,,,,,,2026-07-26,310,289,
kyle-murphy-ot-sta-2016,2016,Kyle Murphy,OT,Stanford,4,132,Wide Left Consensus Big Board (Arif Hasan) — wideleft.football,6063,305,9.75,33.5,5.19,,,,,,23,,,,,,6,200,Green Bay,,2026-07-26,,,85.1
kyle-patterson-te-air-2023,2023,Kyle Patterson,TE,Air Force,7,446,"Jack Lichtenstein Consensus Big Board — 14 of 17 component boards, re-averaged",6051,260,9.25,32.5,,,,,,,,,,,,,,,,,2026-05-04,,,
kyle-peko-dt--2016,2016,Kyle Peko,DT,,,,Wide Left Consensus Big Board (Arif Hasan) — wideleft.football,,,,,,,,,,,,,,,,,,,,,2026-07-26,,,
kyle-philips-wr-ucl-2022,2022,Kyle Philips,WR,UCLA,4,136,Wide Left Consensus Big Board (Arif Hasan) — wideleft.football,5112,189,8.625,29.625,4.58,,33.5,124,,,,,,,,,5,163,Tennessee,,2026-08-06,151,135,91.3
kyle-pitts-te-flo-2021,2021,Kyle Pitts,TE,Florida,1,2,Wide Left Consensus Big Board (Arif Hasan) — wideleft.football,6055,245,10.625,33.5,4.44,,33.5,129,7.12,4.3,22,,,,,,1,4,Atlanta,,2026-07-26,2,2,90.6
kyle-pugh-lb--2021,2021,Kyle Pugh,LB,,,,Wide Left Consensus Big Board (Arif Hasan) — wideleft.football,,,,,,,,,,,,,,,,,,,,,2026-07-26,,,
kyle-queiro-s--2018,2018,Kyle Queiro,S,,,,Wide Left Consensus Big Board (Arif Hasan) — wideleft.football,,,,,,,,,,,,,,,,,,,,,2026-07-26,,,
kyle-rose-dt--2016,2016,Kyle Rose,DT,,,,Wide Left Consensus Big Board (Arif Hasan) — wideleft.football,,,,,,,,,,,,,,,,,,,,,2026-07-26,,,
kyle-shurmur-qb-van-2019,2019,Kyle Shurmur,QB,Vanderbilt,7,339,"Jack Lichtenstein Consensus Big Board — 14 of 17 component boards, re-averaged",6040,230,8.875,32.75,4.91,,29.5,106,7.51,4.53,,,,,,,,,,,2026-05-04,,,
kyle-soelle-lb--2023,2023,Kyle Soelle,LB,,7,462,"Jack Lichtenstein Consensus Big Board — 14 of 17 component boards, re-averaged",,,,,,,,,,,,,,,,,,,,,2026-05-04,,,
kyle-trask-qb-flo-2021,2021,Kyle Trask,QB,Florida,3,91,Wide Left Consensus Big Board (Arif Hasan) — wideleft.football,6052,236,10.125,33,5.1,,31.5,113,7.08,4.6,,,,,,,2,64,Tampa Bay,,2026-07-26,86,86,107.9
kyle-vantrease-qb--2023,2023,Kyle Vantrease,QB,,7,375,"Jack Lichtenstein Consensus Big Board — 14 of 17 component boards, re-averaged",,,,,,,,,,,,,,,,,,,,,2026-05-04,,,
kylen-granson-te-smu-2021,2021,Kylen Granson,TE,SMU,7,241,Wide Left Consensus Big Board (Arif Hasan) — wideleft.football,,,,,,,,,,,,,,,,,4,127,Indianapolis,,2026-07-26,226,236,80.8
kyler-fackrell-lb-uta-2016,2016,Kyler Fackrell,LB,Utah State,3,66,Wide Left Consensus Big Board (Arif Hasan) — wideleft.football,6050,245,10.125,33,4.72,,34.5,121,,,15,,,,,,3,88,Green Bay,,2026-07-26,,,84.1
kyler-gordon-cb-was-2022,2022,Kyler Gordon,CB,Washington,2,36,Wide Left Consensus Big Board (Arif Hasan) — wideleft.football,5114,194,9.25,31,4.52,,,,,,,,,,,,2,39,Chicago,,2026-08-06,45,34,83.4
kyler-murray-qb-okl-2019,2019,Kyler Murray,QB,Oklahoma,1,8,"Jack Lichtenstein Consensus Big Board — 14 of 17 component boards, re-averaged",5101,207,9.5,28.5,,,,,,,,,,,,,1,1,Arizona,,2026-05-04,,,
kylie-fitts-edge-uta-2018,2018,Kylie Fitts,EDGE,Utah,5,164,Wide Left Consensus Big Board (Arif Hasan) — wideleft.football,6036,263,9.5,33,4.69,1.61,32.5,117,6.88,4.19,31,,,,,,6,181,Chicago,,2026-07-26,168,167,78.5
kylin-hill-rb-mis-2021,2021,Kylin Hill,RB,Mississippi State,5,141,Wide Left Consensus Big Board (Arif Hasan) — wideleft.football,5104,214,9.625,30.5,4.51,,36,122,7.13,4.35,22,,,,,,7,256,Green Bay,,2026-07-26,178,134,84.1
kyren-williams-rb-not-2022,2022,Kyren Williams,RB,Notre Dame,4,129,Wide Left Consensus Big Board (Arif Hasan) — wideleft.football,5092,194,9,28.625,4.65,,32,116,,,,,,,,,5,164,LA Rams,,2026-08-06,150,127,89
kyron-johnson-lb-kan-2022,2022,Kyron Johnson,LB,Kansas,7,266,Wide Left Consensus Big Board (Arif Hasan) — wideleft.football,,,,,,,,,,,,,,,,,6,181,Philadelphia,,2026-08-06,227,268,83
kyu-blu-kelly-cb-sta-2023,2023,Kyu Blu Kelly,CB,Stanford,5,142,"Jack Lichtenstein Consensus Big Board — 14 of 17 component boards, re-averaged",6002,191,9.75,32,4.52,,36,131,,,,,,,,,5,157,Baltimore,,2026-05-04,,,
kyzir-white-s-wes-2018,2018,Kyzir White,S,West Virginia,3,90,Wide Left Consensus Big Board (Arif Hasan) — wideleft.football,6017,216,10.125,31.625,,,35.5,113,,,21,,,,,,4,119,LA Chargers,,2026-07-26,95,87,101.6
lj-collier-edge-tcu-2019,2019,L.J. Collier,EDGE,TCU,3,67,"Jack Lichtenstein Consensus Big Board — 14 of 17 component boards, re-averaged",6022,283,10,34,4.91,1.75,30,118,7.71,4.78,25,,,,,,1,29,Seattle,,2026-05-04,,,
lj-scott-rb-mic-2019,2019,L.J. Scott,RB,Michigan State,7,266,"Jack Lichtenstein Consensus Big Board — 14 of 17 component boards, re-averaged",6003,227,9.375,32.125,,,33,120,7.27,4.34,21,,,,,,,,,,2026-05-04,,,
labryan-ray-dt-ala-2022,2022,LaBryan Ray,DT,Alabama,,,Wide Left Consensus Big Board (Arif Hasan) — wideleft.football,6042,283,8.5,32.625,,,,,,,,Pass Rusher,,,,,,,,,2026-08-06,,,
lachavious-simmons-iol-ten-2020,2020,Lachavious Simmons,IOL,Tennessee State,,,Wide Left Consensus Big Board (Arif Hasan) — wideleft.football,,,,,,,,,,,,,,,,,7,227,Chicago,,2026-07-26,,,
ladarius-hamilton-edge-nor-2020,2020,LaDarius Hamilton,EDGE,North Texas,,,Wide Left Consensus Big Board (Arif Hasan) — wideleft.football,6020,262,,,4.89,1.74,30,114,7.66,4.49,27,,,,,,,,,,2026-07-26,,,
ladarius-harris-dt--2019,2019,LaDarius Harris,DT,,7,396,"Jack Lichtenstein Consensus Big Board — 14 of 17 component boards, re-averaged",,,,,,,,,,,,,,,,,,,,,2026-05-04,,,
lamar-jackson-cb-neb-2020,2020,Lamar Jackson,CB,Nebraska,5,176,Wide Left Consensus Big Board (Arif Hasan) — wideleft.football,6020,208,9.5,32.25,4.58,,36.5,122,,,10,,,,,,,,,,2026-07-26,214,174,
lamar-jackson-qb-lou-2018,2018,Lamar Jackson,QB,Louisville,1,21,Wide Left Consensus Big Board (Arif Hasan) — wideleft.football,6022,216,9.5,33.125,,,,,,,,,,,,,1,32,Baltimore,,2026-07-26,21,23,116.8
lamical-perine-rb-flo-2020,2020,La'Mical Perine,RB,Florida,5,141,Wide Left Consensus Big Board (Arif Hasan) — wideleft.football,5106,216,10.25,31.625,4.62,,35,118,7.13,4.31,22,,,,,,4,120,NY Jets,,2026-07-26,134,146,
lamont-gaillard-iol-geo-2019,2019,Lamont Gaillard,IOL,Georgia,4,108,"Jack Lichtenstein Consensus Big Board — 14 of 17 component boards, re-averaged",6025,305,10.375,33.5,,,,,,,,,,,,,6,179,Arizona,,2026-05-04,,,
lance-boykin-cb-coa-2023,2023,Lance Boykin,CB,Coastal Carolina,7,305,"Jack Lichtenstein Consensus Big Board — 14 of 17 component boards, re-averaged",6023,200,9.75,32.375,,,,124,,,13,,,,,,,,,,2026-05-04,,,
landis-durham-edge--2019,2019,Landis Durham,EDGE,,7,358,"Jack Lichtenstein Consensus Big Board — 14 of 17 component boards, re-averaged",,,,,,,,,,,,,,,,,,,,,2026-05-04,,,
landon-dickerson-iol-ala-2021,2021,Landon Dickerson,IOL,Alabama,1,32,Wide Left Consensus Big Board (Arif Hasan) — wideleft.football,6055,333,10.375,33.25,,,,,,,,,,,,,2,37,Philadelphia,,2026-07-26,35,33,117.4
landon-turner-iol-nor-2016,2016,Landon Turner,IOL,North Carolina,4,105,Wide Left Consensus Big Board (Arif Hasan) — wideleft.football,6037,330,10.375,32.875,5.58,,19,88,,,30,,,,,,,,,,2026-07-26,,,100.5
landon-young-ot-ken-2021,2021,Landon Young,OT,Kentucky,7,244,Wide Left Consensus Big Board (Arif Hasan) — wideleft.football,6061,310,10.125,33.75,5,,30.5,108,7.7,4.89,34,,,,,,6,206,New Orleans,,2026-07-26,245,242,92.6
lannden-zanders-s--2023,2023,Lannden Zanders,S,,7,476,"Jack Lichtenstein Consensus Big Board — 14 of 17 component boards, re-averaged",,,,,,,,,,,,,,,,,,,,,2026-05-04,,,
laquon-treadwell-wr-mis-2016,2016,Laquon Treadwell,WR,Mississippi,1,11,Wide Left Consensus Big Board (Arif Hasan) — wideleft.football,6020,221,9.5,33.375,4.52,,33,117,,,12,,,,,,1,23,Minnesota,,2026-07-26,,,92.5
laremy-tunsil-ot-mis-2016,2016,Laremy Tunsil,OT,Mississippi,1,1,Wide Left Consensus Big Board (Arif Hasan) — wideleft.football,6050,310,10,34.25,5.23,,,,,,,,,,,,1,13,Miami,,2026-07-26,,,91.5
larnel-coleman-ot-mas-2021,2021,Larnel Coleman,OT,Massachusetts,7,297,Wide Left Consensus Big Board (Arif Hasan) — wideleft.football,6062,307,10.375,36.25,,,,,,,,,,,,,7,231,Miami,,2026-07-26,282,299,107.9
laron-stokes-dt--2021,2021,LaRon Stokes,DT,,,,Wide Left Consensus Big Board (Arif Hasan) — wideleft.football,,,,,,,,,,,,,,,,,,,,,2026-07-26,,,
larrell-murchison-dt-nor-2020,2020,Larrell Murchison,DT,North Carolina State,5,149,Wide Left Consensus Big Board (Arif Hasan) — wideleft.football,6024,297,10,32.625,5.05,1.81,29,118,7.89,4.51,29,,,,,,5,174,Tennessee,,2026-07-26,144,145,
larry-borom-ot-mis-2021,2021,Larry Borom,OT,Missouri,7,235,Wide Left Consensus Big Board (Arif Hasan) — wideleft.football,6047,322,10.375,33.125,5.12,,31,,,,,,,,,,5,151,Chicago,,2026-07-26,219,251,98.5
larry-ogunjobi-dt-cha-2017,2017,Larry Ogunjobi,DT,Charlotte,3,84,Wide Left Consensus Big Board (Arif Hasan) — wideleft.football,6025,305,10,32.63,4.97,,32,116,7.55,4.75,26,,,,,,3,65,Cleveland,,2026-07-26,87,83,96.7
larry-rose-iii-rb--2018,2018,Larry Rose III,RB,,,,Wide Left Consensus Big Board (Arif Hasan) — wideleft.football,,,,,,,,,,,,,,,,,,,,,2026-07-26,,,
larry-rountree-iii-rb-mis-2021,2021,Larry Rountree III,RB,Missouri,7,224,Wide Left Consensus Big Board (Arif Hasan) — wideleft.football,5105,211,9.125,30.75,4.62,,30,,6.96,,,,,,,,6,198,LA Chargers,,2026-07-26,189,220,73.1
larry-tharpe-jr-dt--2018,2018,Larry Tharpe Jr.,DT,,,,Wide Left Consensus Big Board (Arif Hasan) — wideleft.football,,,,,,,,,,,,,,,,,,,,,2026-07-26,,,
lavert-hill-cb-mic-2020,2020,Lavert Hill,CB,Michigan,6,201,Wide Left Consensus Big Board (Arif Hasan) — wideleft.football,5100,190,9.125,30.875,,,,,,,21,,,,,,,,,,2026-07-26,185,200,
laviska-shenault-jr-wr-col-2020,2020,Laviska Shenault Jr.,WR,Colorado,2,42,Wide Left Consensus Big Board (Arif Hasan) — wideleft.football,6005,227,9,31.875,4.58,,,,,,17,,,,,,2,42,Jacksonville,,2026-07-26,49,36,
lavon-coleman-rb-was-2018,2018,Lavon Coleman,RB,Washington,,,Wide Left Consensus Big Board (Arif Hasan) — wideleft.football,5106,215,9.25,30.5,4.65,,33,120,,,23,,,,,,,,,,2026-07-26,,,
lawrence-cager-wr-geo-2020,2020,Lawrence Cager,WR,Georgia,7,278,Wide Left Consensus Big Board (Arif Hasan) — wideleft.football,6046,220,8.875,33.375,,,,,,,,,,,,,,,,,2026-07-26,289,268,
lawrence-thomas-dt-mic-2016,2016,Lawrence Thomas,DT,Michigan State,7,283,Wide Left Consensus Big Board (Arif Hasan) — wideleft.football,6034,286,10.125,33.25,4.98,,35,113,,,,Pass Rusher,,,,,,,,,2026-07-26,,,99.8
lecitus-smith-iol-vir-2022,2022,Lecitus Smith,IOL,Virginia Tech,5,156,Wide Left Consensus Big Board (Arif Hasan) — wideleft.football,6032,314,9.625,31.875,5.18,,,99,7.88,4.78,23,,,,,,6,215,Arizona,,2026-08-06,185,148,92.7
leddie-brown-rb-wes-2022,2022,Leddie Brown,RB,West Virginia,,,Wide Left Consensus Big Board (Arif Hasan) — wideleft.football,6001,213,9.75,31.375,4.64,,30,118,,,,,,,,,,,,,2026-08-06,,,
leighton-vander-esch-lb-boi-2018,2018,Leighton Vander Esch,LB,Boise State,1,30,Wide Left Consensus Big Board (Arif Hasan) — wideleft.football,6042,256,9.75,33.875,4.65,,39.5,124,6.88,4.15,20,,,,,,1,19,Dallas,,2026-07-26,20,29,108.8
leka-uhatafe-iol--2018,2018,Leka Uhatafe,IOL,,,,Wide Left Consensus Big Board (Arif Hasan) — wideleft.football,6050,310,10.25,33,,,,,,,,,,,,,,,,,2026-07-26,,,
leki-fotu-dt-uta-2020,2020,Leki Fotu,DT,Utah,4,119,Wide Left Consensus Big Board (Arif Hasan) — wideleft.football,6053,330,10.625,34.25,5.15,1.8,,,,,21,Run Stuffer,,,,,4,114,Arizona,,2026-07-26,112,121,
lenard-tillery-rb--2017,2017,Lenard Tillery,RB,,,,Wide Left Consensus Big Board (Arif Hasan) — wideleft.football,,,,,,,,,,,,,,,,,,,,,2026-07-26,,,
lene-maiava-iol--2016,2016,Lene Maiava,IOL,,,,Wide Left Consensus Big Board (Arif Hasan) — wideleft.football,,,,,,,,,,,,,,,,,,,,,2026-07-26,,,
leo-chenal-lb-wis-2022,2022,Leo Chenal,LB,Wisconsin,2,61,Wide Left Consensus Big Board (Arif Hasan) — wideleft.football,6025,250,9.75,31,4.53,,40.5,128,,,,,,,,,3,103,Kansas City,,2026-08-06,60,62,85.8
leo-koloamatangi-iol--2017,2017,Leo Koloamatangi,IOL,,,,Wide Left Consensus Big Board (Arif Hasan) — wideleft.football,,,,,,,,,,,,,,,,,,,,,2026-07-26,,,
leon-jacobs-lb-wis-2018,2018,Leon Jacobs,LB,Wisconsin,6,188,Wide Left Consensus Big Board (Arif Hasan) — wideleft.football,6011,246,9.625,33.5,4.48,,34.5,122,7.14,4.44,26,,,,,,7,230,Jacksonville,,2026-07-26,184,189,106.4
leon-mcquay-iii-s-usc-2017,2017,Leon McQuay III,S,USC,,,Wide Left Consensus Big Board (Arif Hasan) — wideleft.football,,,,,,,,,,,,,,,,,6,218,Kansas City,,2026-07-26,,,
leon-oneal-jr-s-tex-2022,2022,Leon O'Neal Jr.,S,Texas A&M,6,199,Wide Left Consensus Big Board (Arif Hasan) — wideleft.football,6004,204,10.25,31.625,,,35,125,6.89,,15,,,,,,,,,,2026-08-06,222,191,108.8
leonard-floyd-lb-geo-2016,2016,Leonard Floyd,LB,Georgia,1,21,Wide Left Consensus Big Board (Arif Hasan) — wideleft.football,6055,244,10.125,33.125,4.6,,39.5,127,,,,,,,,,1,9,Chicago,,2026-07-26,,,88.2
leonard-fournette-rb-lsu-2017,2017,Leonard Fournette,RB,LSU,1,9,Wide Left Consensus Big Board (Arif Hasan) — wideleft.football,6004,240,9.25,31.63,4.51,,28.5,,,,,,,,,,1,4,Jacksonville,,2026-07-26,5,9,137.3
leonard-taylor-iii-te-cin-2023,2023,Leonard Taylor III,TE,Cincinnati,7,383,"Jack Lichtenstein Consensus Big Board — 14 of 17 component boards, re-averaged",6045,250,10.125,32.75,,,,,,,,,,,,,,,,,2026-05-04,,,
leonard-wester-ot--2016,2016,Leonard Wester,OT,,,,Wide Left Consensus Big Board (Arif Hasan) — wideleft.football,,,,,,,,,,,,,,,,,,,,,2026-07-26,,,
leonte-carroo-wr-rut-2016,2016,Leonte Carroo,WR,Rutgers,3,81,Wide Left Consensus Big Board (Arif Hasan) — wideleft.football,5117,211,9.625,31,4.5,,35.5,120,,,14,,,,,,3,86,Miami,,2026-07-26,,,87.3
leraven-clark-ot-tex-2016,2016,Le'Raven Clark,OT,Texas Tech,3,78,Wide Left Consensus Big Board (Arif Hasan) — wideleft.football,6052,316,11,36.125,5.16,,,,,,18,,,,,,3,82,Indianapolis,,2026-07-26,,,94.3
leshaun-sims-cb-sou-2016,2016,LeShaun Sims,CB,Southern Utah,7,219,Wide Left Consensus Big Board (Arif Hasan) — wideleft.football,6004,203,8.125,31.625,4.53,,37,120,7.08,4.19,11,,,,,,5,157,Tennessee,,2026-07-26,,,85.6
levante-bellamy-rb-wes-2020,2020,LeVante Bellamy,RB,Western Michigan,7,262,Wide Left Consensus Big Board (Arif Hasan) — wideleft.football,5087,192,8.75,30.25,4.5,,39.5,125,,,16,,,,,,,,,,2026-07-26,268,273,
levi-bell-edge--2023,2023,Levi Bell,EDGE,,7,240,"Jack Lichtenstein Consensus Big Board — 14 of 17 component boards, re-averaged",,,,,,,,,,,,,,,,,,,,,2026-05-04,,,
levi-onwuzurike-dt-was-2021,2021,Levi Onwuzurike,DT,Washington,2,43,Wide Left Consensus Big Board (Arif Hasan) — wideleft.football,6027,290,10.125,33,4.89,,30,109,,,29,Pass Rusher,,,,,2,41,Detroit,,2026-07-26,41,45,89.8
levi-wallace-cb-ala-2018,2018,Levi Wallace,CB,Alabama,6,183,Wide Left Consensus Big Board (Arif Hasan) — wideleft.football,6002,183,9.375,32.75,4.63,,33,,,,,,,,,,,,,,2026-07-26,255,185,79.4
levon-myers-ot--2017,2017,Levon Myers,OT,,,,Wide Left Consensus Big Board (Arif Hasan) — wideleft.football,,,,,,,,,,,,,,,,,,,,,2026-07-26,,,
levonta-taylor-cb--2020,2020,Levonta Taylor,CB,,7,280,Wide Left Consensus Big Board (Arif Hasan) — wideleft.football,,,,,,,,,,,,,,,,,,,,,2026-07-26,443,254,
lew-nichols-iii-rb-cen-2023,2023,Lew Nichols III,RB,Central Michigan,7,419,"Jack Lichtenstein Consensus Big Board — 14 of 17 component boards, re-averaged",,,,,,,,,,,,,,,,,7,235,Green Bay,,2026-05-04,,,
lewis-cine-s-geo-2022,2022,Lewis Cine,S,Georgia,2,33,Wide Left Consensus Big Board (Arif Hasan) — wideleft.football,6022,199,9.375,32.25,4.37,,36.5,133,,,,,,,,,1,32,Minnesota,,2026-08-06,38,31,84.3
lewis-neal-edge--2017,2017,Lewis Neal,EDGE,,7,293,Wide Left Consensus Big Board (Arif Hasan) — wideleft.football,,,,,,,,,,,,,,,,,,,,,2026-07-26,403,297,92.2
liam-eichenberg-ot-not-2021,2021,Liam Eichenberg,OT,Notre Dame,2,44,Wide Left Consensus Big Board (Arif Hasan) — wideleft.football,6061,306,9.625,32.375,,,26.5,105,7.53,4.58,33,,,,,,2,42,Miami,,2026-07-26,49,44,94.1
liljordan-humphrey-wr-tex-2019,2019,Lil'Jordan Humphrey,WR,Texas,7,302,"Jack Lichtenstein Consensus Big Board — 14 of 17 component boards, re-averaged",6035,210,9.5,32.75,4.75,,33.5,119,7.09,4.29,13,,,,,,,,,,2026-05-04,,,
ljarius-sneed-s-lou-2020,2020,L'Jarius Sneed,S,Louisiana Tech,7,227,Wide Left Consensus Big Board (Arif Hasan) — wideleft.football,6004,192,8.875,31.375,4.37,1.51,41,131,,,12,,,,,,4,138,Kansas City,,2026-07-26,184,233,
lloyd-carrington-cb--2016,2016,Lloyd Carrington,CB,,,,Wide Left Consensus Big Board (Arif Hasan) — wideleft.football,,,,,,,,,,,,,,,,,,,,,2026-07-26,,,
lloyd-cushenberry-iii-iol-lsu-2020,2020,Lloyd Cushenberry III,IOL,LSU,2,53,Wide Left Consensus Big Board (Arif Hasan) — wideleft.football,6031,312,10.375,34.125,5.27,1.82,,,,,25,,,,,,3,83,Denver,,2026-07-26,61,52,
loc-edwards-st--2016,2016,Loc Edwards,ST,,,,Wide Left Consensus Big Board (Arif Hasan) — wideleft.football,6041,209,9.375,32.375,4.98,,,,,,,P,,,,,7,235,NY Jets,,2026-07-26,,,
logan-bruss-iol-wis-2022,2022,Logan Bruss,IOL,Wisconsin,6,189,Wide Left Consensus Big Board (Arif Hasan) — wideleft.football,6050,309,10.75,33.125,5.32,,31,112,7.57,4.55,,,,,,,3,104,LA Rams,,2026-08-06,161,196,106.7
logan-cooke-st-mis-2018,2018,Logan Cooke,ST,Mississippi State,,,Wide Left Consensus Big Board (Arif Hasan) — wideleft.football,,,,,,,,,,,,P,,,,,7,247,Jacksonville,,2026-07-26,,,
logan-hall-edge-hou-2022,2022,Logan Hall,EDGE,Houston,2,48,Wide Left Consensus Big Board (Arif Hasan) — wideleft.football,6061,283,9.625,32.75,4.88,1.68,30,,7.25,4.44,,,,,,,2,33,Tampa Bay,,2026-08-06,51,47,73.2
logan-justus-st--2020,2020,Logan Justus,ST,,,,Wide Left Consensus Big Board (Arif Hasan) — wideleft.football,,,,,,,,,,,,K,,,,,,,,,2026-07-26,,,
logan-stenberg-iol-ken-2020,2020,Logan Stenberg,IOL,Kentucky,4,134,Wide Left Consensus Big Board (Arif Hasan) — wideleft.football,6060,317,10.25,32.5,5.3,1.86,26,104,8,4.83,,,,,,,4,121,Detroit,,2026-07-26,131,134,
logan-wilson-lb-wyo-2020,2020,Logan Wilson,LB,Wyoming,3,86,Wide Left Consensus Big Board (Arif Hasan) — wideleft.football,6021,241,9.5,32.375,4.63,,32,121,7.07,4.27,21,,,,,,3,65,Cincinnati,,2026-07-26,68,91,
logan-woodside-qb-tol-2018,2018,Logan Woodside,QB,Toledo,7,286,Wide Left Consensus Big Board (Arif Hasan) — wideleft.football,6012,213,9.75,31,4.79,,31.5,103,6.94,4.15,,,,,,,7,249,Cincinnati,,2026-07-26,280,308,84.7
lonnie-johnson-jr-cb-ken-2019,2019,Lonnie Johnson Jr.,CB,Kentucky,3,70,"Jack Lichtenstein Consensus Big Board — 14 of 17 component boards, re-averaged",6017,213,9.125,32.625,4.52,,38,129,7.01,4.1,15,,,,,,2,54,Houston,,2026-05-04,,,
lonnie-phelps-edge-kan-2023,2023,Lonnie Phelps,EDGE,Kansas,6,189,"Jack Lichtenstein Consensus Big Board — 14 of 17 component boards, re-averaged",6023,244,9.25,32.375,4.55,,,,,,31,,,,,,,,,,2026-05-04,,,
lorenzo-carter-edge-geo-2018,2018,Lorenzo Carter,EDGE,Georgia,2,56,Wide Left Consensus Big Board (Arif Hasan) — wideleft.football,6047,250,10.375,34,4.5,,36,130,,,,,,,,,3,66,NY Giants,,2026-07-26,51,57,108.9
lorenzo-jerome-s--2017,2017,Lorenzo Jerome,S,,5,175,Wide Left Consensus Big Board (Arif Hasan) — wideleft.football,5104,204,8.63,30.63,,,,,,,,,,,,,,,,,2026-07-26,215,162,97.6
lorenzo-neal-jr-dt--2019,2019,Lorenzo Neal Jr.,DT,,7,306,"Jack Lichtenstein Consensus Big Board — 14 of 17 component boards, re-averaged",,,,,,,,,,,,,,,,,,,,,2026-05-04,,,
lowell-lotulelei-dt-uta-2018,2018,Lowell Lotulelei,DT,Utah,7,220,Wide Left Consensus Big Board (Arif Hasan) — wideleft.football,6015,315,9.625,33,,,,,,,28,,,,,,,,,,2026-07-26,285,219,92.9
lucas-crowley-iol--2017,2017,Lucas Crowley,IOL,,,,Wide Left Consensus Big Board (Arif Hasan) — wideleft.football,,,,,,,,,,,,,,,,,,,,,2026-07-26,,,
lucas-krull-te--2022,2022,Lucas Krull,TE,,,,Wide Left Consensus Big Board (Arif Hasan) — wideleft.football,,,,,,,,,,,,,,,,,,,,,2026-08-06,,,
lucas-niang-ot-tcu-2020,2020,Lucas Niang,OT,TCU,3,70,Wide Left Consensus Big Board (Arif Hasan) — wideleft.football,6060,315,10.5,34.25,,,,,,,,,,,,,3,96,Kansas City,,2026-07-26,83,69,
luiji-vilain-edge--2022,2022,Luiji Vilain,EDGE,,,,Wide Left Consensus Big Board (Arif Hasan) — wideleft.football,,,,,,,,,,,,,,,,,,,,,2026-08-06,,,
lukas-denis-s-bos-2019,2019,Lukas Denis,S,Boston College,7,222,"Jack Lichtenstein Consensus Big Board — 14 of 17 component boards, re-averaged",5112,190,9.5,31.25,4.64,,33.5,116,6.89,4.09,16,,,,,,,,,,2026-05-04,,,
lukas-van-ness-edge-iow-2023,2023,Lukas Van Ness,EDGE,Iowa,1,18,"Jack Lichtenstein Consensus Big Board — 14 of 17 component boards, re-averaged",6050,272,11,34,4.58,1.64,31,118,7.02,4.32,17,,,,,,1,13,Green Bay,,2026-05-04,,,
luke-falk-qb-was-2018,2018,Luke Falk,QB,Washington State,4,135,Wide Left Consensus Big Board (Arif Hasan) — wideleft.football,6035,215,9.25,32,,,26.5,103,,,,,,,,,6,199,Tennessee,,2026-07-26,115,146,93.3
luke-farrell-te-ohi-2021,2021,Luke Farrell,TE,Ohio State,7,285,Wide Left Consensus Big Board (Arif Hasan) — wideleft.football,6054,251,9.25,33,4.79,,36.5,118,7.14,4.36,22,,,,,,5,145,Jacksonville,,2026-07-26,310,283,82.3
luke-fortner-iol-ken-2022,2022,Luke Fortner,IOL,Kentucky,4,116,Wide Left Consensus Big Board (Arif Hasan) — wideleft.football,6041,307,10,33.125,5.21,,24,102,7.75,4.95,,,,,,,3,65,Jacksonville,,2026-08-06,97,118,114.1
luke-goedeke-ot-cen-2022,2022,Luke Goedeke,OT,Central Michigan,3,100,Wide Left Consensus Big Board (Arif Hasan) — wideleft.football,6050,312,9.75,32.25,,,,,,,26,,,,,,2,57,Tampa Bay,,2026-08-06,92,105,106.4
luke-haggard-ot--2023,2023,Luke Haggard,OT,,7,345,"Jack Lichtenstein Consensus Big Board — 14 of 17 component boards, re-averaged",,,,,,,,,,,,,,,,,,,,,2026-05-04,,,
luke-musgrave-te-ore-2023,2023,Luke Musgrave,TE,Oregon State,2,44,"Jack Lichtenstein Consensus Big Board — 14 of 17 component boards, re-averaged",6057,253,10.375,32.625,4.61,,36,125,,,,,,,,,2,42,Green Bay,,2026-05-04,,,
luke-schoonmaker-te-mic-2023,2023,Luke Schoonmaker,TE,Michigan,3,94,"Jack Lichtenstein Consensus Big Board — 14 of 17 component boards, re-averaged",6052,251,9,32.875,4.63,,33.5,127,,4.27,,,,,,,2,58,Dallas,,2026-05-04,,,
luke-tenuta-ot-vir-2022,2022,Luke Tenuta,OT,Virginia Tech,7,297,Wide Left Consensus Big Board (Arif Hasan) — wideleft.football,6080,319,10.125,32.875,5.41,,26,104,,4.77,,,,,,,6,209,Buffalo,,2026-08-06,321,293,80.4
luke-wattenberg-iol-was-2022,2022,Luke Wattenberg,IOL,Washington,7,254,Wide Left Consensus Big Board (Arif Hasan) — wideleft.football,6040,299,9.375,34.125,5.2,,29.5,113,7.45,4.57,,,,,,,5,171,Denver,,2026-08-06,325,240,82.7
luke-wypler-iol-ohi-2023,2023,Luke Wypler,IOL,Ohio State,3,83,"Jack Lichtenstein Consensus Big Board — 14 of 17 component boards, re-averaged",6025,303,9.625,31.625,5.14,1.83,30.5,106,7.64,4.53,29,,,,,,6,190,Cleveland,,2026-05-04,,,
luq-barcoo-cb--2020,2020,Luq Barcoo,CB,,,,Wide Left Consensus Big Board (Arif Hasan) — wideleft.football,,,,,,,,,,,,,,,,,,,,,2026-07-26,,,
luther-maddy-dt-vir-2016,2016,Luther Maddy,DT,Virginia Tech,7,259,Wide Left Consensus Big Board (Arif Hasan) — wideleft.football,6000,287,9,33.25,4.96,,,,,,29,Pass Rusher,,,,,,,,,2026-07-26,,,81.6
lynn-bowden-jr-rb-ken-2020,2020,Lynn Bowden Jr.,RB,Kentucky,4,110,Wide Left Consensus Big Board (Arif Hasan) — wideleft.football,5105,204,9.75,30.875,,,,,,,13,,,,,,3,80,Las Vegas,,2026-07-26,101,114,
mj-anderson-dt-iow-2023,2023,M.J. Anderson,DT,Iowa State,7,318,"Jack Lichtenstein Consensus Big Board — 14 of 17 component boards, re-averaged",6024,269,9.25,33.75,,,33,,,,,Pass Rusher,,,,,,,,,2026-05-04,,,
mj-stewart-cb-nor-2018,2018,M.J. Stewart,CB,North Carolina,3,83,Wide Left Consensus Big Board (Arif Hasan) — wideleft.football,5107,200,9.25,31.25,4.54,,35,118,6.9,4.28,18,,,,,,2,53,Tampa Bay,,2026-07-26,87,85,95.4
mac-jones-qb-ala-2021,2021,Mac Jones,QB,Alabama,1,27,Wide Left Consensus Big Board (Arif Hasan) — wideleft.football,6020,217,,,4.72,,32,116,7.04,4.39,,,,,,,1,15,New England,,2026-07-26,18,28,127.1
mac-mccain-iii-cb-nor-2021,2021,Mac McCain III,CB,North Carolina A&T,,,Wide Left Consensus Big Board (Arif Hasan) — wideleft.football,5110,186,9.25,31,4.45,,35.5,123,6.94,4.12,13,,,,,,,,,,2026-07-26,,,
mack-hollins-wr-nor-2017,2017,Mack Hollins,WR,North Carolina,5,156,Wide Left Consensus Big Board (Arif Hasan) — wideleft.football,6040,221,9.75,33.25,4.53,,,,,,,,,,,,4,118,Philadelphia,,2026-07-26,117,202,98
mack-wilson-lb-ala-2019,2019,Mack Wilson,LB,Alabama,2,59,"Jack Lichtenstein Consensus Big Board — 14 of 17 component boards, re-averaged",6011,240,9.25,32.375,,,32,117,,,,,,,,,5,155,Cleveland,,2026-05-04,,,
mackensie-alexander-cb-cle-2016,2016,Mackensie Alexander,CB,Clemson,1,26,Wide Left Consensus Big Board (Arif Hasan) — wideleft.football,5103,190,9.125,31.375,4.43,,,,,,11,,,,,,2,54,Minnesota,,2026-07-26,,,98.8
maea-teuhema-iol--2018,2018,Maea Teuhema,IOL,,7,289,Wide Left Consensus Big Board (Arif Hasan) — wideleft.football,,,,,,,,,,,,,,,,,,,,,2026-07-26,290,282,94.4
makai-polk-wr-mis-2022,2022,Makai Polk,WR,Mississippi State,7,217,Wide Left Consensus Big Board (Arif Hasan) — wideleft.football,6031,195,9.5,32.25,4.59,,31,119,,4.36,,,,,,,,,,,2026-08-06,168,225,91.8
malachi-dupre-wr-lsu-2017,2017,Malachi Dupre,WR,LSU,4,126,Wide Left Consensus Big Board (Arif Hasan) — wideleft.football,6024,196,9,31.5,4.52,,39.5,135,7.19,4.26,11,,,,,,7,247,Green Bay,,2026-07-26,137,132,96.4
malaesala-aumavae-laulu-ot-ore-2023,2023,Malaesala Aumavae-Laulu,OT,Oregon,7,353,"Jack Lichtenstein Consensus Big Board — 14 of 17 component boards, re-averaged",6054,317,10.5,34.5,5.23,1.8,28.5,106,7.65,4.75,,,,,,,6,199,Baltimore,,2026-05-04,,,
malcolm-koonce-edge-buf-2021,2021,Malcolm Koonce,EDGE,Buffalo,6,198,Wide Left Consensus Big Board (Arif Hasan) — wideleft.football,6022,249,9.625,33.375,,,,,,,,,,,,,3,79,Las Vegas,,2026-07-26,163,191,98.8
malcolm-mitchell-wr-geo-2016,2016,Malcolm Mitchell,WR,Georgia,4,116,Wide Left Consensus Big Board (Arif Hasan) — wideleft.football,5115,198,10.5,32.625,4.45,,36,129,6.94,4.34,15,,,,,,4,112,New England,,2026-07-26,,,92.3
malcolm-perry-wr-nav-2020,2020,Malcolm Perry,WR,Navy,,,Wide Left Consensus Big Board (Arif Hasan) — wideleft.football,5094,186,8.5,29.625,4.63,1.57,36,122,7.12,4.31,10,,,,,,7,246,Miami,,2026-07-26,,,
malcolm-roach-dt-tex-2020,2020,Malcolm Roach,DT,Texas,7,247,Wide Left Consensus Big Board (Arif Hasan) — wideleft.football,6021,297,9.625,31.875,4.84,1.68,30,114,,,20,,,,,,,,,,2026-07-26,245,246,
malcolm-rodriguez-lb-okl-2022,2022,Malcolm Rodriguez,LB,Oklahoma State,5,170,Wide Left Consensus Big Board (Arif Hasan) — wideleft.football,5110,232,9.625,30.125,4.52,,39.5,120,,,,,,,,,6,188,Detroit,,2026-08-06,132,172,95.1
maliek-collins-dt-neb-2016,2016,Maliek Collins,DT,Nebraska,3,83,Wide Left Consensus Big Board (Arif Hasan) — wideleft.football,6017,311,9.5,33.125,5.03,,29.5,109,7.53,4.52,25,,,,,,3,67,Dallas,,2026-07-26,,,104.7
malik-carney-edge-nor-2019,2019,Malik Carney,EDGE,North Carolina,7,255,"Jack Lichtenstein Consensus Big Board — 14 of 17 component boards, re-averaged",6020,251,9.875,33.375,4.73,1.6,33,113,7.4,,25,,,,,,,,,,2026-05-04,,,
malik-cunningham-qb-lou-2023,2023,Malik Cunningham,QB,Louisville,7,307,"Jack Lichtenstein Consensus Big Board — 14 of 17 component boards, re-averaged",5116,192,9.5,31.375,4.53,,,,,,,,,,,,,,,,2026-05-04,,,
malik-gant-s-mar-2019,2019,Malik Gant,S,Marshall,6,213,"Jack Lichtenstein Consensus Big Board — 14 of 17 component boards, re-averaged",5115,209,8.875,30.5,4.63,,34.5,114,7.45,4.3,17,,,,,,,,,,2026-05-04,,,
malik-harrison-lb-ohi-2020,2020,Malik Harrison,LB,Ohio State,3,74,Wide Left Consensus Big Board (Arif Hasan) — wideleft.football,6025,247,10.25,32.75,4.66,,36,122,6.83,4.32,,,,,,,3,98,Baltimore,,2026-07-26,76,72,
malik-heath-wr-mis-2023,2023,Malik Heath,WR,Mississippi,7,458,"Jack Lichtenstein Consensus Big Board — 14 of 17 component boards, re-averaged",6023,213,9.125,32.5,4.64,,34,124,6.96,4.46,,,,,,,,,,,2026-05-04,,,
malik-herring-edge-geo-2021,2021,Malik Herring,EDGE,Georgia,7,269,Wide Left Consensus Big Board (Arif Hasan) — wideleft.football,6032,283,10.5,32.5,,,,,,,,,,,,,,,,,2026-07-26,279,272,87.2
malik-hooker-s-ohi-2017,2017,Malik Hooker,S,Ohio State,1,5,Wide Left Consensus Big Board (Arif Hasan) — wideleft.football,6010,206,10.75,32.25,,,,,,,,,,,,,1,15,Indianapolis,,2026-07-26,7,5,113.7
malik-jefferson-lb-tex-2018,2018,Malik Jefferson,LB,Texas,3,69,Wide Left Consensus Big Board (Arif Hasan) — wideleft.football,6022,236,9.625,32,4.52,,36,125,,,27,,,,,,3,78,Cincinnati,,2026-07-26,72,68,93.4
malik-knowles-wr-kan-2023,2023,Malik Knowles,WR,Kansas State,7,329,"Jack Lichtenstein Consensus Big Board — 14 of 17 component boards, re-averaged",6022,196,8.75,32.25,,,,,,,,,,,,,,,,,2026-05-04,,,
malik-mcdowell-dt-mic-2017,2017,Malik McDowell,DT,Michigan State,1,25,Wide Left Consensus Big Board (Arif Hasan) — wideleft.football,6062,295,10.5,34.75,4.85,,28.5,112,7.69,4.53,23,,,,,,2,35,Seattle,,2026-07-26,34,19,111.5
malik-reaves-cb--2018,2018,Malik Reaves,CB,,,,Wide Left Consensus Big Board (Arif Hasan) — wideleft.football,,,,,,,,,,,,,,,,,,,,,2026-07-26,,,
malik-reed-lb--2019,2019,Malik Reed,LB,,7,297,"Jack Lichtenstein Consensus Big Board — 14 of 17 component boards, re-averaged",,,,,,,,,,,,,,,,,,,,,2026-05-04,,,
malik-rosier-qb--2019,2019,Malik Rosier,QB,,7,390,"Jack Lichtenstein Consensus Big Board — 14 of 17 component boards, re-averaged",,,,,,,,,,,,,,,,,,,,,2026-05-04,,,
malik-willis-qb-lib-2022,2022,Malik Willis,QB,Liberty,1,28,Wide Left Consensus Big Board (Arif Hasan) — wideleft.football,6004,219,9.5,31.75,,,,,,,,,,,,,3,86,Tennessee,,2026-08-06,23,29,118.7
manny-patterson-cb--2020,2020,Manny Patterson,CB,,,,Wide Left Consensus Big Board (Arif Hasan) — wideleft.football,,,,,,,,,,,,,,,,,,,,,2026-07-26,,,
manny-rugamba-cb--2021,2021,Manny Rugamba,CB,,,,Wide Left Consensus Big Board (Arif Hasan) — wideleft.football,,,,,,,,,,,,,,,,,,,,,2026-07-26,,,
manny-wilkins-qb--2019,2019,Manny Wilkins,QB,,7,367,"Jack Lichtenstein Consensus Big Board — 14 of 17 component boards, re-averaged",,,,,,,,,,,,,,,,,,,,,2026-05-04,,,
marcell-ateman-wr-okl-2018,2018,Marcell Ateman,WR,Oklahoma State,4,125,Wide Left Consensus Big Board (Arif Hasan) — wideleft.football,6044,216,9,32.875,4.62,,34,121,7.07,4.25,13,,,,,,7,228,Las Vegas,,2026-07-26,117,130,107.4
marcell-frazier-edge--2018,2018,Marcell Frazier,EDGE,,7,237,Wide Left Consensus Big Board (Arif Hasan) — wideleft.football,,,,,,,,,,,,,,,,,,,,,2026-07-26,304,234,90.2
marcell-harris-s-flo-2018,2018,Marcell Harris,S,Florida,,,Wide Left Consensus Big Board (Arif Hasan) — wideleft.football,6006,208,8.625,32,,,,,,,16,,,,,,6,184,San Francisco,,2026-07-26,,,
marco-wilson-cb-flo-2021,2021,Marco Wilson,CB,Florida,5,169,Wide Left Consensus Big Board (Arif Hasan) — wideleft.football,5110,191,,,4.37,,43.5,136,6.8,4.13,26,,,,,,4,136,Arizona,,2026-07-26,158,181,103.3
marcus-allen-s-pen-2018,2018,Marcus Allen,S,Penn State,4,106,Wide Left Consensus Big Board (Arif Hasan) — wideleft.football,6021,202,9.125,30.625,,,37,127,,4.32,15,,,,,,5,148,Pittsburgh,,2026-07-26,114,110,95.8
marcus-baugh-te-ohi-2018,2018,Marcus Baugh,TE,Ohio State,7,294,Wide Left Consensus Big Board (Arif Hasan) — wideleft.football,6034,247,10,33.5,4.81,,33,117,7.28,4.51,,,,,,,,,,,2026-07-26,315,288,90.7
marcus-davenport-edge-tex-2018,2018,Marcus Davenport,EDGE,Texas-San Antonio,1,26,Wide Left Consensus Big Board (Arif Hasan) — wideleft.football,6056,264,9.125,33.625,4.58,1.63,33.5,124,7.2,4.41,22,,,,,,1,14,New Orleans,,2026-07-26,14,26,97.6
marcus-epps-s-wyo-2019,2019,Marcus Epps,S,Wyoming,7,439,"Jack Lichtenstein Consensus Big Board — 14 of 17 component boards, re-averaged",,,,,,,,,,,,,,,,,6,191,Minnesota,,2026-05-04,,,
marcus-green-wr-la--2019,2019,Marcus Green,WR,La-Monroe,7,438,"Jack Lichtenstein Consensus Big Board — 14 of 17 component boards, re-averaged",,,,,,,,,,,,,,,,,6,203,Atlanta,,2026-05-04,,,
marcus-jones-cb-hou-2022,2022,Marcus Jones,CB,Houston,3,93,Wide Left Consensus Big Board (Arif Hasan) — wideleft.football,5080,174,8.875,28.875,,,,,,,,,,,,,3,85,New England,,2026-08-06,73,97,90.2
marcus-maye-s-flo-2017,2017,Marcus Maye,S,Florida,3,72,Wide Left Consensus Big Board (Arif Hasan) — wideleft.football,5116,210,9.13,32.5,,,,,,,,,,,,,2,39,NY Jets,,2026-07-26,57,80,127.4
marcus-mckethan-iol-nor-2022,2022,Marcus McKethan,IOL,North Carolina,7,300,Wide Left Consensus Big Board (Arif Hasan) — wideleft.football,6064,340,10.5,35.5,5.31,,27.5,110,7.81,4.99,27,,,,,,5,173,NY Giants,,2026-08-06,285,303,89.9
marcus-oliver-lb--2017,2017,Marcus Oliver,LB,,7,295,Wide Left Consensus Big Board (Arif Hasan) — wideleft.football,,,,,,,,,,,,,,,,,,,,,2026-07-26,336,290,98.3
marcus-tatum-iol--2022,2022,Marcus Tatum,IOL,,,,Wide Left Consensus Big Board (Arif Hasan) — wideleft.football,,,,,,,,,,,,,,,,,,,,,2026-08-06,,,
marcus-williams-s-uta-2017,2017,Marcus Williams,S,Utah,2,47,Wide Left Consensus Big Board (Arif Hasan) — wideleft.football,6005,202,9.5,32.5,4.56,,43.5,129,6.85,4.2,14,,,,,,2,42,New Orleans,,2026-07-26,51,47,92.8
mario-goodrich-cb-cle-2022,2022,Mario Goodrich,CB,Clemson,5,158,Wide Left Consensus Big Board (Arif Hasan) — wideleft.football,6002,176,9.125,30.625,4.52,,,,,,,,,,,,,,,,2026-08-06,189,153,88.3
mark-andrews-te-okl-2018,2018,Mark Andrews,TE,Oklahoma,2,63,Wide Left Consensus Big Board (Arif Hasan) — wideleft.football,6051,256,9.5,32.5,4.67,,31,113,7.34,4.38,17,,,,,,3,86,Baltimore,,2026-07-26,75,63,100.4
mark-evans-ii-iol-uni-2023,2023,Mark Evans II,IOL,University of Arkansas at Pine Bluff,7,322,"Jack Lichtenstein Consensus Big Board — 14 of 17 component boards, re-averaged",6024,303,10.375,32.375,5.44,1.8,26.5,101,7.75,4.92,19,,,,,,,,,,2026-05-04,,,
mark-fields-cb-cle-2019,2019,Mark Fields,CB,Clemson,6,188,"Jack Lichtenstein Consensus Big Board — 14 of 17 component boards, re-averaged",5097,192,9.125,30.5,4.37,,,,,,18,,,,,,,,,,2026-05-04,,,
mark-gilbert-cb-duk-2021,2021,Mark Gilbert,CB,Duke,7,296,Wide Left Consensus Big Board (Arif Hasan) — wideleft.football,6001,186,8.75,31.25,4.47,,36,130,7.05,4.37,13,,,,,,,,,,2026-07-26,387,282,97.4
mark-kallenberger-iol--2022,2022,Mark Kallenberger,IOL,,,,Wide Left Consensus Big Board (Arif Hasan) — wideleft.football,,,,,,,,,,,,,,,,,,,,,2026-08-06,,,
mark-robinson-lb-mis-2022,2022,Mark Robinson,LB,Mississippi,,,Wide Left Consensus Big Board (Arif Hasan) — wideleft.football,,,,,,,,,,,,,,,,,7,225,Pittsburgh,,2026-08-06,,,
mark-walton-rb-mia-2018,2018,Mark Walton,RB,Miami,4,118,Wide Left Consensus Big Board (Arif Hasan) — wideleft.football,5095,202,9.25,30,4.6,,31.5,118,,,18,,,,,,4,112,Cincinnati,,2026-07-26,118,118,91.2
mark-webb-s-geo-2021,2021,Mark Webb,S,Georgia,7,254,Wide Left Consensus Big Board (Arif Hasan) — wideleft.football,6014,207,10.125,32.625,4.61,,36.5,136,7.3,4.52,,,,,,,7,241,LA Chargers,,2026-07-26,253,269,82.3
markquese-bell-s-flo-2022,2022,Markquese Bell,S,Florida A&M,6,211,Wide Left Consensus Big Board (Arif Hasan) — wideleft.football,6021,212,9.375,32.375,4.41,,36.5,123,,4.46,,,,,,,,,,,2026-08-06,216,215,87.2
markus-bailey-lb-pur-2020,2020,Markus Bailey,LB,Purdue,5,160,Wide Left Consensus Big Board (Arif Hasan) — wideleft.football,6001,235,9.375,31.5,,,,,,,15,,,,,,7,215,Cincinnati,,2026-07-26,164,158,
marlon-davidson-dt-aub-2020,2020,Marlon Davidson,DT,Auburn,2,49,Wide Left Consensus Big Board (Arif Hasan) — wideleft.football,6033,303,10,33,5.04,1.78,,,,,21,,,,,,2,47,Atlanta,,2026-07-26,44,53,
marlon-humphrey-cb-ala-2017,2017,Marlon Humphrey,CB,Alabama,1,21,Wide Left Consensus Big Board (Arif Hasan) — wideleft.football,6002,197,8.75,32.25,4.41,,,125,6.75,,10,,,,,,1,16,Baltimore,,2026-07-26,29,22,99.6
marlon-mack-rb-sou-2017,2017,Marlon Mack,RB,South Florida,4,115,Wide Left Consensus Big Board (Arif Hasan) — wideleft.football,5113,213,9,32,4.5,,35.5,125,,,15,,,,,,4,143,Indianapolis,,2026-07-26,138,102,90.9
marlon-tuipulotu-dt-usc-2021,2021,Marlon Tuipulotu,DT,USC,4,111,Wide Left Consensus Big Board (Arif Hasan) — wideleft.football,,,,,,,,,,,,,,,,,6,189,Philadelphia,,2026-07-26,109,110,119
marlon-williams-wr-ucf-2021,2021,Marlon Williams,WR,UCF,7,250,Wide Left Consensus Big Board (Arif Hasan) — wideleft.football,5112,209,8.875,31,4.63,,33.5,119,,4.57,14,,,,,,,,,,2026-07-26,333,250,99.2
marquan-mccall-dt-ken-2022,2022,Marquan McCall,DT,Kentucky,7,258,Wide Left Consensus Big Board (Arif Hasan) — wideleft.football,6025,342,11,33.25,,,,,,,,Run Stuffer,,,,,,,,,2026-08-06,277,258,74.2
marquel-lee-lb-wak-2017,2017,Marquel Lee,LB,Wake Forest,6,207,Wide Left Consensus Big Board (Arif Hasan) — wideleft.football,6032,240,9.5,32.5,,,31,118,,,25,,,,,,5,168,Las Vegas,,2026-07-26,208,197,82.3
marquez-callaway-wr-ten-2020,2020,Marquez Callaway,WR,Tennessee,,,Wide Left Consensus Big Board (Arif Hasan) — wideleft.football,6012,205,9.375,32.375,4.55,1.55,38,126,,,,,,,,,,,,,2026-07-26,,,
marquez-north-wr-ten-2016,2016,Marquez North,WR,Tennessee,7,275,Wide Left Consensus Big Board (Arif Hasan) — wideleft.football,6024,223,10.25,33.375,4.48,,35,123,6.9,4.13,17,,,,,,,,,,2026-07-26,,,105.4
marquez-stevenson-wr-hou-2021,2021,Marquez Stevenson,WR,Houston,6,182,Wide Left Consensus Big Board (Arif Hasan) — wideleft.football,5101,180,8.625,31.5,4.48,,33,122,6.76,4.14,,,,,,,6,203,Buffalo,,2026-07-26,174,185,77.7
marquez-tucker-iol--2019,2019,Marquez Tucker,IOL,,7,281,"Jack Lichtenstein Consensus Big Board — 14 of 17 component boards, re-averaged",,,,,,,,,,,,,,,,,,,,,2026-05-04,,,
marquez-valdes-scantling-wr-sou-2018,2018,Marquez Valdes-Scantling,WR,South Florida,,,Wide Left Consensus Big Board (Arif Hasan) — wideleft.football,6040,206,10,32.25,4.37,,30.5,124,,,15,,,,,,5,174,Green Bay,,2026-07-26,,,
marquez-white-cb-flo-2017,2017,Marquez White,CB,Florida State,5,173,Wide Left Consensus Big Board (Arif Hasan) — wideleft.football,5116,194,10,32.13,4.59,,36,123,,,,,,,,,6,216,Dallas,,2026-07-26,172,170,75.8
marquez-williams-rb-mia-2017,2017,Marquez Williams,RB,Miami,,,Wide Left Consensus Big Board (Arif Hasan) — wideleft.football,,,,,,,,,,,,FB,,,,,7,240,Jacksonville,,2026-07-26,,,
marqui-christian-s-mid-2016,2016,Marqui Christian,S,Midwestern St.,,,Wide Left Consensus Big Board (Arif Hasan) — wideleft.football,,,,,,,,,,,,,,,,,5,167,Arizona,,2026-07-26,,,
marquis-hayes-iol-okl-2022,2022,Marquis Hayes,IOL,Oklahoma,4,140,Wide Left Consensus Big Board (Arif Hasan) — wideleft.football,6047,318,8.875,34.875,5.3,,23.5,102,,,,,,,,,7,257,Arizona,,2026-08-06,140,144,121.2
marquis-haynes-edge-mis-2018,2018,Marquis Haynes,EDGE,Mississippi,5,161,Wide Left Consensus Big Board (Arif Hasan) — wideleft.football,6023,235,10,33.25,4.67,1.67,32,123,7.14,4.45,23,,,,,,4,136,Carolina,,2026-07-26,153,165,81.9
marquis-young-rb--2019,2019,Marquis Young,RB,,7,392,"Jack Lichtenstein Consensus Big Board — 14 of 17 component boards, re-averaged",,,,,,,,,,,,,,,,,,,,,2026-05-04,,,
marquise-blair-s-uta-2019,2019,Marquise Blair,S,Utah,4,103,"Jack Lichtenstein Consensus Big Board — 14 of 17 component boards, re-averaged",6012,195,8.25,30.75,4.48,,35,125,,,,,,,,,2,47,Seattle,,2026-05-04,,,
marquise-brown-wr-okl-2019,2019,Marquise Brown,WR,Oklahoma,1,30,"Jack Lichtenstein Consensus Big Board — 14 of 17 component boards, re-averaged",5093,166,9,30.5,,,,,,,,,,,,,1,25,Baltimore,,2026-05-04,,,
marquise-copeland-dt--2019,2019,Marquise Copeland,DT,,7,340,"Jack Lichtenstein Consensus Big Board — 14 of 17 component boards, re-averaged",,,,,,,,,,,,,,,,,,,,,2026-05-04,,,
marquiss-spencer-edge-mis-2021,2021,Marquiss Spencer,EDGE,Mississippi State,,,Wide Left Consensus Big Board (Arif Hasan) — wideleft.football,6035,301,9.5,33.125,,,,,,,,,,,,,7,253,Denver,,2026-07-26,,,
marshaun-coprich-rb-ill-2016,2016,Marshaun Coprich,RB,Illinois State,7,292,Wide Left Consensus Big Board (Arif Hasan) — wideleft.football,5080,207,9,29.625,4.47,,34,112,7.26,4.58,17,,,,,,,,,,2026-07-26,,,85.6
marshon-ford-te--2023,2023,Marshon Ford,TE,,7,417,"Jack Lichtenstein Consensus Big Board — 14 of 17 component boards, re-averaged",,,,,,,,,,,,,,,,,,,,,2026-05-04,,,
marshon-lattimore-cb-ohi-2017,2017,Marshon Lattimore,CB,Ohio State,1,6,Wide Left Consensus Big Board (Arif Hasan) — wideleft.football,6000,193,8.88,31.25,4.36,,38.5,132,,,,,,,,,1,11,New Orleans,,2026-07-26,6,7,82.7
martavius-foster-dt--2016,2016,Martavius Foster,DT,,,,Wide Left Consensus Big Board (Arif Hasan) — wideleft.football,,,,,,,,,,,,,,,,,,,,,2026-07-26,,,
marte-mapu-s-sac-2023,2023,Marte Mapu,S,Sacramento St.,4,129,"Jack Lichtenstein Consensus Big Board — 14 of 17 component boards, re-averaged",,,,,,,,,,,,,,,,,3,76,New England,,2026-05-04,,,
martez-carter-rb--2018,2018,Martez Carter,RB,,,,Wide Left Consensus Big Board (Arif Hasan) — wideleft.football,,,,,,,,,,,,,,,,,,,,,2026-07-26,,,
martez-ivey-iol-flo-2019,2019,Martez Ivey,IOL,Florida,7,249,"Jack Lichtenstein Consensus Big Board — 14 of 17 component boards, re-averaged",6050,315,10.375,36.25,,,,,,,,,,,,,,,,,2026-05-04,,,
martez-manuel-s--2023,2023,Martez Manuel,S,,5,162,"Jack Lichtenstein Consensus Big Board — 14 of 17 component boards, re-averaged",,,,,,,,,,,,,,,,,,,,,2026-05-04,,,
martin-emerson-cb-mis-2022,2022,Martin Emerson,CB,Mississippi State,3,102,Wide Left Consensus Big Board (Arif Hasan) — wideleft.football,6015,201,10.125,33.5,4.53,,,,,,,,,,,,3,68,Cleveland,,2026-08-06,116,100,106.6
martinas-rankin-ot-mis-2018,2018,Martinas Rankin,OT,Mississippi State,3,70,Wide Left Consensus Big Board (Arif Hasan) — wideleft.football,6043,308,10.125,33.75,,,,,,,24,,,,,,3,80,Houston,,2026-07-26,65,70,93
marvell-tell-iii-s-usc-2019,2019,Marvell Tell III,S,USC,4,129,"Jack Lichtenstein Consensus Big Board — 14 of 17 component boards, re-averaged",6020,198,9.75,33.125,,,42,136,6.63,4.01,,,,,,,5,144,Indianapolis,,2026-05-04,,,
marvin-mims-wr-okl-2023,2023,Marvin Mims,WR,Oklahoma,3,73,"Jack Lichtenstein Consensus Big Board — 14 of 17 component boards, re-averaged",5107,183,9,31.625,4.38,,39.5,129,6.9,,,,,,,,2,63,Denver,,2026-05-04,,,
marvin-wilson-dt-flo-2021,2021,Marvin Wilson,DT,Florida State,4,108,Wide Left Consensus Big Board (Arif Hasan) — wideleft.football,6037,303,10.125,33.375,5.12,,25.5,107,7.64,4.91,23,,,,,,,,,,2026-07-26,130,103,107.7
mason-cole-iol-mic-2018,2018,Mason Cole,IOL,Michigan,4,108,Wide Left Consensus Big Board (Arif Hasan) — wideleft.football,6041,307,9.625,32.125,5.23,1.78,23.5,104,7.77,4.78,23,,,,,,3,97,Arizona,,2026-07-26,105,114,90.6
mason-rudolph-qb-okl-2018,2018,Mason Rudolph,QB,Oklahoma State,2,55,Wide Left Consensus Big Board (Arif Hasan) — wideleft.football,6045,235,9.125,32.375,4.9,,26,,,,,,,,,,3,76,Pittsburgh,,2026-07-26,48,59,120.1
mason-schreck-te-buf-2017,2017,Mason Schreck,TE,Buffalo,,,Wide Left Consensus Big Board (Arif Hasan) — wideleft.football,,,,,,,,,,,,,,,,,7,251,Cincinnati,,2026-07-26,,,
master-teague-iii-rb--2022,2022,Master Teague III,RB,,,,Wide Left Consensus Big Board (Arif Hasan) — wideleft.football,,,,,,,,,,,,,,,,,,,,,2026-08-06,,,
matt-araiza-st-san-2022,2022,Matt Araiza,ST,San Diego State,6,201,Wide Left Consensus Big Board (Arif Hasan) — wideleft.football,6011,200,9,30.5,4.68,,32,121,,,,P,,,,,6,180,Buffalo,,2026-08-06,122,252,120.4
matt-brayton-iol--2021,2021,Matt Brayton,IOL,,,,Wide Left Consensus Big Board (Arif Hasan) — wideleft.football,,,,,,,,,,,,,,,,,,,,,2026-07-26,,,
matt-bushman-te--2021,2021,Matt Bushman,TE,,7,232,Wide Left Consensus Big Board (Arif Hasan) — wideleft.football,,,,,,,,,,,,,,,,,,,,,2026-07-26,302,215,85.9
matt-corral-qb-mis-2022,2022,Matt Corral,QB,Mississippi,2,44,Wide Left Consensus Big Board (Arif Hasan) — wideleft.football,6015,212,9.625,30.75,,,,,,,,,,,,,3,94,Carolina,,2026-08-06,37,46,97.1
matt-elam-dt--2018,2018,Matt Elam,DT,,,,Wide Left Consensus Big Board (Arif Hasan) — wideleft.football,,,,,,,,,,,,,,,,,,,,,2026-07-26,,,
matt-farniok-ot-neb-2021,2021,Matt Farniok,OT,Nebraska,,,Wide Left Consensus Big Board (Arif Hasan) — wideleft.football,6052,311,9.625,33.25,5.2,,33,105,7.14,4.8,28,,,,,,7,238,Dallas,,2026-07-26,,,
matt-gay-st-uta-2019,2019,Matt Gay,ST,Utah,7,350,"Jack Lichtenstein Consensus Big Board — 14 of 17 component boards, re-averaged",6000,232,9,30.5,,,,,,,,K,,,,,5,145,Tampa Bay,,2026-05-04,,,
matt-gono-iol--2018,2018,Matt Gono,IOL,,,,Wide Left Consensus Big Board (Arif Hasan) — wideleft.football,,,,,,,,,,,,,,,,,,,,,2026-07-26,,,
matt-haack-st--2017,2017,Matt Haack,ST,,,,Wide Left Consensus Big Board (Arif Hasan) — wideleft.football,,,,,,,,,,,,P,,,,,,,,,2026-07-26,,,
matt-hennessy-iol-tem-2020,2020,Matt Hennessy,IOL,Temple,3,69,Wide Left Consensus Big Board (Arif Hasan) — wideleft.football,6037,307,10,32.25,5.18,1.8,30,110,7.45,4.6,23,,,,,,3,78,Atlanta,,2026-07-26,69,71,
matt-henningsen-dt-wis-2022,2022,Matt Henningsen,DT,Wisconsin,7,263,Wide Left Consensus Big Board (Arif Hasan) — wideleft.football,,,,,,,,,,,,,,,,,6,206,Denver,,2026-08-06,381,250,93.7
matt-ioannidis-dt-tem-2016,2016,Matt Ioannidis,DT,Temple,4,127,Wide Left Consensus Big Board (Arif Hasan) — wideleft.football,6034,299,10.125,32.375,5.03,,28,108,7.78,4.71,32,,,,,,5,152,Washington,,2026-07-26,,,83.2
matt-johnson-qb--2016,2016,Matt Johnson,QB,,,,Wide Left Consensus Big Board (Arif Hasan) — wideleft.football,,,,,,,,,,,,,,,,,,,,,2026-07-26,,,
matt-judon-edge-gra-2016,2016,Matt Judon,EDGE,Grand Valley State,5,152,Wide Left Consensus Big Board (Arif Hasan) — wideleft.football,6030,275,,,4.73,,35,109,7.67,4.52,30,,,,,,5,146,Baltimore,,2026-07-26,,,95.7
matt-landers-wr-ark-2023,2023,Matt Landers,WR,Arkansas,7,227,"Jack Lichtenstein Consensus Big Board — 14 of 17 component boards, re-averaged",6043,200,9.25,32.5,4.37,,37,130,,,,,,,,,,,,,2026-05-04,,,
matt-mccrane-st--2018,2018,Matt McCrane,ST,,,,Wide Left Consensus Big Board (Arif Hasan) — wideleft.football,,,,,,,,,,,,K,,,,,,,,,2026-07-26,,,
matt-milano-lb-bos-2017,2017,Matt Milano,LB,Boston College,7,240,Wide Left Consensus Big Board (Arif Hasan) — wideleft.football,6004,223,9.38,32,4.67,,35,126,,,24,,,,,,5,163,Buffalo,,2026-07-26,237,247,85.9
matt-peart-ot-con-2020,2020,Matt Peart,OT,Connecticut,3,79,Wide Left Consensus Big Board (Arif Hasan) — wideleft.football,6065,318,9.5,36.625,5.06,1.75,30,113,8.01,4.92,26,,,,,,3,99,NY Giants,,2026-08-02,88,80,
matt-pryor-ot-tcu-2018,2018,Matt Pryor,OT,TCU,,,Wide Left Consensus Big Board (Arif Hasan) — wideleft.football,,,,,,,,,,,,,,,,,6,206,Philadelphia,,2026-07-26,,,
matt-skura-iol-duk-2016,2016,Matt Skura,IOL,Duke,7,251,Wide Left Consensus Big Board (Arif Hasan) — wideleft.football,6033,305,10.125,33.375,5.39,,24,103,7.89,4.76,27,,,,,,,,,,2026-07-26,,,84
matt-waletzko-ot-nor-2022,2022,Matt Waletzko,OT,North Dakota,5,152,Wide Left Consensus Big Board (Arif Hasan) — wideleft.football,6075,312,10.25,36.125,5.03,,30,113,,,,,,,,,5,155,Dallas,,2026-08-06,183,151,85
matt-womack-ot--2020,2020,Matt Womack,OT,,,,Wide Left Consensus Big Board (Arif Hasan) — wideleft.football,,,,,,,,,,,,,,,,,,,,,2026-07-26,,,
matthew-adams-lb-hou-2018,2018,Matthew Adams,LB,Houston,,,Wide Left Consensus Big Board (Arif Hasan) — wideleft.football,,,,,,,,,,,,,,,,,7,221,Indianapolis,,2026-07-26,,,
matthew-bergeron-ot-syr-2023,2023,Matthew Bergeron,OT,Syracuse,2,50,"Jack Lichtenstein Consensus Big Board — 14 of 17 component boards, re-averaged",6052,318,9.5,33.75,,,30.5,103,,,,,,,,,2,38,Atlanta,,2026-05-04,,,
matthew-butler-dt-ten-2022,2022,Matthew Butler,DT,Tennessee,4,121,Wide Left Consensus Big Board (Arif Hasan) — wideleft.football,6037,297,9.25,33.5,5,1.73,32,112,7.89,4.81,17,,,,,,5,175,Las Vegas,,2026-08-06,120,122,92.1
matthew-dayes-rb-nor-2017,2017,Matthew Dayes,RB,North Carolina State,5,161,Wide Left Consensus Big Board (Arif Hasan) — wideleft.football,5090,205,,,4.47,,28,109,,,18,,,,,,7,252,Cleveland,,2026-07-26,152,165,77.6
matthew-godin-dt--2017,2017,Matthew Godin,DT,,,,Wide Left Consensus Big Board (Arif Hasan) — wideleft.football,,,,,,,,,,,,,,,,,,,,,2026-07-26,,,
matthew-thomas-lb-flo-2018,2018,Matthew Thomas,LB,Florida State,6,212,Wide Left Consensus Big Board (Arif Hasan) — wideleft.football,6026,232,8.875,33,4.58,,41.5,131,6.85,4.28,,,,,,,,,,,2026-07-26,201,216,94
maurice-canady-cb-vir-2016,2016,Maurice Canady,CB,Virginia,4,125,Wide Left Consensus Big Board (Arif Hasan) — wideleft.football,6010,193,9.125,31.625,4.49,,38,124,7.03,4.09,16,,,,,,6,209,Baltimore,,2026-07-26,,,90.2
max-borghi-rb-was-2022,2022,Max Borghi,RB,Washington State,7,262,Wide Left Consensus Big Board (Arif Hasan) — wideleft.football,5093,210,9.125,29.625,,,,,,,20,,,,,,,,,,2026-08-06,244,266,89.9
max-duffy-st-ken-2021,2021,Max Duffy,ST,Kentucky,,,Wide Left Consensus Big Board (Arif Hasan) — wideleft.football,6006,196,8.875,29.625,,,,,,,,P,,,,,,,,,2026-07-26,,,
max-duggan-qb-tcu-2023,2023,Max Duggan,QB,TCU,7,342,"Jack Lichtenstein Consensus Big Board — 14 of 17 component boards, re-averaged",6014,207,9.875,30.375,4.52,,30.5,116,7.26,4.45,,,,,,,7,239,LA Chargers,,2026-05-04,,,
max-halpin-iol--2017,2017,Max Halpin,IOL,,,,Wide Left Consensus Big Board (Arif Hasan) — wideleft.football,,,,,,,,,,,,,,,,,,,,,2026-07-26,,,
max-melton-cb--2023,2023,Max Melton,CB,,7,483,"Jack Lichtenstein Consensus Big Board — 14 of 17 component boards, re-averaged",,,,,,,,,,,,,,,,,,,,,2026-05-04,,,
max-mitchell-ot-lou-2022,2022,Max Mitchell,OT,Louisiana,4,115,Wide Left Consensus Big Board (Arif Hasan) — wideleft.football,6062,307,10,33.5,5.32,,25,106,8.09,4.65,,,,,,,4,111,NY Jets,,2026-08-06,112,116,88.7
max-scharping-ot-nor-2019,2019,Max Scharping,OT,Northern Illinois,3,75,"Jack Lichtenstein Consensus Big Board — 14 of 17 component boards, re-averaged",6057,327,10,33.625,,,28,108,7.77,4.69,27,,,,,,2,55,Houston,,2026-05-04,,,
max-tuerk-iol-usc-2016,2016,Max Tuerk,IOL,USC,3,97,Wide Left Consensus Big Board (Arif Hasan) — wideleft.football,6050,298,10.75,32.5,5.12,,,,,,22,,,,,,3,66,SDG,,2026-07-26,,,85
maxx-crosby-edge-eas-2019,2019,Maxx Crosby,EDGE,Eastern Michigan,4,107,"Jack Lichtenstein Consensus Big Board — 14 of 17 component boards, re-averaged",6047,255,9.75,32.875,4.66,1.6,36,122,6.89,4.13,,,,,,,4,106,Las Vegas,,2026-05-04,,,
mazi-smith-dt-mic-2023,2023,Mazi Smith,DT,Michigan,2,47,"Jack Lichtenstein Consensus Big Board — 14 of 17 component boards, re-averaged",6030,323,9.75,33.75,,,,,,,34,Run Stuffer,,,,,1,26,Dallas,,2026-05-04,,,
mcclendon-curtis-iol-ten-2023,2023,McClendon Curtis,IOL,Tennessee-Chattanooga,7,220,"Jack Lichtenstein Consensus Big Board — 14 of 17 component boards, re-averaged",6057,324,10.25,35,5.24,1.85,26.5,105,7.7,4.97,25,,,,,,,,,,2026-05-04,,,
mckenzie-milton-qb--2022,2022,McKenzie Milton,QB,,,,Wide Left Consensus Big Board (Arif Hasan) — wideleft.football,,,,,,,,,,,,,,,,,,,,,2026-08-06,,,
mckinley-whitfield-s--2019,2019,McKinley Whitfield,S,,7,418,"Jack Lichtenstein Consensus Big Board — 14 of 17 component boards, re-averaged",,,,,,,,,,,,,,,,,,,,,2026-05-04,,,
mckinley-williams-dt--2022,2022,McKinley Williams,DT,,,,Wide Left Consensus Big Board (Arif Hasan) — wideleft.football,,,,,,,,,,,,,,,,,,,,,2026-08-06,,,
mctelvin-agim-dt-ark-2020,2020,McTelvin Agim,DT,Arkansas,5,151,Wide Left Consensus Big Board (Arif Hasan) — wideleft.football,6025,309,10.125,33.5,4.98,1.76,,,,,27,,,,,,3,95,Denver,,2026-07-26,165,147,
mecole-hardman-wr-geo-2019,2019,Mecole Hardman,WR,Georgia,4,116,"Jack Lichtenstein Consensus Big Board — 14 of 17 component boards, re-averaged",5102,187,9,30.25,4.33,,36.5,119,,,17,,,,,,2,56,Kansas City,,2026-05-04,,,
mehdi-abdesmad-edge-bos-2016,2016,Mehdi Abdesmad,EDGE,Boston College,,,Wide Left Consensus Big Board (Arif Hasan) — wideleft.football,6062,284,9.75,33.375,5.1,,29.5,108,7.55,4.62,25,,,,,,,,,,2026-07-26,,,
mekale-mckay-wr-cin-2016,2016,Mekale McKay,WR,Cincinnati,,,Wide Left Consensus Big Board (Arif Hasan) — wideleft.football,6035,207,9.5,30.625,4.55,,35,123,7.08,4.63,12,,,,,,,,,,2026-07-26,,,
mekhi-becton-ot-lou-2020,2020,Mekhi Becton,OT,Louisville,1,13,Wide Left Consensus Big Board (Arif Hasan) — wideleft.football,6073,364,10.75,35.625,5.1,1.77,,,,,23,,,,,,1,11,NY Jets,,2026-07-26,11,14,
mekhi-blackmon-cb-usc-2023,2023,Mekhi Blackmon,CB,USC,6,194,"Jack Lichtenstein Consensus Big Board — 14 of 17 component boards, re-averaged",5110,178,9.25,31,4.47,,36,125,,,11,,,,,,3,102,Minnesota,,2026-05-04,,,
mekhi-garner-cb-lsu-2023,2023,Mekhi Garner,CB,LSU,6,193,"Jack Lichtenstein Consensus Big Board — 14 of 17 component boards, re-averaged",6020,212,10.125,32.25,4.55,,38,128,,,,,,,,,,,,,2026-05-04,,,
merlin-robertson-lb--2022,2022,Merlin Robertson,LB,,,,Wide Left Consensus Big Board (Arif Hasan) — wideleft.football,,,,,,,,,,,,,,,,,,,,,2026-08-06,,,
micah-baskerville-lb-lsu-2023,2023,Micah Baskerville,LB,LSU,7,364,"Jack Lichtenstein Consensus Big Board — 14 of 17 component boards, re-averaged",6004,221,9.625,31.25,,,31,115,,,,,,,,,,,,,2026-05-04,,,
micah-kiser-lb-vir-2018,2018,Micah Kiser,LB,Virginia,5,142,Wide Left Consensus Big Board (Arif Hasan) — wideleft.football,6003,238,9.375,32,4.66,,35.5,121,7.05,4.24,,,,,,,5,147,LA Rams,,2026-07-26,125,161,88.3
micah-mcfadden-lb-ind-2022,2022,Micah McFadden,LB,Indiana,6,206,Wide Left Consensus Big Board (Arif Hasan) — wideleft.football,6011,240,9.5,31.25,,,,,,,21,,,,,,5,146,NY Giants,,2026-08-06,220,210,81.6
micah-parsons-lb-pen-2021,2021,Micah Parsons,LB,Penn State,1,11,Wide Left Consensus Big Board (Arif Hasan) — wideleft.football,6031,246,11,31.5,4.39,,34,126,6.89,4.4,19,,,,,,1,12,Dallas,,2026-07-26,11,12,104.8
michael-badejo-edge--2022,2022,Michael Badejo,EDGE,,,,Wide Left Consensus Big Board (Arif Hasan) — wideleft.football,,,,,,,,,,,,,,,,,,,,,2026-08-06,,,
michael-badgley-st--2018,2018,Michael Badgley,ST,,,,Wide Left Consensus Big Board (Arif Hasan) — wideleft.football,,,,,,,,,,,,K,,,,,,,,,2026-07-26,,,
michael-boykin-edge-lou-2021,2021,Michael Boykin,EDGE,Louisville,,,Wide Left Consensus Big Board (Arif Hasan) — wideleft.football,6050,291,,,4.88,,32,110,7.69,4.58,24,,,,,,,,,,2026-07-26,,,
michael-caputo-s--2016,2016,Michael Caputo,S,,,,Wide Left Consensus Big Board (Arif Hasan) — wideleft.football,,,,,,,,,,,,,,,,,,,,,2026-07-26,,,
michael-carter-rb-nor-2021,2021,Michael Carter,RB,North Carolina,3,68,Wide Left Consensus Big Board (Arif Hasan) — wideleft.football,5077,201,8.75,29.125,4.5,,34,119,6.81,3.98,16,,,,,,4,107,NY Jets,,2026-07-26,79,66,125.4
michael-carter-ii-s-duk-2021,2021,Michael Carter II,S,Duke,,,Wide Left Consensus Big Board (Arif Hasan) — wideleft.football,,,,,,,,,,,,,,,,,5,154,NY Jets,,2026-08-02,,,
michael-clemons-edge-tex-2022,2022,Michael Clemons,EDGE,Texas A&M,5,146,Wide Left Consensus Big Board (Arif Hasan) — wideleft.football,6052,263,10,34.875,,,,116,,,24,,,,,,4,117,NY Jets,,2026-08-06,125,155,87.4
michael-danna-edge-mic-2020,2020,Michael Danna,EDGE,Michigan,,,Wide Left Consensus Big Board (Arif Hasan) — wideleft.football,,,,,,,,,,,,,,,,,5,177,Kansas City,,2026-07-26,,,
michael-deiter-iol-wis-2019,2019,Michael Deiter,IOL,Wisconsin,3,84,"Jack Lichtenstein Consensus Big Board — 14 of 17 component boards, re-averaged",6051,309,10.75,33.125,5.23,,28,105,7.88,4.81,21,,,,,,3,78,Miami,,2026-05-04,,,
michael-dickson-st-tex-2018,2018,Michael Dickson,ST,Texas,7,238,Wide Left Consensus Big Board (Arif Hasan) — wideleft.football,6023,208,9.25,31.25,,,,,,,,P,,,,,5,149,Seattle,,2026-07-26,107,250,125.4
michael-divinity-jr-lb-lsu-2020,2020,Michael Divinity Jr.,LB,LSU,7,274,Wide Left Consensus Big Board (Arif Hasan) — wideleft.football,6015,242,9.5,33.625,4.85,,31,115,,,14,,,,,,,,,,2026-07-26,296,267,
michael-dogbe-dt-tem-2019,2019,Michael Dogbe,DT,Temple,7,231,"Jack Lichtenstein Consensus Big Board — 14 of 17 component boards, re-averaged",,,,,,,,,,,,,,,,,7,249,Arizona,,2026-05-04,,,
michael-dwumfour-dt--2021,2021,Michael Dwumfour,DT,,,,Wide Left Consensus Big Board (Arif Hasan) — wideleft.football,6015,291,9.25,32,,,,,,,,Pass Rusher,,,,,,,,,2026-07-26,,,
michael-gallup-wr-col-2018,2018,Michael Gallup,WR,Colorado State,3,71,Wide Left Consensus Big Board (Arif Hasan) — wideleft.football,6006,205,9.25,31.5,4.51,,36,122,6.95,4.37,10,,,,,,3,81,Dallas,,2026-07-26,74,71,97.7
michael-hill-dt--2018,2018,Michael Hill,DT,,,,Wide Left Consensus Big Board (Arif Hasan) — wideleft.football,,,,,,,,,,,,,,,,,,,,,2026-07-26,,,
michael-jackson-cb-mia-2019,2019,Michael Jackson,CB,Miami,5,161,"Jack Lichtenstein Consensus Big Board — 14 of 17 component boards, re-averaged",,,,,,,,,,,,,,,,,5,158,Dallas,,2026-05-04,,,
michael-jefferson-wr-lou-2023,2023,Michael Jefferson,WR,Louisiana,7,335,"Jack Lichtenstein Consensus Big Board — 14 of 17 component boards, re-averaged",6036,199,9.625,32.5,4.56,,37,133,7.03,4.56,16,,,,,,,,,,2026-05-04,,,
michael-jordan-iol-ohi-2019,2019,Michael Jordan,IOL,Ohio State,4,104,"Jack Lichtenstein Consensus Big Board — 14 of 17 component boards, re-averaged",6060,312,,,5.27,,32.5,116,7.71,4.71,19,,,,,,4,136,Cincinnati,,2026-05-04,,,
michael-joseph-cb-dub-2018,2018,Michael Joseph,CB,Dubuque,7,267,Wide Left Consensus Big Board (Arif Hasan) — wideleft.football,6005,181,8.625,30.25,,,34,,6.89,4.2,17,,,,,,,,,,2026-07-26,220,267,83.8
michael-jurgens-iol--2023,2023,Michael Jurgens,IOL,,7,489,"Jack Lichtenstein Consensus Big Board — 14 of 17 component boards, re-averaged",,,,,,,,,,,,,,,,,,,,,2026-05-04,,,
michael-maietti-iol--2022,2022,Michael Maietti,IOL,,,,Wide Left Consensus Big Board (Arif Hasan) — wideleft.football,,,,,,,,,,,,,,,,,,,,,2026-08-06,,,
michael-mayer-te-not-2023,2023,Michael Mayer,TE,Notre Dame,1,14,"Jack Lichtenstein Consensus Big Board — 14 of 17 component boards, re-averaged",6044,249,9.5,31.625,4.7,,32.5,118,,,,,,,,,2,35,Las Vegas,,2026-05-04,,,
michael-ojemudia-cb-iow-2020,2020,Michael Ojemudia,CB,Iowa,4,136,Wide Left Consensus Big Board (Arif Hasan) — wideleft.football,6005,200,8.875,32.25,4.45,,36,122,6.87,4.21,,,,,,,3,77,Denver,,2026-07-26,142,131,
michael-onwenu-iol-mic-2020,2020,Michael Onwenu,IOL,Michigan,6,193,Wide Left Consensus Big Board (Arif Hasan) — wideleft.football,,,,,,,,,,,,,,,,,6,182,New England,,2026-07-26,242,169,
michael-pinckney-lb-mia-2020,2020,Michael Pinckney,LB,Miami,7,266,Wide Left Consensus Big Board (Arif Hasan) — wideleft.football,5111,235,10,32.375,,,,,,,,,,,,,,,,,2026-07-26,263,264,
michael-pittman-jr-wr-usc-2020,2020,Michael Pittman Jr.,WR,USC,2,47,Wide Left Consensus Big Board (Arif Hasan) — wideleft.football,6040,223,9.25,32.5,4.52,1.51,36.5,121,6.96,4.14,13,,,,,,2,34,Indianapolis,,2026-07-26,48,47,
michael-rector-wr-sta-2017,2017,Michael Rector,WR,Stanford,,,Wide Left Consensus Big Board (Arif Hasan) — wideleft.football,6004,193,9.25,32.5,4.42,,36.5,129,6.77,4.19,,,,,,,,,,,2026-07-26,,,
michael-roberts-te-tol-2017,2017,Michael Roberts,TE,Toledo,5,154,Wide Left Consensus Big Board (Arif Hasan) — wideleft.football,6043,270,11.5,33,4.86,,30,110,7.05,4.51,,,,,,,4,127,Detroit,,2026-07-26,166,151,77.4
michael-strachan-wr--2021,2021,Michael Strachan,WR,,,,Wide Left Consensus Big Board (Arif Hasan) — wideleft.football,6053,226,10,34.25,,,,,,,,,,,,,,,,,2026-07-26,,,
michael-thomas-wr-ohi-2016,2016,Michael Thomas,WR,Ohio State,2,40,Wide Left Consensus Big Board (Arif Hasan) — wideleft.football,6026,212,10.5,32.125,4.57,,35,126,6.8,4.13,18,,,,,,2,47,New Orleans,,2026-07-26,,,88
michael-turk-st-okl-2023,2023,Michael Turk,ST,Oklahoma,7,406,"Jack Lichtenstein Consensus Big Board — 14 of 17 component boards, re-averaged",6002,227,10.125,30.5,4.83,,34,109,,,,P,,,,,,,,,2026-05-04,,,
michael-turk-st-ari-2020,2020,Michael Turk,ST,Arizona State,,,Wide Left Consensus Big Board (Arif Hasan) — wideleft.football,6004,226,9.875,31.125,4.79,,34.5,108,,4.72,25,P,,,,,,,,,2026-07-26,,,
michael-warren-ii-rb--2020,2020,Michael Warren II,RB,,7,225,Wide Left Consensus Big Board (Arif Hasan) — wideleft.football,,,,,,,,,,,,,,,,,,,,,2026-07-26,230,224,
michael-wilson-wr-sta-2023,2023,Michael Wilson,WR,Stanford,4,111,"Jack Lichtenstein Consensus Big Board — 14 of 17 component boards, re-averaged",6017,213,9.75,31,4.58,,37.5,125,,4.27,23,,,,,,3,94,Arizona,,2026-05-04,,,
michael-woods-ii-wr-okl-2022,2022,Michael Woods II,WR,Oklahoma,,,Wide Left Consensus Big Board (Arif Hasan) — wideleft.football,,,,,,,,,,,,,,,,,6,202,Cleveland,,2026-08-06,,,
michal-menet-iol-pen-2021,2021,Michal Menet,IOL,Penn State,6,215,Wide Left Consensus Big Board (Arif Hasan) — wideleft.football,6041,301,10,31.5,,,,,,,,,,,,,7,247,Arizona,,2026-07-26,152,227,86.8
mika-tafua-edge--2022,2022,Mika Tafua,EDGE,,,,Wide Left Consensus Big Board (Arif Hasan) — wideleft.football,,,,,,,,,,,,,,,,,,,,,2026-08-06,,,
mikal-myers-dt--2017,2017,Mikal Myers,DT,,,,Wide Left Consensus Big Board (Arif Hasan) — wideleft.football,,,,,,,,,,,,,,,,,,,,,2026-07-26,,,
mike-basile-s--2018,2018,Mike Basile,S,,,,Wide Left Consensus Big Board (Arif Hasan) — wideleft.football,,,,,,,,,,,,,,,,,,,,,2026-07-26,,,
mike-bell-s-fre-2019,2019,Mike Bell,S,Fresno State,7,235,"Jack Lichtenstein Consensus Big Board — 14 of 17 component boards, re-averaged",6026,210,9.25,32.375,4.83,,30,118,7.1,4.46,10,,,,,,,,,,2026-05-04,,,
mike-bercovici-qb--2016,2016,Mike Bercovici,QB,,,,Wide Left Consensus Big Board (Arif Hasan) — wideleft.football,,,,,,,,,,,,,,,,,,,,,2026-07-26,,,
mike-boone-rb--2018,2018,Mike Boone,RB,,,,Wide Left Consensus Big Board (Arif Hasan) — wideleft.football,,,,,,,,,,,,,,,,,,,,,2026-07-26,,,
mike-danna-edge--2020,2020,Mike Danna,EDGE,,,,Wide Left Consensus Big Board (Arif Hasan) — wideleft.football,,,,,,,,,,,,,,,,,,,,,2026-07-26,,,
mike-edwards-s-ken-2019,2019,Mike Edwards,S,Kentucky,4,123,"Jack Lichtenstein Consensus Big Board — 14 of 17 component boards, re-averaged",5100,205,,,,,,,,,,,,,,,3,99,Tampa Bay,,2026-05-04,,,
mike-ford-cb--2018,2018,Mike Ford,CB,,,,Wide Left Consensus Big Board (Arif Hasan) — wideleft.football,,,,,,,,,,,,,,,,,,,,,2026-07-26,,,
mike-gesicki-te-pen-2018,2018,Mike Gesicki,TE,Penn State,2,46,Wide Left Consensus Big Board (Arif Hasan) — wideleft.football,6054,247,10.25,34.125,4.54,,41.5,129,6.76,4.1,22,,,,,,2,42,Miami,,2026-07-26,47,45,81.5
mike-harley-wr--2022,2022,Mike Harley,WR,,,,Wide Left Consensus Big Board (Arif Hasan) — wideleft.football,,,,,,,,,,,,,,,,,,,,,2026-08-06,,,
mike-hilton-s--2016,2016,Mike Hilton,S,,,,Wide Left Consensus Big Board (Arif Hasan) — wideleft.football,,,,,,,,,,,,,,,,,,,,,2026-07-26,,,
mike-hughes-cb-ucf-2018,2018,Mike Hughes,CB,UCF,2,33,Wide Left Consensus Big Board (Arif Hasan) — wideleft.football,5101,191,8.75,30.875,4.53,,35.5,127,6.7,4.13,20,,,,,,1,30,Minnesota,,2026-07-26,30,32,93.2
mike-jones-jr-lb--2023,2023,Mike Jones Jr.,LB,,7,327,"Jack Lichtenstein Consensus Big Board — 14 of 17 component boards, re-averaged",,,,,,,,,,,,,,,,,,,,,2026-05-04,,,
mike-love-edge--2018,2018,Mike Love,EDGE,,,,Wide Left Consensus Big Board (Arif Hasan) — wideleft.football,,,,,,,,,,,,,,,,,,,,,2026-07-26,,,
mike-matthews-iol--2016,2016,Mike Matthews,IOL,,7,242,Wide Left Consensus Big Board (Arif Hasan) — wideleft.football,,,,,,,,,,,,,,,,,,,,,2026-07-26,,,90.9
mike-mccray-lb-mic-2018,2018,Mike McCray,LB,Michigan,6,191,Wide Left Consensus Big Board (Arif Hasan) — wideleft.football,6011,243,9.125,32.625,4.76,,31.5,119,7.09,4.25,16,,,,,,,,,,2026-07-26,231,192,79.6
mike-mcglinchey-ot-not-2018,2018,Mike McGlinchey,OT,Notre Dame,1,17,Wide Left Consensus Big Board (Arif Hasan) — wideleft.football,6077,309,10,34,,,28.5,105,,,24,,,,,,1,9,San Francisco,,2026-07-26,18,17,85.5
mike-morris-edge-mic-2023,2023,Mike Morris,EDGE,Michigan,5,159,"Jack Lichtenstein Consensus Big Board — 14 of 17 component boards, re-averaged",6051,275,10,33.5,4.95,1.72,28.5,110,,,22,,,,,,5,151,Seattle,,2026-05-04,,,
mike-novitsky-iol--2023,2023,Mike Novitsky,IOL,,7,484,"Jack Lichtenstein Consensus Big Board — 14 of 17 component boards, re-averaged",,,,,,,,,,,,,,,,,,,,,2026-05-04,,,
mike-ramsay-dt--2018,2018,Mike Ramsay,DT,,,,Wide Left Consensus Big Board (Arif Hasan) — wideleft.football,,,,,,,,,,,,,,,,,,,,,2026-07-26,,,
mike-rose-lb-iow-2022,2022,Mike Rose,LB,Iowa State,5,176,Wide Left Consensus Big Board (Arif Hasan) — wideleft.football,6037,245,10.125,33.25,,,34,121,,,,,,,,,,,,,2026-08-06,175,181,81.1
mike-strachan-wr-cha-2021,2021,Mike Strachan,WR,Charleston (WV),7,272,Wide Left Consensus Big Board (Arif Hasan) — wideleft.football,6053,226,10,34.25,,,,,,,,,,,,,7,229,Indianapolis,,2026-07-26,273,276,115.5
mike-thomas-wr-sou-2016,2016,Mike Thomas,WR,Southern Miss,6,181,Wide Left Consensus Big Board (Arif Hasan) — wideleft.football,,,,,,,,,,,,,,,,,6,206,LA Rams,,2026-07-26,,,124.5
mike-tufua-edge--2022,2022,Mike Tufua,EDGE,,,,Wide Left Consensus Big Board (Arif Hasan) — wideleft.football,,,,,,,,,,,,,,,,,,,,,2026-08-06,,,
mike-tverdov-dt--2022,2022,Mike Tverdov,DT,,,,Wide Left Consensus Big Board (Arif Hasan) — wideleft.football,,,,,,,,,,,,,,,,,,,,,2026-08-06,,,
mike-tyson-s-cin-2017,2017,Mike Tyson,S,Cincinnati,,,Wide Left Consensus Big Board (Arif Hasan) — wideleft.football,6010,204,,,4.56,,33,118,,,17,,,,,,6,187,Seattle,,2026-07-26,,,
mike-weber-rb-ohi-2019,2019,Mike Weber,RB,Ohio State,6,194,"Jack Lichtenstein Consensus Big Board — 14 of 17 component boards, re-averaged",5095,211,9.375,29.75,4.47,,33.5,,,,22,,,,,,7,218,Dallas,,2026-05-04,,,
mike-white-qb-wes-2018,2018,Mike White,QB,Western Kentucky,4,122,Wide Left Consensus Big Board (Arif Hasan) — wideleft.football,6045,224,9.5,31.875,5.09,,27,96,7.4,4.4,,,,,,,5,171,Dallas,,2026-07-26,124,129,89.9
mike-williams-wr-cle-2017,2017,Mike Williams,WR,Clemson,1,11,Wide Left Consensus Big Board (Arif Hasan) — wideleft.football,6035,218,9.38,33.38,,,32.5,121,,,15,,,,,,1,7,LA Chargers,,2026-07-26,13,11,95.4
mikel-jones-lb--2023,2023,Mikel Jones,LB,,7,399,"Jack Lichtenstein Consensus Big Board — 14 of 17 component boards, re-averaged",,,,,,,,,,,,,,,,,,,,,2026-05-04,,,
miles-boykin-wr-not-2019,2019,Miles Boykin,WR,Notre Dame,3,82,"Jack Lichtenstein Consensus Big Board — 14 of 17 component boards, re-averaged",6036,220,9.875,33.5,4.42,,43.5,140,6.77,4.07,12,,,,,,3,93,Baltimore,,2026-05-04,,,
miles-fox-dt--2019,2019,Miles Fox,DT,,7,347,"Jack Lichtenstein Consensus Big Board — 14 of 17 component boards, re-averaged",,,,,,,,,,,,,,,,,,,,,2026-05-04,,,
miles-killebrew-s-sou-2016,2016,Miles Killebrew,S,Southern Utah,4,108,Wide Left Consensus Big Board (Arif Hasan) — wideleft.football,6017,217,9.5,32.125,4.65,,38,127,6.93,4.18,22,,,,,,4,111,Detroit,,2026-07-26,,,89.9
miles-sanders-rb-pen-2019,2019,Miles Sanders,RB,Penn State,2,63,"Jack Lichtenstein Consensus Big Board — 14 of 17 component boards, re-averaged",5105,211,9.25,30.625,4.49,,36,124,6.89,4.19,20,,,,,,2,53,Philadelphia,,2026-05-04,,,
miller-forristall-te-ala-2021,2021,Miller Forristall,TE,Alabama,,,Wide Left Consensus Big Board (Arif Hasan) — wideleft.football,6046,239,10.25,33,,,,,,,,,,,,,,,,,2026-07-26,,,
milton-williams-dt-lou-2021,2021,Milton Williams,DT,Louisiana Tech,3,89,Wide Left Consensus Big Board (Arif Hasan) — wideleft.football,6030,284,,,4.67,,38.5,121,6.96,4.33,34,Pass Rusher,,,,,3,73,Philadelphia,,2026-07-26,70,90,148.7
minkah-fitzpatrick-s-ala-2018,2018,Minkah Fitzpatrick,S,Alabama,1,6,Wide Left Consensus Big Board (Arif Hasan) — wideleft.football,6001,201,9.375,31.25,4.46,,33,121,,,14,,,,,,1,11,Miami,,2026-07-26,7,6,83.6
mitch-hyatt-ot-cle-2019,2019,Mitch Hyatt,OT,Clemson,6,203,"Jack Lichtenstein Consensus Big Board — 14 of 17 component boards, re-averaged",6053,303,10.25,34.125,,,25.5,102,7.72,4.52,28,,,,,,,,,,2026-05-04,,,
mitch-mathews-wr--2016,2016,Mitch Mathews,WR,,,,Wide Left Consensus Big Board (Arif Hasan) — wideleft.football,,,,,,,,,,,,,,,,,,,,,2026-07-26,,,
mitch-wishnowsky-st-uta-2019,2019,Mitch Wishnowsky,ST,Utah,7,304,"Jack Lichtenstein Consensus Big Board — 14 of 17 component boards, re-averaged",6021,218,9.25,31.25,4.63,,32.5,117,,,,P,,,,,4,110,San Francisco,,2026-05-04,,,
mitchell-tinsley-wr-pen-2023,2023,Mitchell Tinsley,WR,Penn State,7,294,"Jack Lichtenstein Consensus Big Board — 14 of 17 component boards, re-averaged",6000,199,10,32.375,4.6,,35.5,120,,4.21,14,,,,,,,,,,2026-05-04,,,
mitchell-trubisky-qb-nor-2017,2017,Mitchell Trubisky,QB,North Carolina,1,23,Wide Left Consensus Big Board (Arif Hasan) — wideleft.football,6021,222,9.5,32,4.67,,27.5,116,6.87,4.25,,,,,,,1,2,Chicago,,2026-07-26,17,26,108.5
mitchell-wilcox-te-sou-2020,2020,Mitchell Wilcox,TE,South Florida,7,277,Wide Left Consensus Big Board (Arif Hasan) — wideleft.football,6034,247,9.125,32.25,4.88,1.65,31,112,7.37,4.43,,,,,,,,,,,2026-07-26,299,269,
mj-anderson-edge-iow-2023,2023,MJ Anderson,EDGE,Iowa State,7,273,"Jack Lichtenstein Consensus Big Board — 14 of 17 component boards, re-averaged",6024,269,9.25,33.75,,,33,,,,,,,,,,,,,,2026-05-04,,,
mo-hurst-dt-mic-2018,2018,Mo Hurst,DT,Michigan,1,19,Wide Left Consensus Big Board (Arif Hasan) — wideleft.football,6012,292,9.5,32,,,,,,,,Pass Rusher,,,,,5,140,Las Vegas,,2026-08-02,31,18,116.6
mohamed-barry-lb--2020,2020,Mohamed Barry,LB,,,,Wide Left Consensus Big Board (Arif Hasan) — wideleft.football,,,,,,,,,,,,,,,,,,,,,2026-07-26,,,
mohamed-ibrahim-rb-min-2023,2023,Mohamed Ibrahim,RB,Minnesota,7,231,"Jack Lichtenstein Consensus Big Board — 14 of 17 component boards, re-averaged",5076,203,9,28.625,,,,,,,,,,,,,,,,,2026-05-04,,,
mohamoud-diabate-lb--2023,2023,Mohamoud Diabate,LB,,7,271,"Jack Lichtenstein Consensus Big Board — 14 of 17 component boards, re-averaged",,,,,,,,,,,,,,,,,,,,,2026-05-04,,,
monquavion-brinson-cb--2020,2020,Monquavion Brinson,CB,,,,Wide Left Consensus Big Board (Arif Hasan) — wideleft.football,,,,,,,,,,,,,,,,,,,,,2026-07-26,,,
montae-nicholson-s-mic-2017,2017,Montae Nicholson,S,Michigan State,6,180,Wide Left Consensus Big Board (Arif Hasan) — wideleft.football,6023,212,9.5,33.38,4.42,,35,125,,,,,,,,,4,123,Washington,,2026-07-26,196,178,90.9
montaric-brown-cb-ark-2022,2022,Montaric Brown,CB,Arkansas,7,239,Wide Left Consensus Big Board (Arif Hasan) — wideleft.football,6003,196,9.5,31.25,4.55,,,,,,,,,,,,7,222,Jacksonville,,2026-08-06,263,236,102.5
montese-overton-lb-eas-2016,2016,Montese Overton,LB,East Carolina,,,Wide Left Consensus Big Board (Arif Hasan) — wideleft.football,6016,223,9.5,32.75,4.61,,34,123,7.15,4.47,18,,,,,,,,,,2026-07-26,,,
montez-sweat-edge-mis-2019,2019,Montez Sweat,EDGE,Mississippi State,1,10,"Jack Lichtenstein Consensus Big Board — 14 of 17 component boards, re-averaged",6056,260,10.5,35.75,4.41,1.55,36,125,7,4.29,21,,,,,,1,26,Washington,,2026-05-04,,,
montravius-adams-dt-aub-2017,2017,Montravius Adams,DT,Auburn,3,88,Wide Left Consensus Big Board (Arif Hasan) — wideleft.football,6035,304,9.25,32.75,4.87,,29,108,7.62,4.89,22,,,,,,3,93,Green Bay,,2026-07-26,89,88,113.8
montre-hartage-cb-nor-2019,2019,Montre Hartage,CB,Northwestern,7,300,"Jack Lichtenstein Consensus Big Board — 14 of 17 component boards, re-averaged",5113,190,9,31.75,4.68,,34.5,123,6.95,4.08,9,,,,,,,,,,2026-05-04,,,
montrell-washington-wr-sam-2022,2022,Montrell Washington,WR,Samford,,,Wide Left Consensus Big Board (Arif Hasan) — wideleft.football,,,,,,,,,,,,,,,,,5,162,Denver,,2026-08-06,,,
monty-rice-lb-geo-2021,2021,Monty Rice,LB,Georgia,4,132,Wide Left Consensus Big Board (Arif Hasan) — wideleft.football,6003,233,8.625,30.75,4.58,,32,121,7.34,4.33,,,,,,,3,92,Tennessee,,2026-07-26,133,138,82.3
morgan-burns-cb--2016,2016,Morgan Burns,CB,,7,270,Wide Left Consensus Big Board (Arif Hasan) — wideleft.football,,,,,,,,,,,,,,,,,,,,,2026-07-26,,,88.8
moritz-boehringer-wr--2016,2016,Moritz Boehringer,WR,,,,Wide Left Consensus Big Board (Arif Hasan) — wideleft.football,,,,,,,,,,,,,,,,,6,180,Minnesota,,2026-07-26,,,
moro-ojomo-dt-tex-2023,2023,Moro Ojomo,DT,Texas,4,127,"Jack Lichtenstein Consensus Big Board — 14 of 17 component boards, re-averaged",6025,292,10.375,34.5,5.04,1.77,33,112,7.45,,29,Pass Rusher,,,,,7,249,Philadelphia,,2026-05-04,,,
mustafa-johnson-dt-col-2021,2021,Mustafa Johnson,DT,Colorado,7,289,Wide Left Consensus Big Board (Arif Hasan) — wideleft.football,6001,280,10.25,32.125,,,29,103,7.18,4.51,27,Pass Rusher,,,,,,,,,2026-07-26,331,281,80.6
myjai-sanders-edge-cin-2022,2022,Myjai Sanders,EDGE,Cincinnati,3,92,Wide Left Consensus Big Board (Arif Hasan) — wideleft.football,6052,228,9.25,32.625,4.67,1.62,33,120,,4.37,,,,,,,3,100,Arizona,,2026-08-06,101,83,91.9
mykael-wright-cb-ore-2022,2022,Mykael Wright,CB,Oregon,6,207,Wide Left Consensus Big Board (Arif Hasan) — wideleft.football,5104,173,9,30.5,4.57,,,,,,,,,,,,,,,,2026-08-06,218,202,94.2
mykal-walker-lb-fre-2020,2020,Mykal Walker,LB,Fresno State,6,204,Wide Left Consensus Big Board (Arif Hasan) — wideleft.football,6030,230,10,32.5,4.65,,33,122,7.09,4.25,20,,,,,,4,119,Atlanta,,2026-07-26,194,210,
myles-brennan-qb--2023,2023,Myles Brennan,QB,,7,474,"Jack Lichtenstein Consensus Big Board — 14 of 17 component boards, re-averaged",,,,,,,,,,,,,,,,,,,,,2026-05-04,,,
myles-brooks-cb-lou-2023,2023,Myles Brooks,CB,Louisiana Tech,7,254,"Jack Lichtenstein Consensus Big Board — 14 of 17 component boards, re-averaged",6006,201,9.5,30.75,,,,,,,,,,,,,,,,,2026-05-04,,,
myles-bryant-cb-was-2020,2020,Myles Bryant,CB,Washington,7,290,Wide Left Consensus Big Board (Arif Hasan) — wideleft.football,5077,183,9.125,29.5,4.62,,31.5,115,6.81,4.02,,,,,,,,,,,2026-07-26,362,266,
myles-dorn-s--2020,2020,Myles Dorn,S,,,,Wide Left Consensus Big Board (Arif Hasan) — wideleft.football,,,,,,,,,,,,,,,,,,,,,2026-07-26,,,
myles-garrett-edge-tex-2017,2017,Myles Garrett,EDGE,Texas A&M,1,1,Wide Left Consensus Big Board (Arif Hasan) — wideleft.football,6044,272,10.25,35.25,4.64,,41,128,,,33,,,,,,1,1,Cleveland,,2026-07-26,1,1,64.3
myles-gaskin-rb-was-2019,2019,Myles Gaskin,RB,Washington,6,193,"Jack Lichtenstein Consensus Big Board — 14 of 17 component boards, re-averaged",5092,205,8.75,29.5,4.58,,35.5,118,7.19,4.27,24,,,,,,7,234,Miami,,2026-05-04,,,
myles-jack-lb-ucl-2016,2016,Myles Jack,LB,UCLA,1,4,Wide Left Consensus Big Board (Arif Hasan) — wideleft.football,6010,245,10.25,33.625,4.56,,,,,,19,,,,,,2,36,Jacksonville,,2026-07-26,,,101.1
myles-murphy-edge-cle-2023,2023,Myles Murphy,EDGE,Clemson,1,17,"Jack Lichtenstein Consensus Big Board — 14 of 17 component boards, re-averaged",6046,268,8.5,33.75,,,,,,,25,,,,,,1,28,Cincinnati,,2026-05-04,,,
myles-pierce-lb--2018,2018,Myles Pierce,LB,,,,Wide Left Consensus Big Board (Arif Hasan) — wideleft.football,,,,,,,,,,,,,,,,,,,,,2026-07-26,,,
myron-cunningham-ot-ark-2022,2022,Myron Cunningham,OT,Arkansas,7,286,Wide Left Consensus Big Board (Arif Hasan) — wideleft.football,6052,320,10.375,34.5,5.38,,20,98,8.5,5.16,,,,,,,,,,,2026-08-06,302,265,106.7
myron-mitchell-wr--2021,2021,Myron Mitchell,WR,,,,Wide Left Consensus Big Board (Arif Hasan) — wideleft.football,,,,,,,,,,,,,,,,,,,,,2026-07-26,,,
myron-tagovailoa-amosa-edge-not-2022,2022,Myron Tagovailoa-Amosa,EDGE,Notre Dame,7,257,Wide Left Consensus Big Board (Arif Hasan) — wideleft.football,6022,270,9.625,32.625,4.81,1.71,29,115,,,,,,,,,,,,,2026-08-06,272,257,91.6
nahshon-wright-cb-ore-2021,2021,Nahshon Wright,CB,Oregon State,,,Wide Left Consensus Big Board (Arif Hasan) — wideleft.football,6040,183,,,4.46,,31,126,7.24,4.57,6,,,,,,3,99,Dallas,,2026-07-26,,,
najee-harris-rb-ala-2021,2021,Najee Harris,RB,Alabama,1,22,Wide Left Consensus Big Board (Arif Hasan) — wideleft.football,6013,232,10.25,33.375,,,,,,,,,,,,,1,24,Pittsburgh,,2026-07-26,22,23,86.8
najee-murray-cb--2017,2017,Najee Murray,CB,,,,Wide Left Consensus Big Board (Arif Hasan) — wideleft.football,,,,,,,,,,,,,,,,,,,,,2026-07-26,,,
nakobe-dean-lb-geo-2022,2022,Nakobe Dean,LB,Georgia,1,24,Wide Left Consensus Big Board (Arif Hasan) — wideleft.football,5112,229,9.125,31.875,,,,,,,,,,,,,3,83,Philadelphia,,2026-08-06,21,23,73
naquan-jones-dt-mic-2021,2021,Naquan Jones,DT,Michigan State,7,281,Wide Left Consensus Big Board (Arif Hasan) — wideleft.football,6033,313,9.875,33,5.42,,25,100,,4.9,20,,,,,,,,,,2026-07-26,299,278,85.5
nash-jensen-iol--2023,2023,Nash Jensen,IOL,,7,424,"Jack Lichtenstein Consensus Big Board — 14 of 17 component boards, re-averaged",,,,,,,,,,,,,,,,,,,,,2026-05-04,,,
nasir-adderley-s-del-2019,2019,Nasir Adderley,S,Delaware,2,33,"Jack Lichtenstein Consensus Big Board — 14 of 17 component boards, re-averaged",5116,206,9,31,,,,,,,,,,,,,2,60,LA Chargers,,2026-05-04,,,
nasir-greer-s--2022,2022,Nasir Greer,S,,,,Wide Left Consensus Big Board (Arif Hasan) — wideleft.football,,,,,,,,,,,,,,,,,,,,,2026-08-06,,,
nate-davis-iol-cha-2019,2019,Nate Davis,IOL,Charlotte,3,90,"Jack Lichtenstein Consensus Big Board — 14 of 17 component boards, re-averaged",6032,316,9.5,33.125,5.23,,26,107,7.94,4.83,23,,,,,,3,82,Tennessee,,2026-05-04,,,
nate-gerry-s-neb-2017,2017,Nate Gerry,S,Nebraska,,,Wide Left Consensus Big Board (Arif Hasan) — wideleft.football,6020,218,,,4.58,,30.5,122,,,17,,,,,,,,,,2026-07-26,,,
nate-hairston-cb-tem-2017,2017,Nate Hairston,CB,Temple,7,218,Wide Left Consensus Big Board (Arif Hasan) — wideleft.football,5117,196,9.5,31,4.52,,35.5,118,,,14,,,,,,5,158,Indianapolis,,2026-07-26,184,253,114.1
nate-herbig-iol-sta-2019,2019,Nate Herbig,IOL,Stanford,7,268,"Jack Lichtenstein Consensus Big Board — 14 of 17 component boards, re-averaged",6034,335,10.125,33.25,5.41,,24,90,8.15,5.04,29,,,,,,,,,,2026-05-04,,,
nate-hobbs-cb-ill-2021,2021,Nate Hobbs,CB,Illinois,7,275,Wide Left Consensus Big Board (Arif Hasan) — wideleft.football,5113,196,9.5,31.5,4.48,,40.5,135,6.85,4.17,17,,,,,,5,167,Las Vegas,,2026-07-26,296,263,88.5
nate-landman-lb-col-2022,2022,Nate Landman,LB,Colorado,,,Wide Left Consensus Big Board (Arif Hasan) — wideleft.football,6024,238,9.375,30.5,4.86,,36.5,119,,,,,,,,,,,,,2026-08-06,,,
nate-stanley-qb-iow-2020,2020,Nate Stanley,QB,Iowa,7,229,Wide Left Consensus Big Board (Arif Hasan) — wideleft.football,6036,235,10,32.625,4.81,,28.5,108,7.26,4.48,,,,,,,7,244,Minnesota,,2026-07-26,216,236,
nate-sudfeld-qb-ind-2016,2016,Nate Sudfeld,QB,Indiana,6,197,Wide Left Consensus Big Board (Arif Hasan) — wideleft.football,6061,234,9.875,34.25,5.02,,29,105,,,,,,,,,6,187,Washington,,2026-07-26,,,81.4
nate-theaker-iol-way-2017,2017,Nate Theaker,IOL,Wayne State (MI),,,Wide Left Consensus Big Board (Arif Hasan) — wideleft.football,6046,315,9.63,32.63,5.41,,27,105,7.97,4.89,23,,,,,,,,,,2026-07-26,,,
nathan-gerry-s-neb-2017,2017,Nathan Gerry,S,Nebraska,7,249,Wide Left Consensus Big Board (Arif Hasan) — wideleft.football,6020,218,,,4.58,,30.5,122,,,17,,,,,,5,184,Philadelphia,,2026-07-26,224,252,84.8
nathan-peterman-qb-pit-2017,2017,Nathan Peterman,QB,Pittsburgh,4,108,Wide Left Consensus Big Board (Arif Hasan) — wideleft.football,6024,226,9.88,32,4.82,,31,110,7.14,4.31,,,,,,,5,171,Buffalo,,2026-07-26,93,115,96.4
nathan-shepherd-dt-for-2018,2018,Nathan Shepherd,DT,Fort Hays State,2,62,Wide Left Consensus Big Board (Arif Hasan) — wideleft.football,6036,315,10.125,32.375,5.09,1.77,31,112,7.5,4.53,,,,,,,3,72,NY Jets,,2026-07-26,66,65,98.3
nathaniel-dell-wr-hou-2023,2023,Nathaniel Dell,WR,Houston,3,78,"Jack Lichtenstein Consensus Big Board — 14 of 17 component boards, re-averaged",5080,165,,,4.49,,,121,,,,,,,,,3,69,Houston,,2026-05-04,,,
natrell-jamerson-s-wis-2018,2018,Natrell Jamerson,S,Wisconsin,7,242,Wide Left Consensus Big Board (Arif Hasan) — wideleft.football,5105,198,9.75,32.625,4.4,,35.5,120,,,25,,,,,,5,164,New Orleans,,2026-07-26,197,254,90.5
nazair-jones-dt-nor-2017,2017,Nazair Jones,DT,North Carolina,4,136,Wide Left Consensus Big Board (Arif Hasan) — wideleft.football,6051,304,10.88,34.63,5.11,,24.5,101,7.93,4.63,,,,,,,3,102,Seattle,,2026-07-26,131,133,87.9
nazeeh-johnson-s-mar-2022,2022,Nazeeh Johnson,S,Marshall,,,Wide Left Consensus Big Board (Arif Hasan) — wideleft.football,,,,,,,,,,,,,,,,,7,259,Kansas City,,2026-08-06,,,
nehemiah-shelton-cb--2023,2023,Nehemiah Shelton,CB,,7,387,"Jack Lichtenstein Consensus Big Board — 14 of 17 component boards, re-averaged",,,,,,,,,,,,,,,,,,,,,2026-05-04,,,
neil-farrell-jr-dt-lsu-2022,2022,Neil Farrell Jr.,DT,LSU,5,173,Wide Left Consensus Big Board (Arif Hasan) — wideleft.football,6041,330,10.125,32.25,5.41,1.88,21.5,,8.41,,,Run Stuffer,,,,,4,126,Las Vegas,,2026-08-06,153,183,91.8
nelson-spruce-wr-col-2016,2016,Nelson Spruce,WR,Colorado,7,230,Wide Left Consensus Big Board (Arif Hasan) — wideleft.football,6011,206,10,30,4.69,,35,114,7.09,4.2,12,,,,,,,,,,2026-07-26,,,89
nephi-sewell-lb-uta-2022,2022,Nephi Sewell,LB,Utah,7,294,Wide Left Consensus Big Board (Arif Hasan) — wideleft.football,5114,226,8.5,29.375,4.67,,32,120,7.01,4.33,,,,,,,,,,,2026-08-06,294,292,81.4
nesta-jade-silvera-dt-ari-2023,2023,Nesta Jade Silvera,DT,Arizona State,7,292,"Jack Lichtenstein Consensus Big Board — 14 of 17 component boards, re-averaged",6020,304,9.875,32.875,5.16,1.77,29.5,110,,,,,,,,,7,231,Las Vegas,,2026-05-04,,,
netane-muti-iol-fre-2020,2020,Netane Muti,IOL,Fresno State,4,108,Wide Left Consensus Big Board (Arif Hasan) — wideleft.football,6027,315,10.625,31.75,,,,,,,44,,,,,,6,181,Denver,,2026-07-26,153,107,
nevelle-clarke-cb-ucf-2020,2020,Nevelle Clarke,CB,UCF,7,289,Wide Left Consensus Big Board (Arif Hasan) — wideleft.football,6007,190,9.125,31.625,,,35,126,6.88,4.31,10,,,,,,,,,,2026-07-26,300,280,
neville-clarke-cb-ucf-2020,2020,Neville Clarke,CB,UCF,,,Wide Left Consensus Big Board (Arif Hasan) — wideleft.football,6007,190,9.125,31.625,,,35,126,6.88,4.31,10,,,,,,,,,,2026-07-26,,,
neville-gallimore-dt-okl-2020,2020,Neville Gallimore,DT,Oklahoma,2,48,Wide Left Consensus Big Board (Arif Hasan) — wideleft.football,6020,304,9.625,32.75,4.79,1.69,,,7.97,5.01,23,,,,,,3,82,Dallas,,2026-07-26,52,49,
nic-jones-cb-bal-2023,2023,Nic Jones,CB,Ball State,7,267,"Jack Lichtenstein Consensus Big Board — 14 of 17 component boards, re-averaged",5117,189,10,32.375,4.51,,34.5,122,,4.34,,,,,,,7,250,Kansas City,,2026-05-04,,,
nic-shimonek-qb-tex-2018,2018,Nic Shimonek,QB,Texas Tech,7,288,Wide Left Consensus Big Board (Arif Hasan) — wideleft.football,6030,220,9.25,30.75,4.88,,28.5,101,7.28,4.32,,,,,,,,,,,2026-07-26,314,314,84.1
nicholas-petit-frere-ot-ohi-2022,2022,Nicholas Petit-Frere,OT,Ohio State,3,72,Wide Left Consensus Big Board (Arif Hasan) — wideleft.football,6051,316,10.75,33.625,5.14,,24.5,103,,,,,,,,,3,69,Tennessee,,2026-08-06,69,74,95.8
nick-allegretti-iol-ill-2019,2019,Nick Allegretti,IOL,Illinois,7,437,"Jack Lichtenstein Consensus Big Board — 14 of 17 component boards, re-averaged",,,,,,,,,,,,,,,,,7,216,Kansas City,,2026-05-04,,,
nick-arbuckle-qb--2016,2016,Nick Arbuckle,QB,,,,Wide Left Consensus Big Board (Arif Hasan) — wideleft.football,,,,,,,,,,,,,,,,,,,,,2026-07-26,,,
nick-bawden-rb-san-2018,2018,Nick Bawden,RB,San Diego State,7,297,Wide Left Consensus Big Board (Arif Hasan) — wideleft.football,6017,245,9.25,30.5,,,,,,,,FB,,,,,7,237,Detroit,,2026-07-26,284,304,93.9
nick-bolton-lb-mis-2021,2021,Nick Bolton,LB,Missouri,2,51,Wide Left Consensus Big Board (Arif Hasan) — wideleft.football,5111,237,10.375,31.875,4.6,,32,,7.4,4.5,24,,,,,,2,58,Kansas City,,2026-07-26,42,52,101.7
nick-bosa-edge-ohi-2019,2019,Nick Bosa,EDGE,Ohio State,1,1,"Jack Lichtenstein Consensus Big Board — 14 of 17 component boards, re-averaged",6036,266,10.75,33,4.79,1.6,33.5,116,7.1,4.14,29,,,,,,1,2,San Francisco,,2026-05-04,,,
nick-broeker-iol-mis-2023,2023,Nick Broeker,IOL,Mississippi,5,154,"Jack Lichtenstein Consensus Big Board — 14 of 17 component boards, re-averaged",6043,305,9.75,32.5,5.27,1.84,,,7.75,4.7,,,,,,,7,230,Buffalo,,2026-05-04,,,
nick-chubb-rb-geo-2018,2018,Nick Chubb,RB,Georgia,2,39,Wide Left Consensus Big Board (Arif Hasan) — wideleft.football,5107,227,9.625,32,4.52,,38.5,128,7.09,4.25,29,,,,,,2,35,Cleveland,,2026-07-26,42,40,75.6
nick-coe-edge-aub-2020,2020,Nick Coe,EDGE,Auburn,6,200,Wide Left Consensus Big Board (Arif Hasan) — wideleft.football,6045,280,10.25,33.75,4.89,,29,116,,,21,,,,,,,,,,2026-07-26,170,217,
nick-cross-s-mar-2022,2022,Nick Cross,S,Maryland,3,81,Wide Left Consensus Big Board (Arif Hasan) — wideleft.football,6001,212,9,31.5,4.34,,37,130,,,,,,,,,3,96,Indianapolis,,2026-08-06,76,85,94.4
nick-davanzo-dt--2017,2017,Nick D'Avanzo,DT,,,,Wide Left Consensus Big Board (Arif Hasan) — wideleft.football,,,,,,,,,,,,,,,,,,,,,2026-07-26,,,
nick-deluca-lb-nor-2018,2018,Nick DeLuca,LB,North Dakota State,7,251,Wide Left Consensus Big Board (Arif Hasan) — wideleft.football,6025,251,10.25,32.75,4.85,,29.5,112,7.09,4.23,18,,,,,,,,,,2026-07-26,292,231,92.2
nick-eubanks-te--2021,2021,Nick Eubanks,TE,,7,263,Wide Left Consensus Big Board (Arif Hasan) — wideleft.football,6044,245,9.75,33.25,,,,,,,,,,,,,,,,,2026-07-26,251,262,80.7
nick-ford-iol--2022,2022,Nick Ford,IOL,,,,Wide Left Consensus Big Board (Arif Hasan) — wideleft.football,,,,,,,,,,,,,,,,,,,,,2026-08-06,,,
nick-gates-ot-neb-2018,2018,Nick Gates,OT,Nebraska,7,248,Wide Left Consensus Big Board (Arif Hasan) — wideleft.football,6053,307,10.25,32,5.46,1.87,24,94,7.61,4.68,20,,,,,,,,,,2026-07-26,271,236,89.3
nick-hampton-edge-app-2023,2023,Nick Hampton,EDGE,Appalachian State,5,145,"Jack Lichtenstein Consensus Big Board — 14 of 17 component boards, re-averaged",6022,236,9.5,33.625,4.58,1.65,35.5,120,,,,,,,,,5,161,LA Rams,,2026-05-04,,,
nick-harris-iol-was-2020,2020,Nick Harris,IOL,Washington,4,116,Wide Left Consensus Big Board (Arif Hasan) — wideleft.football,6007,302,9.75,32.125,5.1,1.76,29.5,103,,,20,,,,,,5,160,Cleveland,,2026-07-26,122,109,
nick-herbig-edge-wis-2023,2023,Nick Herbig,EDGE,Wisconsin,3,95,"Jack Lichtenstein Consensus Big Board — 14 of 17 component boards, re-averaged",6021,240,9.25,31.25,4.65,,,,,,25,,,,,,4,132,Pittsburgh,,2026-05-04,,,
nick-keizer-te--2018,2018,Nick Keizer,TE,,,,Wide Left Consensus Big Board (Arif Hasan) — wideleft.football,,,,,,,,,,,,,,,,,,,,,2026-07-26,,,
nick-kwiatkoski-lb-wes-2016,2016,Nick Kwiatkoski,LB,West Virginia,4,134,Wide Left Consensus Big Board (Arif Hasan) — wideleft.football,6020,243,9.5,31.75,4.73,,32,120,7.16,4.22,19,,,,,,4,113,Chicago,,2026-07-26,,,92.3
nick-linder-iol--2019,2019,Nick Linder,IOL,,7,338,"Jack Lichtenstein Consensus Big Board — 14 of 17 component boards, re-averaged",,,,,,,,,,,,,,,,,,,,,2026-05-04,,,
nick-martin-iol-not-2016,2016,Nick Martin,IOL,Notre Dame,2,57,Wide Left Consensus Big Board (Arif Hasan) — wideleft.football,6041,299,9.75,32.5,5.22,,28,97,7.57,4.72,28,,,,,,2,50,Houston,,2026-07-26,,,94.2
nick-mccloud-cb-not-2021,2021,Nick McCloud,CB,Notre Dame,,,Wide Left Consensus Big Board (Arif Hasan) — wideleft.football,6001,193,9.5,31.875,4.45,,34,,6.88,4.16,12,,,,,,,,,,2026-07-26,,,
nick-mullens-qb--2017,2017,Nick Mullens,QB,,,,Wide Left Consensus Big Board (Arif Hasan) — wideleft.football,,,,,,,,,,,,,,,,,,,,,2026-07-26,,,
nick-muse-te-sou-2022,2022,Nick Muse,TE,South Carolina,,,Wide Left Consensus Big Board (Arif Hasan) — wideleft.football,,,,,,,,,,,,,,,,,7,227,Minnesota,,2026-08-06,,,
nick-natour-iol--2019,2019,Nick Natour,IOL,,7,349,"Jack Lichtenstein Consensus Big Board — 14 of 17 component boards, re-averaged",,,,,,,,,,,,,,,,,,,,,2026-05-04,,,
nick-nelson-cb-wis-2018,2018,Nick Nelson,CB,Wisconsin,4,109,Wide Left Consensus Big Board (Arif Hasan) — wideleft.football,5105,208,9.25,30.75,4.52,,,123,,,17,,,,,,4,110,Las Vegas,,2026-07-26,147,111,98.1
nick-niemann-lb-iow-2021,2021,Nick Niemann,LB,Iowa,7,249,Wide Left Consensus Big Board (Arif Hasan) — wideleft.football,6030,234,9.125,32.625,4.45,,33.5,121,6.67,4.14,,,,,,,6,185,LA Chargers,,2026-07-26,255,241,95.9
nick-otoole-st-wes-2016,2016,Nick O'Toole,ST,West Virginia,,,Wide Left Consensus Big Board (Arif Hasan) — wideleft.football,6033,219,9.75,32.5,5.05,,,,,,,P,,,,,,,,,2026-07-26,,,
nick-saldiveri-ot-old-2023,2023,Nick Saldiveri,OT,Old Dominion,4,108,"Jack Lichtenstein Consensus Big Board — 14 of 17 component boards, re-averaged",6062,318,10.25,33.25,5.21,1.8,31,111,,4.69,24,,,,,,4,103,New Orleans,,2026-05-04,,,
nick-scott-s-pen-2019,2019,Nick Scott,S,Penn State,7,428,"Jack Lichtenstein Consensus Big Board — 14 of 17 component boards, re-averaged",,,,,,,,,,,,,,,,,7,243,LA Rams,,2026-05-04,,,
nick-thurman-dt--2018,2018,Nick Thurman,DT,,,,Wide Left Consensus Big Board (Arif Hasan) — wideleft.football,,,,,,,,,,,,,,,,,,,,,2026-07-26,,,
nick-vanhoose-cb--2016,2016,Nick Vanhoose,CB,,7,268,Wide Left Consensus Big Board (Arif Hasan) — wideleft.football,,,,,,,,,,,,,,,,,,,,,2026-07-26,,,125.5
nick-vannett-te-ohi-2016,2016,Nick Vannett,TE,Ohio State,3,84,Wide Left Consensus Big Board (Arif Hasan) — wideleft.football,6060,257,10,34,4.76,,30.5,111,7.05,4.2,17,,,,,,3,94,Seattle,,2026-07-26,,,103.3
nick-vigil-lb-uta-2016,2016,Nick Vigil,LB,Utah State,5,147,Wide Left Consensus Big Board (Arif Hasan) — wideleft.football,6023,239,10.25,32.375,4.72,,31.5,115,6.73,4,,,,,,,3,87,Cincinnati,,2026-07-26,,,107.4
nick-weiler-st--2017,2017,Nick Weiler,ST,,,,Wide Left Consensus Big Board (Arif Hasan) — wideleft.football,,,,,,,,,,,,K,,,,,,,,,2026-07-26,,,
nick-zakelj-ot-for-2022,2022,Nick Zakelj,OT,Fordham,7,260,Wide Left Consensus Big Board (Arif Hasan) — wideleft.football,6061,316,9.875,32.5,5.13,,28.5,110,7.75,4.71,27,,,,,,6,187,San Francisco,,2026-08-06,257,261,92.8
nico-collins-wr-mic-2021,2021,Nico Collins,WR,Michigan,3,77,Wide Left Consensus Big Board (Arif Hasan) — wideleft.football,6041,215,9.375,34.125,4.43,,37.5,125,6.78,4.29,14,,,,,,3,89,Houston,,2026-07-26,68,82,95.5
nico-siragusa-iol-san-2017,2017,Nico Siragusa,IOL,San Diego State,4,113,Wide Left Consensus Big Board (Arif Hasan) — wideleft.football,6042,319,10.63,33.5,5.35,,32,110,7.71,4.56,28,,,,,,4,122,Baltimore,,2026-07-26,118,108,95.2
nifae-lealao-dt--2018,2018,Nifae Lealao,DT,,,,Wide Left Consensus Big Board (Arif Hasan) — wideleft.football,,,,,,,,,,,,,,,,,,,,,2026-07-26,,,
nik-bonitto-edge-okl-2022,2022,Nik Bonitto,EDGE,Oklahoma,2,58,Wide Left Consensus Big Board (Arif Hasan) — wideleft.football,6030,248,9.375,32.5,4.54,1.59,35.5,120,7.07,4.23,,,,,,,2,64,Denver,,2026-08-06,53,58,78.7
nikko-remigio-wr--2023,2023,Nikko Remigio,WR,,7,451,"Jack Lichtenstein Consensus Big Board — 14 of 17 component boards, re-averaged",,,,,,,,,,,,,,,,,,,,,2026-05-04,,,
nila-kasitati-iol-okl-2016,2016,Nila Kasitati,IOL,Oklahoma,,,Wide Left Consensus Big Board (Arif Hasan) — wideleft.football,6032,317,10.5,32,5.32,,27.5,107,8.3,4.83,12,,,,,,,,,,2026-07-26,,,
nile-lawrence-stample-dt-flo-2016,2016,Nile Lawrence-Stample,DT,Florida State,6,200,Wide Left Consensus Big Board (Arif Hasan) — wideleft.football,6010,320,9.875,32.75,5.24,,,,,,,Run Stuffer,,,,,,,,,2026-07-26,,,88.5
niles-scott-dt--2018,2018,Niles Scott,DT,,,,Wide Left Consensus Big Board (Arif Hasan) — wideleft.football,,,,,,,,,,,,,,,,,,,,,2026-07-26,,,
nkeal-harry-wr-ari-2019,2019,N'Keal Harry,WR,Arizona State,2,34,"Jack Lichtenstein Consensus Big Board — 14 of 17 component boards, re-averaged",6023,228,9.5,33,4.53,,38.5,122,,,27,,,,,,1,32,New England,,2026-05-04,,,
noah-brown-wr-ohi-2017,2017,Noah Brown,WR,Ohio State,5,160,Wide Left Consensus Big Board (Arif Hasan) — wideleft.football,6016,222,9.13,31.75,,,,,7.07,4.33,19,,,,,,7,239,Dallas,,2026-07-26,188,147,86.7
noah-burks-edge--2022,2022,Noah Burks,EDGE,,,,Wide Left Consensus Big Board (Arif Hasan) — wideleft.football,,,,,,,,,,,,,,,,,,,,,2026-08-06,,,
noah-daniels-cb--2023,2023,Noah Daniels,CB,,7,440,"Jack Lichtenstein Consensus Big Board — 14 of 17 component boards, re-averaged",,,,,,,,,,,,,,,,,,,,,2026-05-04,,,
noah-elliss-dt-ida-2022,2022,Noah Elliss,DT,Idaho,7,245,Wide Left Consensus Big Board (Arif Hasan) — wideleft.football,6042,346,10.375,32.25,5.66,1.88,,,,,,Run Stuffer,,,,,,,,,2026-08-06,279,241,89.5
noah-fant-te-iow-2019,2019,Noah Fant,TE,Iowa,1,23,"Jack Lichtenstein Consensus Big Board — 14 of 17 component boards, re-averaged",6041,249,9.75,33.5,4.5,,39.5,127,6.81,4.22,20,,,,,,1,20,Denver,,2026-05-04,,,
noah-gindorff-te-nor-2023,2023,Noah Gindorff,TE,North Dakota State,7,311,"Jack Lichtenstein Consensus Big Board — 14 of 17 component boards, re-averaged",6060,263,10,33.125,,,,,,,16,,,,,,,,,,2026-05-04,,,
noah-gray-te-duk-2021,2021,Noah Gray,TE,Duke,6,216,Wide Left Consensus Big Board (Arif Hasan) — wideleft.football,6030,240,9.375,31.625,4.55,,35,115,6.83,4.37,15,,,,,,5,162,Kansas City,,2026-07-26,196,229,85.3
noah-igbinoghene-cb-aub-2020,2020,Noah Igbinoghene,CB,Auburn,2,52,Wide Left Consensus Big Board (Arif Hasan) — wideleft.football,5103,198,9.375,31.75,4.48,,37,128,,,15,,,,,,1,30,Miami,,2026-07-26,58,50,
noah-sewell-lb-ore-2023,2023,Noah Sewell,LB,Oregon,4,121,"Jack Lichtenstein Consensus Big Board — 14 of 17 component boards, re-averaged",6014,246,10,31.625,4.64,,33,115,,,27,,,,,,5,148,Chicago,,2026-05-04,,,
noah-spence-edge-eas-2016,2016,Noah Spence,EDGE,East. Kentucky,1,22,Wide Left Consensus Big Board (Arif Hasan) — wideleft.football,6024,251,10.75,33,4.8,,35,121,7.21,4.35,25,,,,,,2,39,Tampa Bay,,2026-07-26,,,100.2
noah-taylor-lb-nor-2023,2023,Noah Taylor,LB,North Carolina,7,382,"Jack Lichtenstein Consensus Big Board — 14 of 17 component boards, re-averaged",6041,238,8.625,32.625,,,,,,,22,,,,,,,,,,2026-05-04,,,
noble-nwachukwu-edge-wes-2017,2017,Noble Nwachukwu,EDGE,West Virginia,7,254,Wide Left Consensus Big Board (Arif Hasan) — wideleft.football,6013,268,9,33.13,4.83,,30.5,110,,,27,,,,,,,,,,2026-07-26,248,254,84.2
noel-thomas-wr-con-2017,2017,Noel Thomas,WR,Connecticut,,,Wide Left Consensus Big Board (Arif Hasan) — wideleft.football,6004,205,8.75,30,4.63,,32.5,118,,,9,,,,,,,,,,2026-07-26,,,
nolan-smith-edge-geo-2023,2023,Nolan Smith,EDGE,Georgia,1,23,"Jack Lichtenstein Consensus Big Board — 14 of 17 component boards, re-averaged",6022,238,9,32.625,4.39,1.52,41.5,128,,,,,,,,,1,30,Philadelphia,,2026-05-04,,,
nolan-turner-s--2022,2022,Nolan Turner,S,,,,Wide Left Consensus Big Board (Arif Hasan) — wideleft.football,,,,,,,,,,,,,,,,,,,,,2026-08-06,,,
nyeem-wartman-white-lb--2017,2017,Nyeem Wartman-White,LB,,,,Wide Left Consensus Big Board (Arif Hasan) — wideleft.football,,,,,,,,,,,,,,,,,,,,,2026-07-26,,,
nyheim-hines-rb-nor-2018,2018,Nyheim Hines,RB,North Carolina State,3,101,Wide Left Consensus Big Board (Arif Hasan) — wideleft.football,5083,198,8.875,30.75,4.38,,35.5,119,7.18,4.35,,,,,,,4,104,Indianapolis,,2026-07-26,103,104,98.7
nyles-morgan-lb--2018,2018,Nyles Morgan,LB,,,,Wide Left Consensus Big Board (Arif Hasan) — wideleft.football,,,,,,,,,,,,,,,,,,,,,2026-07-26,,,
nyqwan-murray-wr-flo-2019,2019,Nyqwan Murray,WR,Florida State,7,391,"Jack Lichtenstein Consensus Big Board — 14 of 17 component boards, re-averaged",5102,191,9.375,31.125,4.63,,34,113,7.2,4.4,8,,,,,,,,,,2026-05-04,,,
oj-howard-te-ala-2017,2017,O.J. Howard,TE,Alabama,1,8,Wide Left Consensus Big Board (Arif Hasan) — wideleft.football,6056,251,10,33.75,4.51,,30,121,6.85,4.16,22,,,,,,1,19,Tampa Bay,,2026-07-26,8,8,102.2
oj-smith-dt--2019,2019,O.J. Smith,DT,,7,388,"Jack Lichtenstein Consensus Big Board — 14 of 17 component boards, re-averaged",,,,,,,,,,,,,,,,,,,,,2026-05-04,,,
obi-melifonwu-s-con-2017,2017,Obi Melifonwu,S,Connecticut,2,37,Wide Left Consensus Big Board (Arif Hasan) — wideleft.football,6037,224,9.13,32.5,4.4,,44,141,,,17,,,,,,2,56,Las Vegas,,2026-07-26,46,31,111.4
obinna-eze-ot-tcu-2022,2022,Obinna Eze,OT,TCU,6,202,Wide Left Consensus Big Board (Arif Hasan) — wideleft.football,6064,321,9.875,36.125,5.17,,27.5,104,8.2,5.08,18,,,,,,,,,,2026-08-06,219,200,82
obo-okoronkwo-edge-okl-2018,2018,Obo Okoronkwo,EDGE,Oklahoma,3,65,Wide Left Consensus Big Board (Arif Hasan) — wideleft.football,6010,253,,,4.77,,38,121,,,27,,,,,,5,160,LA Rams,,2026-08-02,76,64,102
obryan-goodson-dt--2021,2021,O'Bryan Goodson,DT,,,,Wide Left Consensus Big Board (Arif Hasan) — wideleft.football,,,,,,,,,,,,,,,,,,,,,2026-07-26,,,
ochaun-mathis-edge-neb-2023,2023,Ochaun Mathis,EDGE,Nebraska,7,264,"Jack Lichtenstein Consensus Big Board — 14 of 17 component boards, re-averaged",6046,250,10.75,35.25,4.74,,33.5,118,,4.38,21,,,,,,6,189,LA Rams,,2026-05-04,,,
ocyrus-torrence-iol-flo-2023,2023,O'Cyrus Torrence,IOL,Florida,1,29,"Jack Lichtenstein Consensus Big Board — 14 of 17 component boards, re-averaged",6053,330,11.25,33.875,5.31,1.84,23.5,101,,4.81,23,,,,,,2,59,Buffalo,,2026-05-04,,,
odafe-oweh-edge-pen-2021,2021,Odafe Oweh,EDGE,Penn State,1,30,Wide Left Consensus Big Board (Arif Hasan) — wideleft.football,,,,,,,,,,,,,,,,,1,31,Baltimore,,2026-08-02,31,30,86.2
ola-adeniyi-edge-tol-2018,2018,Ola Adeniyi,EDGE,Toledo,7,217,Wide Left Consensus Big Board (Arif Hasan) — wideleft.football,6011,248,9.625,31.75,4.83,1.68,31.5,,7.21,4.28,26,,,,,,,,,,2026-08-02,218,222,79.1
ola-adenyi-edge-tol-2018,2018,Ola Adenyi,EDGE,Toledo,,,Wide Left Consensus Big Board (Arif Hasan) — wideleft.football,6011,248,9.625,31.75,4.83,,31.5,,7.21,4.28,26,,,,,,,,,,2026-07-26,,,
olabisi-johnson-wr--2019,2019,Olabisi Johnson,WR,,7,325,"Jack Lichtenstein Consensus Big Board — 14 of 17 component boards, re-averaged",6004,204,10.375,30.75,4.51,,38,124,6.88,4.16,14,,,,,,7,247,Minnesota,,2026-05-04,,,
olaijah-griffin-cb--2021,2021,Olaijah Griffin,CB,,6,214,Wide Left Consensus Big Board (Arif Hasan) — wideleft.football,,,,,,,,,,,,,,,,,,,,,2026-07-26,216,214,88.1
olamide-zaccheaus-wr--2019,2019,Olamide Zaccheaus,WR,,7,309,"Jack Lichtenstein Consensus Big Board — 14 of 17 component boards, re-averaged",,,,,,,,,,,,,,,,,,,,,2026-05-04,,,
oli-udoh-ot-elo-2019,2019,Oli Udoh,OT,Elon,5,169,"Jack Lichtenstein Consensus Big Board — 14 of 17 component boards, re-averaged",6050,323,,,5.05,,28.5,105,7.88,5.05,26,,,,,,6,193,Minnesota,,2026-05-04,,,
olisaemeka-udoh-ot--2019,2019,Olisaemeka Udoh,OT,,6,179,"Jack Lichtenstein Consensus Big Board — 14 of 17 component boards, re-averaged",6050,323,,,5.05,,28.5,105,7.88,5.05,26,,,,,,,,,,2026-05-04,,,
olubunmi-rotimi-edge-old-2018,2018,Olubunmi Rotimi,EDGE,Old Dominion,,,Wide Left Consensus Big Board (Arif Hasan) — wideleft.football,6040,273,,,,,32,113,7.46,4.7,21,,,,,,,,,,2026-07-26,,,
olusegun-oluwatimi-iol-mic-2023,2023,Olusegun Oluwatimi,IOL,Michigan,4,130,"Jack Lichtenstein Consensus Big Board — 14 of 17 component boards, re-averaged",6030,309,,,5.38,1.86,29,110,,,29,,,,,,5,154,Seattle,,2026-05-04,,,
oluwadare-ogunbowale-rb--2017,2017,Oluwadare Ogunbowale,RB,,,,Wide Left Consensus Big Board (Arif Hasan) — wideleft.football,5106,213,9.13,31.38,4.65,,35,120,6.99,4.34,14,,,,,,,,,,2026-07-26,,,
oluwole-betiku-jr-edge--2020,2020,Oluwole Betiku Jr.,EDGE,,7,253,Wide Left Consensus Big Board (Arif Hasan) — wideleft.football,,,,,,,,,,,,,,,,,,,,,2026-07-26,279,247,
omar-bayless-wr-ark-2020,2020,Omar Bayless,WR,Arkansas State,7,291,Wide Left Consensus Big Board (Arif Hasan) — wideleft.football,6006,212,9,31.875,4.62,1.55,36,123,7.35,4.5,11,,,,,,,,,,2026-07-26,311,279,
omarius-bryant-dt--2017,2017,Omarius Bryant,DT,,,,Wide Left Consensus Big Board (Arif Hasan) — wideleft.football,,,,,,,,,,,,,,,,,,,,,2026-07-26,,,
oren-burks-lb-van-2018,2018,Oren Burks,LB,Vanderbilt,5,148,Wide Left Consensus Big Board (Arif Hasan) — wideleft.football,6031,233,9.125,33.375,4.59,,39.5,131,6.82,4.15,18,,,,,,3,88,Green Bay,,2026-07-26,113,158,112.2
orien-vance-lb--2023,2023,O'Rien Vance,LB,,7,425,"Jack Lichtenstein Consensus Big Board — 14 of 17 component boards, re-averaged",,,,,,,,,,,,,,,,,,,,,2026-05-04,,,
orlando-brown-ot-okl-2018,2018,Orlando Brown,OT,Oklahoma,3,68,Wide Left Consensus Big Board (Arif Hasan) — wideleft.football,6077,345,9.75,35,5.85,2,19.5,82,7.87,5.38,14,,,,,,3,83,Baltimore,,2026-07-26,64,69,102.6
osa-odighizuwa-dt-ucl-2021,2021,Osa Odighizuwa,DT,UCLA,4,112,Wide Left Consensus Big Board (Arif Hasan) — wideleft.football,6015,282,10.375,34.125,,,,,,,,Pass Rusher,,,,,3,75,Dallas,,2026-07-26,111,113,97.7
oscar-bradburn-st--2021,2021,Oscar Bradburn,ST,,,,Wide Left Consensus Big Board (Arif Hasan) — wideleft.football,,,,,,,,,,,,P,,,,,,,,,2026-07-26,,,
oshane-ximines-edge-old-2019,2019,Oshane Ximines,EDGE,Old Dominion,3,80,"Jack Lichtenstein Consensus Big Board — 14 of 17 component boards, re-averaged",6034,253,9.875,33,4.78,1.72,34,118,7.13,4.57,24,,,,,,3,95,NY Giants,,2026-05-04,,,
osirus-mitchell-wr--2021,2021,Osirus Mitchell,WR,,,,Wide Left Consensus Big Board (Arif Hasan) — wideleft.football,6050,206,10.875,34.375,,,,,,,,,,,,,,,,,2026-07-26,,,
otaro-alaka-lb-tex-2019,2019,Otaro Alaka,LB,Texas A&M,7,356,"Jack Lichtenstein Consensus Big Board — 14 of 17 component boards, re-averaged",6030,239,9.75,33,4.82,,36,131,,,20,,,,,,,,,,2026-05-04,,,
otito-ogbonnia-dt-ucl-2022,2022,Otito Ogbonnia,DT,UCLA,5,174,Wide Left Consensus Big Board (Arif Hasan) — wideleft.football,6036,324,10,34.375,,,,,,,29,Run Stuffer,,,,,5,160,LA Chargers,,2026-08-06,166,180,79.5
owen-pappoe-lb-aub-2023,2023,Owen Pappoe,LB,Auburn,4,122,"Jack Lichtenstein Consensus Big Board — 14 of 17 component boards, re-averaged",6002,225,9.125,31.75,4.39,,35.5,126,,,29,,,,,,5,168,Arizona,,2026-05-04,,,
pj-hall-dt-sam-2018,2018,P.J. Hall,DT,Sam Houston St.,5,163,Wide Left Consensus Big Board (Arif Hasan) — wideleft.football,,,,,,,,,,,,,,,,,2,57,Las Vegas,,2026-07-26,173,171,118.4
pj-johnson-dt-ari-2019,2019,P.J. Johnson,DT,Arizona,7,384,"Jack Lichtenstein Consensus Big Board — 14 of 17 component boards, re-averaged",,,,,,,,,,,,,,,,,7,229,Detroit,,2026-05-04,,,
pj-mustipher-dt-pen-2023,2023,P.J. Mustipher,DT,Penn State,7,403,"Jack Lichtenstein Consensus Big Board — 14 of 17 component boards, re-averaged",6037,320,9,32.75,5.41,1.88,27.5,96,8.01,5.03,19,Run Stuffer,,,,,,,,,2026-05-04,,,
paddy-fisher-lb-nor-2021,2021,Paddy Fisher,LB,Northwestern,7,265,Wide Left Consensus Big Board (Arif Hasan) — wideleft.football,6032,240,9.625,33.125,4.91,,31.5,110,7,4.47,20,,,,,,,,,,2026-07-26,271,265,76.4
paris-ford-s-pit-2021,2021,Paris Ford,S,Pittsburgh,7,230,Wide Left Consensus Big Board (Arif Hasan) — wideleft.football,6005,197,9.5,32.375,4.85,,28.5,110,7.44,4.45,,,,,,,,,,,2026-07-26,277,221,98.2
paris-johnson-jr-ot-ohi-2023,2023,Paris Johnson Jr.,OT,Ohio State,1,11,"Jack Lichtenstein Consensus Big Board — 14 of 17 component boards, re-averaged",6063,313,9.5,36.125,,,,110,,,29,,,,,,1,6,Arizona,,2026-05-04,,,
parker-ehinger-iol-cin-2016,2016,Parker Ehinger,IOL,Cincinnati,6,214,Wide Left Consensus Big Board (Arif Hasan) — wideleft.football,6062,310,9.875,33,5.26,,27.5,97,,,,,,,,,4,105,Kansas City,,2026-07-26,,,86.4
parker-ferguson-ot-air-2021,2021,Parker Ferguson,OT,Air Force,,,Wide Left Consensus Big Board (Arif Hasan) — wideleft.football,6036,306,9.25,32.875,5.19,,31,105,7.75,4.9,24,,,,,,,,,,2026-07-26,,,
parker-hesse-edge--2019,2019,Parker Hesse,EDGE,,7,427,"Jack Lichtenstein Consensus Big Board — 14 of 17 component boards, re-averaged",,,,,,,,,,,,,,,,,,,,,2026-05-04,,,
parker-thome-st--2019,2019,Parker Thome,ST,,7,352,"Jack Lichtenstein Consensus Big Board — 14 of 17 component boards, re-averaged",,,,,,,,,,,,P,,,,,,,,,2026-05-04,,,
parker-washington-wr-pen-2023,2023,Parker Washington,WR,Penn State,4,134,"Jack Lichtenstein Consensus Big Board — 14 of 17 component boards, re-averaged",5096,204,10.125,29,,,,,,,16,,,,,,6,185,Jacksonville,,2026-05-04,,,
parnell-motley-cb--2020,2020,Parnell Motley,CB,,7,295,Wide Left Consensus Big Board (Arif Hasan) — wideleft.football,,,,,,,,,,,,,,,,,,,,,2026-07-26,280,295,
parris-campbell-wr-ohi-2019,2019,Parris Campbell,WR,Ohio State,2,54,"Jack Lichtenstein Consensus Big Board — 14 of 17 component boards, re-averaged",5117,205,9.5,32.25,4.31,,40,135,,4.03,11,,,,,,2,59,Indianapolis,,2026-05-04,,,
parry-nickerson-cb-tul-2018,2018,Parry Nickerson,CB,Tulane,5,149,Wide Left Consensus Big Board (Arif Hasan) — wideleft.football,5103,180,8.25,30.25,4.32,,,,,,15,,,,,,6,179,NY Jets,,2026-07-26,129,151,99.4
pat-elflein-iol-ohi-2017,2017,Pat Elflein,IOL,Ohio State,2,64,Wide Left Consensus Big Board (Arif Hasan) — wideleft.football,6025,303,9.75,33.25,5.32,,23.5,99,7.94,4.71,22,,,,,,3,70,Minnesota,,2026-07-26,62,60,116.5
pat-freiermuth-te-pen-2021,2021,Pat Freiermuth,TE,Penn State,2,47,Wide Left Consensus Big Board (Arif Hasan) — wideleft.football,6050,251,9.875,32.5,,,,,,,26,,,,,,2,55,Pittsburgh,,2026-07-26,53,47,90.4
pat-oconnor-edge-eas-2017,2017,Pat O'Connor,EDGE,Eastern Michigan,,,Wide Left Consensus Big Board (Arif Hasan) — wideleft.football,,,,,,,,,,,,,,,,,7,250,Detroit,,2026-07-26,,,
pat-surtain-ii-cb-ala-2021,2021,Pat Surtain II,CB,Alabama,1,10,Wide Left Consensus Big Board (Arif Hasan) — wideleft.football,6020,208,10,32.5,4.42,,39,131,,,18,,,,,,1,9,Denver,,2026-08-02,8,10,83.2
patrick-gamble-dt--2017,2017,Patrick Gamble,DT,,,,Wide Left Consensus Big Board (Arif Hasan) — wideleft.football,,,,,,,,,,,,,,,,,,,,,2026-07-26,,,
patrick-johnson-edge-tul-2021,2021,Patrick Johnson,EDGE,Tulane,5,173,Wide Left Consensus Big Board (Arif Hasan) — wideleft.football,6060,240,10,32,4.59,,35,119,6.97,4.41,16,,,,,,7,234,Philadelphia,,2026-07-26,155,171,85.2
patrick-jones-ii-edge-pit-2021,2021,Patrick Jones II,EDGE,Pittsburgh,4,105,Wide Left Consensus Big Board (Arif Hasan) — wideleft.football,6040,261,,,4.85,,31.5,107,,,22,,,,,,3,90,Minnesota,,2026-07-26,107,109,96.7
patrick-mahomes-qb-tex-2017,2017,Patrick Mahomes,QB,Texas Tech,1,30,Wide Left Consensus Big Board (Arif Hasan) — wideleft.football,6020,225,9.25,33.25,4.8,,30,114,6.88,4.08,,,,,,,1,10,Kansas City,,2026-07-26,37,30,136.4
patrick-peek-s--2021,2021,Patrick Peek,S,,,,Wide Left Consensus Big Board (Arif Hasan) — wideleft.football,,,,,,,,,,,,,,,,,,,,,2026-07-26,,,
patrick-queen-lb-lsu-2020,2020,Patrick Queen,LB,LSU,1,19,Wide Left Consensus Big Board (Arif Hasan) — wideleft.football,6002,229,10,31.625,4.5,,35,125,,,18,,,,,,1,28,Baltimore,,2026-07-26,19,20,
patrick-ricard-dt--2017,2017,Patrick Ricard,DT,,,,Wide Left Consensus Big Board (Arif Hasan) — wideleft.football,,,,,,,,,,,,,,,,,,,,,2026-07-26,,,
patrick-taylor-rb-mem-2020,2020,Patrick Taylor,RB,Memphis,7,283,Wide Left Consensus Big Board (Arif Hasan) — wideleft.football,6014,217,9.375,32.25,4.57,,34,123,,4.34,15,,,,,,,,,,2026-07-26,298,274,
paul-adams-ot-mis-2019,2019,Paul Adams,OT,Missouri,7,236,"Jack Lichtenstein Consensus Big Board — 14 of 17 component boards, re-averaged",6057,317,10,33.5,5.18,,27,103,7.68,4.74,16,,,,,,,,,,2026-05-04,,,
paul-magloire-lb--2017,2017,Paul Magloire,LB,,7,264,Wide Left Consensus Big Board (Arif Hasan) — wideleft.football,,,,,,,,,,,,,,,,,,,,,2026-07-26,432,240,148.2
paul-mcroberts-wr--2016,2016,Paul McRoberts,WR,,7,248,Wide Left Consensus Big Board (Arif Hasan) — wideleft.football,,,,,,,,,,,,,,,,,,,,,2026-07-26,,,90
paul-perkins-rb-ucl-2016,2016,Paul Perkins,RB,UCLA,3,86,Wide Left Consensus Big Board (Arif Hasan) — wideleft.football,5103,208,9,31.625,4.54,,32,124,,,19,,,,,,5,149,NY Giants,,2026-07-26,,,114.2
paulson-adebo-cb-sta-2021,2021,Paulson Adebo,CB,Stanford,3,82,Wide Left Consensus Big Board (Arif Hasan) — wideleft.football,6010,198,10,31.5,4.45,,36.5,121,6.69,4.13,18,,,,,,3,76,New Orleans,,2026-07-26,87,77,91.1
paxton-lynch-qb-mem-2016,2016,Paxton Lynch,QB,Memphis,1,27,Wide Left Consensus Big Board (Arif Hasan) — wideleft.football,6065,244,10.25,34.25,4.86,,36,118,7.14,4.26,,,,,,,1,26,Denver,,2026-07-26,,,95.6
payne-durham-te-pur-2023,2023,Payne Durham,TE,Purdue,6,198,"Jack Lichtenstein Consensus Big Board — 14 of 17 component boards, re-averaged",6055,253,9.75,33.375,4.87,,34.5,117,,,,,,,,,5,171,Tampa Bay,,2026-05-04,,,
payton-turner-edge-hou-2021,2021,Payton Turner,EDGE,Houston,2,60,Wide Left Consensus Big Board (Arif Hasan) — wideleft.football,6054,268,10.5,35.375,,,35.5,,6.98,4.33,23,,,,,,1,28,New Orleans,,2026-07-26,62,61,110
pearce-slater-ot-san-2016,2016,Pearce Slater,OT,San Diego State,,,Wide Left Consensus Big Board (Arif Hasan) — wideleft.football,6066,329,10,35.25,5.42,,23,92,8.36,5.12,17,,,,,,,,,,2026-07-26,,,
penei-sewell-ot-ore-2021,2021,Penei Sewell,OT,Oregon,1,3,Wide Left Consensus Big Board (Arif Hasan) — wideleft.football,6047,331,10.375,33.25,5.13,,28,109,7.76,4.68,30,,,,,,1,7,Detroit,,2026-07-26,4,3,97.4
penny-hart-wr--2019,2019,Penny Hart,WR,,6,201,"Jack Lichtenstein Consensus Big Board — 14 of 17 component boards, re-averaged",,,,,,,,,,,,,,,,,,,,,2026-05-04,,,
percy-butler-s-lou-2022,2022,Percy Butler,S,Louisiana,6,210,Wide Left Consensus Big Board (Arif Hasan) — wideleft.football,6001,194,9.125,31.625,4.36,,31.5,123,,,,,,,,,4,113,Washington,,2026-08-06,177,226,86.8
perez-ford-lb--2016,2016,Perez Ford,LB,,,,Wide Left Consensus Big Board (Arif Hasan) — wideleft.football,,,,,,,,,,,,,,,,,,,,,2026-07-26,,,
perrion-winfrey-dt-okl-2022,2022,Perrion Winfrey,DT,Oklahoma,2,53,Wide Left Consensus Big Board (Arif Hasan) — wideleft.football,6035,290,10.25,35.25,4.89,1.68,,,,,,Pass Rusher,,,,,4,108,Cleveland,,2026-08-06,52,55,87.2
pete-werner-lb-ohi-2021,2021,Pete Werner,LB,Ohio State,3,78,Wide Left Consensus Big Board (Arif Hasan) — wideleft.football,6027,238,9,33.25,4.58,,39.5,122,6.95,4.38,20,,,,,,2,60,New Orleans,,2026-07-26,71,95,99.4
peter-kalambayi-lb-sta-2018,2018,Peter Kalambayi,LB,Stanford,7,257,Wide Left Consensus Big Board (Arif Hasan) — wideleft.football,6025,252,9,33.5,4.57,,34,121,7.13,4.36,19,,,,,,6,214,Houston,,2026-07-26,232,258,90.6
peter-skoronski-ot-nor-2023,2023,Peter Skoronski,OT,Northwestern,1,8,"Jack Lichtenstein Consensus Big Board — 14 of 17 component boards, re-averaged",6040,313,10,32.25,5.16,1.75,34.5,115,7.8,,30,,,,,,1,11,Tennessee,,2026-05-04,,,
peyton-barber-rb-aub-2016,2016,Peyton Barber,RB,Auburn,7,281,Wide Left Consensus Big Board (Arif Hasan) — wideleft.football,5100,228,9.375,30.25,4.64,,32.5,111,7,4.21,20,,,,,,,,,,2026-07-26,,,99.9
peyton-hendershot-te-ind-2022,2022,Peyton Hendershot,TE,Indiana,,,Wide Left Consensus Big Board (Arif Hasan) — wideleft.football,6041,250,9,32.625,4.8,,32.5,117,,4.25,,,,,,,,,,,2026-08-06,,,
peyton-ramsey-qb-nor-2021,2021,Peyton Ramsey,QB,Northwestern,,,Wide Left Consensus Big Board (Arif Hasan) — wideleft.football,6017,215,9,31.75,4.77,,28,108,7.28,4.41,,,,,,,,,,,2026-07-26,,,
pharaoh-brown-te-ore-2017,2017,Pharaoh Brown,TE,Oregon,,,Wide Left Consensus Big Board (Arif Hasan) — wideleft.football,6055,255,10.38,35.63,,,34,,,,24,,,,,,,,,,2026-07-26,,,
pharoh-cooper-wr-sou-2016,2016,Pharoh Cooper,WR,South Carolina,3,79,Wide Left Consensus Big Board (Arif Hasan) — wideleft.football,5111,203,9.125,32.25,4.52,,31,115,,,15,,,,,,4,117,LA Rams,,2026-07-26,,,81.5
phazahn-odom-te--2017,2017,Phazahn Odom,TE,,,,Wide Left Consensus Big Board (Arif Hasan) — wideleft.football,,,,,,,,,,,,,,,,,,,,,2026-07-26,,,
phidarian-mathis-dt-ala-2022,2022,Phidarian Mathis,DT,Alabama,3,68,Wide Left Consensus Big Board (Arif Hasan) — wideleft.football,6042,310,10.375,34.625,,,23.5,109,,4.91,,,,,,,2,47,Washington,,2026-08-06,71,68,99.8
phil-haynes-iol-wak-2019,2019,Phil Haynes,IOL,Wake Forest,6,196,"Jack Lichtenstein Consensus Big Board — 14 of 17 component boards, re-averaged",6035,322,9.5,33.5,5.2,,31,108,7.76,4.95,33,,,,,,4,124,Seattle,,2026-05-04,,,
phil-hoskins-dt-ken-2021,2021,Phil Hoskins,DT,Kentucky,,,Wide Left Consensus Big Board (Arif Hasan) — wideleft.football,6040,313,,,5.23,,30.5,103,7.87,4.85,20,,,,,,7,232,Carolina,,2026-07-26,,,
phillip-lindsay-rb--2018,2018,Phillip Lindsay,RB,,7,235,Wide Left Consensus Big Board (Arif Hasan) — wideleft.football,,,,,,,,,,,,,,,,,,,,,2026-07-26,286,239,82.8
pierre-strong-jr-rb-sou-2022,2022,Pierre Strong Jr.,RB,South Dakota State,4,124,Wide Left Consensus Big Board (Arif Hasan) — wideleft.football,5113,207,9.25,31.875,4.37,,36,124,,,,,,,,,4,127,New England,,2026-08-06,134,124,146.3
pita-taumoepenu-lb-uta-2017,2017,Pita Taumoepenu,LB,Utah,,,Wide Left Consensus Big Board (Arif Hasan) — wideleft.football,6012,243,9.88,32.38,4.67,,28.5,112,6.91,4.33,24,,,,,,6,202,San Francisco,,2026-07-26,,,
pj-walker-qb--2017,2017,PJ Walker,QB,,,,Wide Left Consensus Big Board (Arif Hasan) — wideleft.football,,,,,,,,,,,,,,,,,,,,,2026-07-26,,,
pooka-williams-jr-rb-kan-2021,2021,Pooka Williams Jr.,RB,Kansas,7,234,Wide Left Consensus Big Board (Arif Hasan) — wideleft.football,5095,170,9.75,30.875,4.46,,31.5,118,7.03,4.26,4,,,,,,,,,,2026-07-26,307,218,94.2
poona-ford-dt--2018,2018,Poona Ford,DT,,6,181,Wide Left Consensus Big Board (Arif Hasan) — wideleft.football,,,,,,,,,,,,,,,,,,,,,2026-07-26,230,186,74.7
porter-gustin-edge-usc-2019,2019,Porter Gustin,EDGE,USC,7,256,"Jack Lichtenstein Consensus Big Board — 14 of 17 component boards, re-averaged",6044,255,10,33,4.69,,35.5,119,,,31,,,,,,,,,,2026-05-04,,,
prescott-line-rb--2017,2017,Prescott Line,RB,,,,Wide Left Consensus Big Board (Arif Hasan) — wideleft.football,,,,,,,,,,,,FB,,,,,,,,,2026-07-26,,,
pressley-harvin-iii-st-geo-2021,2021,Pressley Harvin III,ST,Georgia Tech,,,Wide Left Consensus Big Board (Arif Hasan) — wideleft.football,5111,263,9.375,32.125,,,,,,,14,P,,,,,7,254,Pittsburgh,,2026-07-26,,,
preston-williams-wr--2019,2019,Preston Williams,WR,,6,181,"Jack Lichtenstein Consensus Big Board — 14 of 17 component boards, re-averaged",,,,,,,,,,,,,,,,,,,,,2026-05-04,,,
prince-charles-iworah-cb-wes-2016,2016,Prince Charles Iworah,CB,Western Kentucky,,,Wide Left Consensus Big Board (Arif Hasan) — wideleft.football,,,,,,,,,,,,,,,,,7,249,San Francisco,,2026-07-26,,,
prince-tega-wanogho-ot-aub-2020,2020,Prince Tega Wanogho,OT,Auburn,3,73,Wide Left Consensus Big Board (Arif Hasan) — wideleft.football,6050,308,10.375,33.5,,,,,,,,,,,,,6,210,Philadelphia,,2026-07-26,85,70,
princeton-fant-te--2023,2023,Princeton Fant,TE,,7,281,"Jack Lichtenstein Consensus Big Board — 14 of 17 component boards, re-averaged",,,,,,,,,,,,,,,,,,,,,2026-05-04,,,
pro-wells-te-tcu-2021,2021,Pro Wells,TE,TCU,,,Wide Left Consensus Big Board (Arif Hasan) — wideleft.football,,,,,,,,,,,,,,,,,,,,,2026-07-26,,,
puka-nacua-wr-byu-2023,2023,Puka Nacua,WR,BYU,7,217,"Jack Lichtenstein Consensus Big Board — 14 of 17 component boards, re-averaged",6015,201,9.5,31.5,,,,,,,,,,,,,5,177,LA Rams,,2026-05-04,,,
qaadir-sheppard-edge-mis-2020,2020,Qaadir Sheppard,EDGE,Mississippi,,,Wide Left Consensus Big Board (Arif Hasan) — wideleft.football,6027,261,10,32.75,4.83,1.67,31.5,115,,,28,,,,,,,,,,2026-07-26,,,
qadree-ollison-rb-pit-2019,2019,Qadree Ollison,RB,Pittsburgh,7,389,"Jack Lichtenstein Consensus Big Board — 14 of 17 component boards, re-averaged",6005,228,9.625,31.5,4.58,,29.5,114,7.53,4.31,19,,,,,,5,152,Atlanta,,2026-05-04,,,
quadree-henderson-wr-pit-2018,2018,Quadree Henderson,WR,Pittsburgh,7,279,Wide Left Consensus Big Board (Arif Hasan) — wideleft.football,5080,192,9.875,29.5,4.5,,32.5,120,6.89,4.28,12,,,,,,,,,,2026-07-26,308,279,92.1
quartney-davis-wr-tex-2020,2020,Quartney Davis,WR,Texas A&M,5,158,Wide Left Consensus Big Board (Arif Hasan) — wideleft.football,6012,201,9.5,31.375,4.54,1.53,35.5,,7.08,,,,,,,,,,,,2026-07-26,188,151,
quay-walker-lb-geo-2022,2022,Quay Walker,LB,Georgia,2,51,Wide Left Consensus Big Board (Arif Hasan) — wideleft.football,6036,241,9.25,32.625,4.52,,32,122,,,,,,,,,1,22,Green Bay,,2026-08-06,39,54,123.4
quayvon-hicks-rb-geo-2016,2016,Quayvon Hicks,RB,Georgia,,,Wide Left Consensus Big Board (Arif Hasan) — wideleft.football,6007,259,9.625,31.25,4.82,,,,,,,FB,,,,,,,,,2026-07-26,,,
quentin-johnston-wr-tcu-2023,2023,Quentin Johnston,WR,TCU,1,20,"Jack Lichtenstein Consensus Big Board — 14 of 17 component boards, re-averaged",6026,208,9.625,33.625,,,40.5,134,,,,,,,,,1,21,LA Chargers,,2026-05-04,,,
quentin-lake-s-ucl-2022,2022,Quentin Lake,S,UCLA,7,244,Wide Left Consensus Big Board (Arif Hasan) — wideleft.football,6013,201,9.125,31.25,4.59,,,,,,,,,,,,6,211,LA Rams,,2026-08-06,238,253,81.4
quentin-poling-lb-ohi-2018,2018,Quentin Poling,LB,Ohio,,,Wide Left Consensus Big Board (Arif Hasan) — wideleft.football,,,,,,,,,,,,,,,,,7,227,Miami,,2026-07-26,,,
quenton-meeks-cb-sta-2018,2018,Quenton Meeks,CB,Stanford,3,91,Wide Left Consensus Big Board (Arif Hasan) — wideleft.football,6020,205,10.25,31.75,,,39,128,6.72,4.23,11,,,,,,,,,,2026-07-26,132,88,107.5
quenton-nelson-iol-not-2018,2018,Quenton Nelson,IOL,Notre Dame,1,2,Wide Left Consensus Big Board (Arif Hasan) — wideleft.football,6050,325,10.375,33.75,,,26.5,105,7.65,4.62,35,,,,,,1,6,Indianapolis,,2026-07-26,3,1,89.9
quez-watkins-wr-sou-2020,2020,Quez Watkins,WR,Southern Miss,7,224,Wide Left Consensus Big Board (Arif Hasan) — wideleft.football,6001,185,9,32.875,4.35,1.51,36.5,125,7.28,4.36,,,,,,,6,200,Philadelphia,,2026-07-26,203,242,
quin-blanding-s-vir-2018,2018,Quin Blanding,S,Virginia,5,147,Wide Left Consensus Big Board (Arif Hasan) — wideleft.football,6020,215,8.375,31.75,4.63,,31.5,122,,,,,,,,,,,,,2026-07-26,165,145,86.1
quincy-adeboyejo-wr-mis-2017,2017,Quincy Adeboyejo,WR,Mississippi,7,272,Wide Left Consensus Big Board (Arif Hasan) — wideleft.football,6025,197,9.38,31.75,4.42,,34.5,123,6.73,4.14,8,,,,,,,,,,2026-07-26,207,303,88.3
quincy-roche-edge-mia-2021,2021,Quincy Roche,EDGE,Miami,3,95,Wide Left Consensus Big Board (Arif Hasan) — wideleft.football,6025,245,9.25,32.25,,,32.5,119,,,23,,,,,,6,216,Pittsburgh,,2026-07-26,119,91,94.2
quincy-williams-lb-mur-2019,2019,Quincy Williams,LB,Murray State,7,316,"Jack Lichtenstein Consensus Big Board — 14 of 17 component boards, re-averaged",,,,,,,,,,,,,,,,,3,98,Jacksonville,,2026-05-04,,,
quincy-wilson-cb-flo-2017,2017,Quincy Wilson,CB,Florida,2,39,Wide Left Consensus Big Board (Arif Hasan) — wideleft.football,6014,211,9.63,32.25,4.54,,32,118,6.86,4.02,14,,,,,,2,46,Indianapolis,,2026-07-26,40,43,92.5
quindell-johnson-s--2023,2023,Quindell Johnson,S,,6,213,"Jack Lichtenstein Consensus Big Board — 14 of 17 component boards, re-averaged",,,,,,,,,,,,,,,,,,,,,2026-05-04,,,
quinn-meinerz-iol-wis-2021,2021,Quinn Meinerz,IOL,Wisconsin–Whitewater,3,65,Wide Left Consensus Big Board (Arif Hasan) — wideleft.football,6027,320,10.25,33.375,4.99,,32,111,7.54,4.58,,,,,,,3,98,Denver,,2026-07-26,56,70,136.3
quinnen-williams-dt-ala-2019,2019,Quinnen Williams,DT,Alabama,1,2,"Jack Lichtenstein Consensus Big Board — 14 of 17 component boards, re-averaged",6030,303,9.625,33.25,4.83,1.67,30.5,112,,,,,,,,,1,3,NY Jets,,2026-05-04,,,
quinshad-davis-wr--2016,2016,Quinshad Davis,WR,,,,Wide Left Consensus Big Board (Arif Hasan) — wideleft.football,,,,,,,,,,,,,,,,,,,,,2026-07-26,,,
quintez-cephus-wr-wis-2020,2020,Quintez Cephus,WR,Wisconsin,5,167,Wide Left Consensus Big Board (Arif Hasan) — wideleft.football,6007,202,8.75,32.125,4.73,1.59,38.5,124,7.2,4.33,23,,,,,,5,166,Detroit,,2026-07-26,182,164,
quintin-morris-te-bow-2021,2021,Quintin Morris,TE,Bowling Green,7,270,Wide Left Consensus Big Board (Arif Hasan) — wideleft.football,6022,243,10.375,33.125,4.6,,34,119,7.12,4.55,22,,,,,,,,,,2026-07-26,306,259,94.7
quinton-bell-edge-pra-2019,2019,Quinton Bell,EDGE,Prairie View A&M,7,434,"Jack Lichtenstein Consensus Big Board — 14 of 17 component boards, re-averaged",,,,,,,,,,,,,,,,,7,230,Las Vegas,,2026-05-04,,,
quinton-bohanna-dt-ken-2021,2021,Quinton Bohanna,DT,Kentucky,7,299,Wide Left Consensus Big Board (Arif Hasan) — wideleft.football,6040,327,10.875,34,5.46,,29,99,8.21,5.15,,Run Stuffer,,,,,6,192,Dallas,,2026-07-26,265,320,88.7
quinton-flowers-qb-sou-2018,2018,Quinton Flowers,QB,South Florida,,,Wide Left Consensus Big Board (Arif Hasan) — wideleft.football,5103,214,9.75,30.875,4.63,,,112,6.81,4.57,,,,,,,,,,,2026-07-26,,,
quinton-jefferson-dt-mar-2016,2016,Quinton Jefferson,DT,Maryland,7,226,Wide Left Consensus Big Board (Arif Hasan) — wideleft.football,6037,291,8.875,33.375,4.95,,29,,7.95,4.37,24,Pass Rusher,,,,,5,147,Seattle,,2026-07-26,,,82.2
qwynnterrio-cole-s-lou-2022,2022,Qwynnterrio Cole,S,Louisville,,,Wide Left Consensus Big Board (Arif Hasan) — wideleft.football,6001,206,10.375,31.875,,,,,,,16,,,,,,,,,,2026-08-06,,,
racey-mcmath-wr-lsu-2021,2021,Racey McMath,WR,LSU,,,Wide Left Consensus Big Board (Arif Hasan) — wideleft.football,6024,217,8.875,32,4.36,,34,124,7.38,4.38,,,,,,,6,205,Tennessee,,2026-07-26,,,
rachaad-white-rb-ari-2022,2022,Rachaad White,RB,Arizona State,4,118,Wide Left Consensus Big Board (Arif Hasan) — wideleft.football,6003,214,9.75,31.25,4.48,,38,125,,,,,,,,,3,91,Tampa Bay,,2026-08-06,148,110,89
rachad-wildgoose-cb-wis-2021,2021,Rachad Wildgoose,CB,Wisconsin,7,262,Wide Left Consensus Big Board (Arif Hasan) — wideleft.football,5112,197,9.375,31.125,4.53,,36,120,7.09,4.18,11,,,,,,6,213,Buffalo,,2026-07-26,250,266,88.2
raekwon-davis-dt-ala-2020,2020,Raekwon Davis,DT,Alabama,3,80,Wide Left Consensus Big Board (Arif Hasan) — wideleft.football,6061,311,11,33.875,5.12,1.78,28,111,7.95,4.86,24,,,,,,2,56,Miami,,2026-07-26,75,79,
raekwon-mcmillan-lb-ohi-2017,2017,Raekwon McMillan,LB,Ohio State,2,58,Wide Left Consensus Big Board (Arif Hasan) — wideleft.football,6017,240,9.75,33,4.61,,33,121,7.15,4.39,23,,,,,,2,54,Miami,,2026-07-26,60,52,99.5
raequan-williams-dt-mic-2020,2020,Raequan Williams,DT,Michigan State,5,174,Wide Left Consensus Big Board (Arif Hasan) — wideleft.football,6040,308,9.375,33.375,5.04,1.78,25.5,101,7.72,4.78,17,,,,,,,,,,2026-07-26,183,180,
rakeem-boyd-rb-ark-2021,2021,Rakeem Boyd,RB,Arkansas,7,291,Wide Left Consensus Big Board (Arif Hasan) — wideleft.football,5113,213,8.625,32.5,4.7,,32.5,98,7.22,4.38,6,,,,,,,,,,2026-07-26,328,268,75.6
rakim-jarrett-wr-mar-2023,2023,Rakim Jarrett,WR,Maryland,7,225,"Jack Lichtenstein Consensus Big Board — 14 of 17 component boards, re-averaged",5117,192,9.375,31.375,4.44,,35.5,123,,,13,,,,,,,,,,2026-05-04,,,
ralph-green-iii-dt--2017,2017,Ralph Green III,DT,,,,Wide Left Consensus Big Board (Arif Hasan) — wideleft.football,,,,,,,,,,,,,,,,,,,,,2026-07-26,,,
ralph-webb-rb--2018,2018,Ralph Webb,RB,,,,Wide Left Consensus Big Board (Arif Hasan) — wideleft.football,,,,,,,,,,,,,,,,,,,,,2026-07-26,,,
randall-goforth-s--2017,2017,Randall Goforth,S,,,,Wide Left Consensus Big Board (Arif Hasan) — wideleft.football,,,,,,,,,,,,,,,,,,,,,2026-07-26,,,
randy-ramsey-edge--2019,2019,Randy Ramsey,EDGE,,7,380,"Jack Lichtenstein Consensus Big Board — 14 of 17 component boards, re-averaged",,,,,,,,,,,,,,,,,,,,,2026-05-04,,,
ranthony-texada-cb--2018,2018,Ranthony Texada,CB,,,,Wide Left Consensus Big Board (Arif Hasan) — wideleft.football,,,,,,,,,,,,,,,,,,,,,2026-07-26,,,
raphael-kirby-lb-mia-2016,2016,Raphael Kirby,LB,Miami,,,Wide Left Consensus Big Board (Arif Hasan) — wideleft.football,6002,236,9.875,31,4.72,,,,,,27,,,,,,,,,,2026-07-26,,,
rashaad-penny-rb-san-2018,2018,Rashaad Penny,RB,San Diego State,2,64,Wide Left Consensus Big Board (Arif Hasan) — wideleft.football,5110,220,9.25,31.25,4.46,,32.5,120,,,13,,,,,,1,27,Seattle,,2026-07-26,56,66,89.1
rashaan-evans-lb-ala-2018,2018,Rashaan Evans,LB,Alabama,1,22,Wide Left Consensus Big Board (Arif Hasan) — wideleft.football,6017,232,10,32.25,,,30,116,6.95,4.36,,,,,,,1,22,Tennessee,,2026-07-26,27,22,88.3
rashaan-gaulden-cb-ten-2018,2018,Rashaan Gaulden,CB,Tennessee,4,103,Wide Left Consensus Big Board (Arif Hasan) — wideleft.football,6006,193,9.75,30.75,4.61,,30,119,7.16,4.33,8,,,,,,3,85,Carolina,,2026-07-26,109,105,109.6
rashad-fenton-cb-sou-2019,2019,Rashad Fenton,CB,South Carolina,7,401,"Jack Lichtenstein Consensus Big Board — 14 of 17 component boards, re-averaged",5110,193,8.75,30.375,4.52,,34,117,,4.25,12,,,,,,6,201,Kansas City,,2026-05-04,,,
rashad-torrence-ii-s-flo-2023,2023,Rashad Torrence II,S,Florida,7,285,"Jack Lichtenstein Consensus Big Board — 14 of 17 component boards, re-averaged",5115,193,10,32,4.72,,33.5,119,,,20,,,,,,,,,,2026-05-04,,,
rashad-weaver-edge-pit-2021,2021,Rashad Weaver,EDGE,Pittsburgh,3,98,Wide Left Consensus Big Board (Arif Hasan) — wideleft.football,6043,259,9.75,33.25,4.88,,32,114,6.97,4.26,20,,,,,,4,135,Tennessee,,2026-07-26,112,96,100.6
rashan-gary-edge-mic-2019,2019,Rashan Gary,EDGE,Michigan,1,20,"Jack Lichtenstein Consensus Big Board — 14 of 17 component boards, re-averaged",6043,277,9.625,34.125,4.58,1.63,38,120,7.26,4.29,26,,,,,,1,12,Green Bay,,2026-05-04,,,
rashard-fant-cb-ind-2018,2018,Rashard Fant,CB,Indiana,,,Wide Left Consensus Big Board (Arif Hasan) — wideleft.football,5094,175,8.875,30,,,,,,,,,,,,,,,,,2026-07-26,,,
rashard-higgins-wr-col-2016,2016,Rashard Higgins,WR,Colorado State,3,89,Wide Left Consensus Big Board (Arif Hasan) — wideleft.football,6013,196,9.75,32.25,4.64,,32,116,,,13,,,,,,5,172,Cleveland,,2026-07-26,,,88.1
rashard-lawrence-dt-lsu-2020,2020,Rashard Lawrence,DT,LSU,4,132,Wide Left Consensus Big Board (Arif Hasan) — wideleft.football,6020,308,11,34.125,5.07,1.72,,,8.03,,22,,,,,,4,131,Arizona,,2026-07-26,140,129,
rashard-robinson-cb-lou-2016,2016,Rashard Robinson,CB,Louisiana St,5,146,Wide Left Consensus Big Board (Arif Hasan) — wideleft.football,6014,171,9,32.25,4.49,,35.5,121,,,,,,,,,4,133,San Francisco,,2026-07-26,,,94.5
rashawn-scott-wr-mia-2016,2016,Rashawn Scott,WR,Miami,,,Wide Left Consensus Big Board (Arif Hasan) — wideleft.football,6007,199,9.375,31.375,4.54,,32.5,116,,,17,,,,,,,,,,2026-07-26,,,
rashawn-slater-ot-nor-2021,2021,Rashawn Slater,OT,Northwestern,1,9,Wide Left Consensus Big Board (Arif Hasan) — wideleft.football,6042,304,10.5,33,4.91,,33,112,7.48,4.45,33,,,,,,1,13,LA Chargers,,2026-07-26,9,9,91.7
rashee-rice-wr-smu-2023,2023,Rashee Rice,WR,SMU,3,80,"Jack Lichtenstein Consensus Big Board — 14 of 17 component boards, re-averaged",6005,204,9.5,32.75,4.51,,41,128,,,,,,,,,2,55,Kansas City,,2026-05-04,,,
rasheed-walker-ot-pen-2022,2022,Rasheed Walker,OT,Penn State,4,113,Wide Left Consensus Big Board (Arif Hasan) — wideleft.football,6055,313,10.625,33.625,,,,,,,,,,,,,7,249,Green Bay,,2026-08-06,136,113,129.3
rasheem-green-edge-usc-2018,2018,Rasheem Green,EDGE,USC,3,73,Wide Left Consensus Big Board (Arif Hasan) — wideleft.football,6042,275,9.875,33.75,4.73,1.66,32.5,118,7.24,4.39,,,,,,,3,79,Seattle,,2026-07-26,62,75,117.6
rashod-bateman-wr-min-2021,2021,Rashod Bateman,WR,Minnesota,1,28,Wide Left Consensus Big Board (Arif Hasan) — wideleft.football,6003,190,9.5,33,4.39,,36,123,,,,,,,,,1,27,Baltimore,,2026-07-26,34,26,92.8
rasul-douglas-cb-wes-2017,2017,Rasul Douglas,CB,West Virginia,4,109,Wide Left Consensus Big Board (Arif Hasan) — wideleft.football,6015,209,9.25,32.38,4.59,,33.5,120,6.97,4.26,16,,,,,,3,99,Philadelphia,,2026-07-26,99,112,92.2
raymond-calais-rb-lou-2020,2020,Raymond Calais,RB,Louisiana-Lafayette,7,261,Wide Left Consensus Big Board (Arif Hasan) — wideleft.football,5077,188,9.25,30,4.42,,37.5,120,,,20,,,,,,7,245,Tampa Bay,,2026-07-26,247,270,
raymond-johnson-iii-edge--2021,2021,Raymond Johnson III,EDGE,,,,Wide Left Consensus Big Board (Arif Hasan) — wideleft.football,6024,260,9.375,33.25,,,,,,,,,,,,,,,,,2026-07-26,,,
raymond-vohasek-dt-nor-2023,2023,Raymond Vohasek,DT,North Carolina,7,467,"Jack Lichtenstein Consensus Big Board — 14 of 17 component boards, re-averaged",,,,,,,,,,,,,,,,,7,227,Jacksonville,,2026-05-04,,,
ray-ray-mccloud-wr-cle-2018,2018,Ray-Ray McCloud,WR,Clemson,,,Wide Left Consensus Big Board (Arif Hasan) — wideleft.football,5094,190,9.25,30.25,4.53,,34.5,113,,,13,,,,,,6,187,Buffalo,,2026-07-26,,,
rayshawn-jenkins-s-mia-2017,2017,Rayshawn Jenkins,S,Miami,5,157,Wide Left Consensus Big Board (Arif Hasan) — wideleft.football,6010,214,9.63,32.75,4.51,,37,128,,,19,,,,,,4,113,LA Chargers,,2026-07-26,158,153,82.2
reed-blankenship-s--2022,2022,Reed Blankenship,S,,7,285,Wide Left Consensus Big Board (Arif Hasan) — wideleft.football,,,,,,,,,,,,,,,,,,,,,2026-08-06,480,274,113.4
rees-odhiambo-iol-boi-2016,2016,Rees Odhiambo,IOL,Boise State,5,167,Wide Left Consensus Big Board (Arif Hasan) — wideleft.football,6037,314,9.625,33.25,5.17,,,,,,23,,,,,,3,97,Seattle,,2026-07-26,,,96.1
reggie-corbin-rb--2020,2020,Reggie Corbin,RB,,,,Wide Left Consensus Big Board (Arif Hasan) — wideleft.football,,,,,,,,,,,,,,,,,,,,,2026-07-26,,,
reggie-gilbert-edge--2016,2016,Reggie Gilbert,EDGE,,,,Wide Left Consensus Big Board (Arif Hasan) — wideleft.football,,,,,,,,,,,,,,,,,,,,,2026-07-26,,,
reggie-gilliam-rb--2020,2020,Reggie Gilliam,RB,,,,Wide Left Consensus Big Board (Arif Hasan) — wideleft.football,,,,,,,,,,,,FB,,,,,,,,,2026-07-26,,,
reggie-ragland-lb-ala-2016,2016,Reggie Ragland,LB,Alabama,1,15,Wide Left Consensus Big Board (Arif Hasan) — wideleft.football,6012,247,9.875,32,4.72,,31.5,116,,4.28,,,,,,,2,41,Buffalo,,2026-07-26,,,94
reggie-roberson-jr-wr-smu-2022,2022,Reggie Roberson Jr.,WR,SMU,7,247,Wide Left Consensus Big Board (Arif Hasan) — wideleft.football,5110,192,9.5,32.625,,,29,114,,,,,,,,,,,,,2026-08-06,253,238,76.4
reggie-robinson-ii-cb-tul-2020,2020,Reggie Robinson II,CB,Tulsa,5,142,Wide Left Consensus Big Board (Arif Hasan) — wideleft.football,6007,205,8.375,31.5,4.44,,36,132,7.09,4.18,22,,,,,,4,123,Dallas,,2026-07-26,162,141,
reggie-white-jr-wr--2019,2019,Reggie White Jr.,WR,,7,227,"Jack Lichtenstein Consensus Big Board — 14 of 17 component boards, re-averaged",,,,,,,,,,,,,,,,,,,,,2026-05-04,,,
reid-sinnett-qb--2020,2020,Reid Sinnett,QB,,,,Wide Left Consensus Big Board (Arif Hasan) — wideleft.football,,,,,,,,,,,,,,,,,,,,,2026-07-26,,,
rejzohn-wright-cb-ore-2023,2023,Rejzohn Wright,CB,Oregon State,5,164,"Jack Lichtenstein Consensus Big Board — 14 of 17 component boards, re-averaged",6015,193,9.625,32.5,,,,,,,,,,,,,,,,,2026-05-04,,,
renell-wren-dt-ari-2019,2019,Renell Wren,DT,Arizona State,3,96,"Jack Lichtenstein Consensus Big Board — 14 of 17 component boards, re-averaged",6047,318,10,33.875,5.01,1.75,32,118,7.65,4.53,30,,,,,,4,125,Cincinnati,,2026-05-04,,,
reuben-foster-lb-ala-2017,2017,Reuben Foster,LB,Alabama,1,7,Wide Left Consensus Big Board (Arif Hasan) — wideleft.football,6000,229,10.25,32.38,,,,,,,,,,,,,1,31,San Francisco,,2026-07-26,9,3,91.7
rhamondre-stevenson-rb-okl-2021,2021,Rhamondre Stevenson,RB,Oklahoma,4,130,Wide Left Consensus Big Board (Arif Hasan) — wideleft.football,5115,231,9,30.25,4.64,,31.5,112,7.09,4.15,15,,,,,,4,120,New England,,2026-07-26,138,123,107.5
ricardo-louis-wr-aub-2016,2016,Ricardo Louis,WR,Auburn,7,273,Wide Left Consensus Big Board (Arif Hasan) — wideleft.football,6016,215,9.5,32.375,4.43,,38,132,,,18,,,,,,4,114,Cleveland,,2026-07-26,,,94.6
richard-gouraige-ot-flo-2023,2023,Richard Gouraige,OT,Florida,7,242,"Jack Lichtenstein Consensus Big Board — 14 of 17 component boards, re-averaged",6050,306,10,34,,,,,,,23,,,,,,,,,,2026-05-04,,,
richard-lecounte-s-geo-2021,2021,Richard LeCounte,S,Georgia,6,183,Wide Left Consensus Big Board (Arif Hasan) — wideleft.football,5014,196,9,31.625,4.79,,32.5,128,7.44,4.49,,,,,,,5,169,Cleveland,,2026-07-26,180,175,85.1
richie-brown-lb--2017,2017,Richie Brown,LB,,,,Wide Left Consensus Big Board (Arif Hasan) — wideleft.football,,,,,,,,,,,,,,,,,,,,,2026-07-26,,,
richie-grant-s-ucf-2021,2021,Richie Grant,S,UCF,2,54,Wide Left Consensus Big Board (Arif Hasan) — wideleft.football,5115,197,9.375,32.625,4.49,,34.5,129,6.78,4.27,12,,,,,,2,40,Atlanta,,2026-07-26,50,56,93.4
richie-james-wr-mid-2018,2018,Richie James,WR,Middle Tennessee State,6,205,Wide Left Consensus Big Board (Arif Hasan) — wideleft.football,5101,183,9,31.25,4.48,,35.5,122,6.87,4.16,6,,,,,,7,240,San Francisco,,2026-07-26,300,215,101
rick-leonard-ot-flo-2018,2018,Rick Leonard,OT,Florida State,,,Wide Left Consensus Big Board (Arif Hasan) — wideleft.football,6070,311,9.25,32.25,,,,,,,19,,,,,,4,127,New Orleans,,2026-07-26,,,
ricky-seals-jones-wr-tex-2017,2017,Ricky Seals-Jones,WR,Texas A&M,7,292,Wide Left Consensus Big Board (Arif Hasan) — wideleft.football,6045,243,9.63,33.13,4.69,,28,121,7.46,4.33,17,,,,,,,,,,2026-07-26,251,295,116.1
ricky-stromberg-iol-ark-2023,2023,Ricky Stromberg,IOL,Arkansas,4,138,"Jack Lichtenstein Consensus Big Board — 14 of 17 component boards, re-averaged",6032,306,9.75,33.25,5.26,1.81,32.5,111,,,,,,,,,3,97,Washington,,2026-05-04,,,
ricky-walker-dt--2019,2019,Ricky Walker,DT,,7,293,"Jack Lichtenstein Consensus Big Board — 14 of 17 component boards, re-averaged",,,,,,,,,,,,,,,,,,,,,2026-05-04,,,
rico-bussey-jr-wr--2021,2021,Rico Bussey Jr.,WR,,,,Wide Left Consensus Big Board (Arif Hasan) — wideleft.football,6003,186,10.125,33,,,,,,,,,,,,,,,,,2026-07-26,,,
rico-dowdle-rb-sou-2020,2020,Rico Dowdle,RB,South Carolina,7,254,Wide Left Consensus Big Board (Arif Hasan) — wideleft.football,5112,213,9.5,31.375,4.54,,38,127,,,,,,,,,,,,,2026-07-26,232,258,
rico-gafford-cb--2018,2018,Rico Gafford,CB,,,,Wide Left Consensus Big Board (Arif Hasan) — wideleft.football,,,,,,,,,,,,,,,,,,,,,2026-07-26,,,
rico-gathers-te-bay-2016,2016,Rico Gathers,TE,Baylor,,,Wide Left Consensus Big Board (Arif Hasan) — wideleft.football,,,,,,,,,,,,,,,,,6,217,Dallas,,2026-07-26,,,
riley-bullough-lb-mic-2017,2017,Riley Bullough,LB,Michigan State,7,272,Wide Left Consensus Big Board (Arif Hasan) — wideleft.football,6015,226,9.88,31.25,,,31.5,116,,,20,,,,,,,,,,2026-07-26,354,248,83.6
riley-cole-lb-sou-2021,2021,Riley Cole,LB,South Alabama,,,Wide Left Consensus Big Board (Arif Hasan) — wideleft.football,6026,240,9.75,30.125,4.72,,,,7.46,4.35,26,,,,,,,,,,2026-07-26,,,
riley-dixon-st-syr-2016,2016,Riley Dixon,ST,Syracuse,,,Wide Left Consensus Big Board (Arif Hasan) — wideleft.football,6042,221,9.625,32.25,5.04,,,,,,,P,,,,,7,228,Denver,,2026-07-26,,,
riley-ferguson-qb-mem-2018,2018,Riley Ferguson,QB,Memphis,7,221,Wide Left Consensus Big Board (Arif Hasan) — wideleft.football,6026,212,9.625,30.875,4.98,,29,110,6.96,4.4,,,,,,,,,,,2026-07-26,240,223,71.4
riley-moss-cb-iow-2023,2023,Riley Moss,CB,Iowa,4,105,"Jack Lichtenstein Consensus Big Board — 14 of 17 component boards, re-averaged",6005,193,9.5,30,4.45,,39,127,,,,,,,,,3,83,Denver,,2026-05-04,,,
riley-ridley-wr-geo-2019,2019,Riley Ridley,WR,Georgia,3,72,"Jack Lichtenstein Consensus Big Board — 14 of 17 component boards, re-averaged",6012,199,10.25,32.625,4.58,,30.5,124,7.22,4.28,13,,,,,,4,126,Chicago,,2026-05-04,,,
riley-whimpey-lb--2022,2022,Riley Whimpey,LB,,,,Wide Left Consensus Big Board (Arif Hasan) — wideleft.football,,,,,,,,,,,,,,,,,,,,,2026-08-06,,,
rj-mcintosh-dt-mia-2018,2018,RJ McIntosh,DT,Miami,4,126,Wide Left Consensus Big Board (Arif Hasan) — wideleft.football,6044,286,9.375,33.875,,,,,,,,Pass Rusher,,,,,5,139,NY Giants,,2026-07-26,116,124,93.1
rj-williamson-s--2016,2016,RJ Williamson,S,,,,Wide Left Consensus Big Board (Arif Hasan) — wideleft.football,,,,,,,,,,,,,,,,,,,,,2026-07-26,,,
robby-anderson-wr--2016,2016,Robby Anderson,WR,,,,Wide Left Consensus Big Board (Arif Hasan) — wideleft.football,,,,,,,,,,,,,,,,,,,,,2026-07-26,,,
robert-beal-jr-edge-geo-2023,2023,Robert Beal Jr.,EDGE,Georgia,7,259,"Jack Lichtenstein Consensus Big Board — 14 of 17 component boards, re-averaged",6036,247,10.125,34.625,4.48,1.62,30,123,,,,,,,,,5,173,San Francisco,,2026-05-04,,,
robert-cooper-dt--2023,2023,Robert Cooper,DT,,7,302,"Jack Lichtenstein Consensus Big Board — 14 of 17 component boards, re-averaged",,,,,,,,,,,,,,,,,,,,,2026-05-04,,,
robert-davis-wr-geo-2017,2017,Robert Davis,WR,Georgia State,7,223,Wide Left Consensus Big Board (Arif Hasan) — wideleft.football,6025,219,9.63,33,4.44,,41,136,6.82,4.28,19,,,,,,6,209,Washington,,2026-07-26,199,237,101.3
robert-hainsey-ot-not-2021,2021,Robert Hainsey,OT,Notre Dame,4,128,Wide Left Consensus Big Board (Arif Hasan) — wideleft.football,6044,306,9.75,32.125,5.2,,27.5,104,7.58,4.63,32,,,,,,3,95,Tampa Bay,,2026-07-26,137,128,92.8
robert-hunt-ot-lou-2020,2020,Robert Hunt,OT,Louisiana-Lafayette,3,68,Wide Left Consensus Big Board (Arif Hasan) — wideleft.football,6051,323,10.75,33.5,,,,,,,,,,,,,2,39,Miami,,2026-07-26,72,67,
robert-jones-iol-mid-2021,2021,Robert Jones,IOL,Middle Tennessee State,7,242,Wide Left Consensus Big Board (Arif Hasan) — wideleft.football,6040,319,,,5.36,,,,,,,,,,,,,,,,2026-07-26,256,237,83.9
robert-landers-dt--2020,2020,Robert Landers,DT,,,,Wide Left Consensus Big Board (Arif Hasan) — wideleft.football,,,,,,,,,,,,,,,,,,,,,2026-07-26,,,
robert-leff-ot--2017,2017,Robert Leff,OT,,,,Wide Left Consensus Big Board (Arif Hasan) — wideleft.football,,,,,,,,,,,,,,,,,,,,,2026-07-26,,,
robert-nkemdiche-dt-mis-2016,2016,Robert Nkemdiche,DT,Mississippi,1,28,Wide Left Consensus Big Board (Arif Hasan) — wideleft.football,6034,294,10.75,33.875,4.87,,35,116,,,28,Pass Rusher,,,,,1,29,Arizona,,2026-07-26,,,116.7
robert-rochell-cb-cen-2021,2021,Robert Rochell,CB,Central Arkansas,4,127,Wide Left Consensus Big Board (Arif Hasan) — wideleft.football,5116,193,8.75,32.375,4.41,,43,133,6.84,4.08,9,,,,,,4,130,LA Rams,,2026-07-26,96,146,90.6
robert-windsor-dt--2020,2020,Robert Windsor,DT,,6,209,Wide Left Consensus Big Board (Arif Hasan) — wideleft.football,6044,290,9.875,33.125,4.9,1.74,28.5,111,7.47,4.44,21,Pass Rusher,,,,,6,193,Indianapolis,,2026-07-26,197,226,
roberto-aguayo-st-flo-2016,2016,Roberto Aguayo,ST,Florida State,4,129,Wide Left Consensus Big Board (Arif Hasan) — wideleft.football,6000,207,9.875,31.75,4.96,,,,,,,K,,,,,2,59,Tampa Bay,,2026-07-26,,,112.9
roc-thomas-rb-jac-2018,2018,Roc Thomas,RB,Jacksonville State,7,261,Wide Left Consensus Big Board (Arif Hasan) — wideleft.football,5101,198,9.25,31.625,4.56,,35.5,125,,,16,,,,,,,,,,2026-07-26,289,265,96.3
rock-ya-sin-cb-tem-2019,2019,Rock Ya-Sin,CB,Temple,2,42,"Jack Lichtenstein Consensus Big Board — 14 of 17 component boards, re-averaged",5116,192,9.875,32,4.51,,39.5,120,7.31,4.31,18,,,,,,2,34,Indianapolis,,2026-05-04,,,
rod-taylor-iol-mis-2018,2018,Rod Taylor,IOL,Mississippi,,,Wide Left Consensus Big Board (Arif Hasan) — wideleft.football,6027,320,9.75,34.25,5.24,1.79,30.5,99,,,,,,,,,7,252,Cincinnati,,2026-07-26,,,
rodarius-williams-cb-okl-2021,2021,Rodarius Williams,CB,Oklahoma State,5,172,Wide Left Consensus Big Board (Arif Hasan) — wideleft.football,5116,189,9.25,31.5,4.5,,36.5,123,6.98,4.15,14,,,,,,6,201,NY Giants,,2026-07-26,193,165,104.8
roderick-henderson-dt--2017,2017,Roderick Henderson,DT,,,,Wide Left Consensus Big Board (Arif Hasan) — wideleft.football,,,,,,,,,,,,,,,,,,,,,2026-07-26,,,
roderick-johnson-ot-flo-2017,2017,Roderick Johnson,OT,Florida State,4,110,Wide Left Consensus Big Board (Arif Hasan) — wideleft.football,6066,298,10.75,36,,,,,,,,,,,,,5,160,Cleveland,,2026-07-26,100,119,117.2
rodney-adams-wr-sou-2017,2017,Rodney Adams,WR,South Florida,,,Wide Left Consensus Big Board (Arif Hasan) — wideleft.football,6012,189,9,32,4.44,,29.5,125,6.98,4.28,8,,,,,,5,170,Minnesota,,2026-07-26,,,
rodney-anderson-rb-okl-2019,2019,Rodney Anderson,RB,Oklahoma,4,125,"Jack Lichtenstein Consensus Big Board — 14 of 17 component boards, re-averaged",6003,224,9.75,30.75,,,,,,,25,,,,,,6,211,Cincinnati,,2026-05-04,,,
rodney-clemons-s-smu-2020,2020,Rodney Clemons,S,SMU,,,Wide Left Consensus Big Board (Arif Hasan) — wideleft.football,5115,209,9.25,31.25,4.71,1.63,33.5,118,,,21,,,,,,,,,,2026-07-26,,,
rodney-thomas-ii-lb-yal-2022,2022,Rodney Thomas II,LB,Yale,,,Wide Left Consensus Big Board (Arif Hasan) — wideleft.football,,,,,,,,,,,,,,,,,7,239,Indianapolis,,2026-08-06,,,
rodrigo-blankenship-st-geo-2020,2020,Rodrigo Blankenship,ST,Georgia,7,267,Wide Left Consensus Big Board (Arif Hasan) — wideleft.football,6010,190,9,30.625,,,,,,,,K,,,,,,,,,2026-07-26,226,291,
roger-lewis-wr-bow-2016,2016,Roger Lewis,WR,Bowling Green,6,196,Wide Left Consensus Big Board (Arif Hasan) — wideleft.football,6003,201,9.75,32,4.57,,33.5,116,,,8,,,,,,,,,,2026-07-26,,,119.2
roger-mccreary-cb-aub-2022,2022,Roger McCreary,CB,Auburn,2,45,Wide Left Consensus Big Board (Arif Hasan) — wideleft.football,5113,190,9,28.875,4.5,,,,,,,,,,,,2,35,Tennessee,,2026-08-06,47,45,77.9
romeo-doubs-wr-nev-2022,2022,Romeo Doubs,WR,Nevada,4,139,Wide Left Consensus Big Board (Arif Hasan) — wideleft.football,6017,201,10,32.25,,,,,,,,,,,,,4,132,Green Bay,,2026-08-06,172,131,97.8
romeo-okwara-edge-not-2016,2016,Romeo Okwara,EDGE,Notre Dame,7,256,Wide Left Consensus Big Board (Arif Hasan) — wideleft.football,6045,265,10.125,34.125,4.9,,33,120,7.38,4.53,23,,,,,,,,,,2026-07-26,,,89.6
ron-thompson-edge-syr-2016,2016,Ron Thompson,EDGE,Syracuse,7,260,Wide Left Consensus Big Board (Arif Hasan) — wideleft.football,6030,253,9.375,32.25,4.92,,,,7.46,4.5,18,,,,,,,,,,2026-07-26,,,103.4
ronald-blair-edge-app-2016,2016,Ronald Blair,EDGE,Appalachian State,4,126,Wide Left Consensus Big Board (Arif Hasan) — wideleft.football,6021,284,10.25,34,5.15,,30,113,7.95,4.53,32,,,,,,5,142,San Francisco,,2026-07-26,,,93.7
ronald-jones-ii-rb-usc-2018,2018,Ronald Jones II,RB,USC,2,35,Wide Left Consensus Big Board (Arif Hasan) — wideleft.football,5110,205,8.75,31.125,4.65,,36.5,,,,,,,,,,2,38,Tampa Bay,,2026-07-26,39,34,86
rondale-moore-wr-pur-2021,2021,Rondale Moore,WR,Purdue,2,39,Wide Left Consensus Big Board (Arif Hasan) — wideleft.football,5070,180,8.75,28.25,4.28,,42.5,,6.65,4.06,,,,,,,2,49,Arizona,,2026-07-26,40,39,88.2
ronheen-bingham-edge--2019,2019,Ronheen Bingham,EDGE,,6,185,"Jack Lichtenstein Consensus Big Board — 14 of 17 component boards, re-averaged",,,,,,,,,,,,,,,,,,,,,2026-05-04,,,
ronnie-bell-wr-mic-2023,2023,Ronnie Bell,WR,Michigan,6,211,"Jack Lichtenstein Consensus Big Board — 14 of 17 component boards, re-averaged",5115,191,9.5,31,4.54,,38.5,120,6.98,4.15,14,,,,,,7,253,San Francisco,,2026-05-04,,,
ronnie-brown-rb--2023,2023,Ronnie Brown,RB,,7,355,"Jack Lichtenstein Consensus Big Board — 14 of 17 component boards, re-averaged",,,,,,,,,,,,,,,,,,,,,2026-05-04,,,
ronnie-harrison-s-ala-2018,2018,Ronnie Harrison,S,Alabama,2,38,Wide Left Consensus Big Board (Arif Hasan) — wideleft.football,6030,214,9.5,33.375,,,34,120,,,,,,,,,3,93,Jacksonville,,2026-07-26,41,37,105.3
ronnie-hickman-s-ohi-2023,2023,Ronnie Hickman,S,Ohio State,6,182,"Jack Lichtenstein Consensus Big Board — 14 of 17 component boards, re-averaged",6004,203,9.375,33,,,,,,,,,,,,,,,,,2026-05-04,,,
ronnie-perkins-edge-okl-2021,2021,Ronnie Perkins,EDGE,Oklahoma,2,64,Wide Left Consensus Big Board (Arif Hasan) — wideleft.football,6020,253,,,4.71,,32,115,,4.69,25,,,,,,3,96,New England,,2026-07-26,58,63,99
ronnie-rivers-rb-fre-2022,2022,Ronnie Rivers,RB,Fresno State,,,Wide Left Consensus Big Board (Arif Hasan) — wideleft.football,5074,195,8.5,28,4.6,,36.5,119,,,,,,,,,,,,,2026-08-06,,,
ronnie-stanley-ot-not-2016,2016,Ronnie Stanley,OT,Notre Dame,1,8,Wide Left Consensus Big Board (Arif Hasan) — wideleft.football,6056,312,10.625,35.625,5.2,,28.5,,8.03,4.9,,,,,,,1,6,Baltimore,,2026-07-26,,,107.2
roquan-smith-lb-geo-2018,2018,Roquan Smith,LB,Georgia,1,5,Wide Left Consensus Big Board (Arif Hasan) — wideleft.football,6007,236,10,32,4.51,,,,,,,,,,,,1,8,Chicago,,2026-07-26,5,5,84.4
roschon-johnson-rb-tex-2023,2023,Roschon Johnson,RB,Texas,3,92,"Jack Lichtenstein Consensus Big Board — 14 of 17 component boards, re-averaged",6002,219,9.625,32,4.58,,31.5,122,,,,,,,,,4,115,Chicago,,2026-05-04,,,
ross-blacklock-dt-tcu-2020,2020,Ross Blacklock,DT,TCU,2,40,Wide Left Consensus Big Board (Arif Hasan) — wideleft.football,6031,290,9.75,32.375,4.9,1.7,29,107,7.77,4.67,,Pass Rusher,,,,,2,40,Houston,,2026-07-26,31,41,
ross-martin-st--2016,2016,Ross Martin,ST,,,,Wide Left Consensus Big Board (Arif Hasan) — wideleft.football,,,,,,,,,,,,K,,,,,,,,,2026-07-26,,,
ross-pierschbacher-iol-ala-2019,2019,Ross Pierschbacher,IOL,Alabama,5,170,"Jack Lichtenstein Consensus Big Board — 14 of 17 component boards, re-averaged",6035,307,10,32.125,5.2,,22.5,,7.83,4.7,20,,,,,,5,153,Washington,,2026-05-04,,,
roy-lopez-dt-ari-2021,2021,Roy Lopez,DT,Arizona,,,Wide Left Consensus Big Board (Arif Hasan) — wideleft.football,6015,304,9.875,32,5.19,,31,105,7.39,4.51,36,,,,,,6,195,Houston,,2026-07-26,,,
roy-robertson-harris-edge--2016,2016,Roy Robertson-Harris,EDGE,,,,Wide Left Consensus Big Board (Arif Hasan) — wideleft.football,,,,,,,,,,,,,,,,,,,,,2026-07-26,,,
royce-freeman-rb-ore-2018,2018,Royce Freeman,RB,Oregon,3,82,Wide Left Consensus Big Board (Arif Hasan) — wideleft.football,5114,229,9.5,32,4.54,,34,118,6.9,4.16,17,,,,,,3,71,Denver,,2026-07-26,84,83,98.2
royce-newman-ot-mis-2021,2021,Royce Newman,OT,Mississippi,6,205,Wide Left Consensus Big Board (Arif Hasan) — wideleft.football,6052,310,9,33.75,5.14,,28,104,7.91,4.75,23,,,,,,4,142,Green Bay,,2026-07-26,199,206,93.6
rudy-ford-s-aub-2017,2017,Rudy Ford,S,Auburn,6,208,Wide Left Consensus Big Board (Arif Hasan) — wideleft.football,5111,205,8.88,30,,,,,,,,,,,,,6,208,Arizona,,2026-07-26,206,212,76.9
rushel-shell-rb-wes-2017,2017,Rushel Shell,RB,West Virginia,,,Wide Left Consensus Big Board (Arif Hasan) — wideleft.football,5095,227,9.63,30,4.74,,32.5,,,,21,,,,,,,,,,2026-07-26,,,
russ-yeast-s-kan-2022,2022,Russ Yeast,S,Kansas State,,,Wide Left Consensus Big Board (Arif Hasan) — wideleft.football,,,,,,,,,,,,,,,,,7,253,LA Rams,,2026-08-06,,,
russell-gage-wr-lsu-2018,2018,Russell Gage,WR,LSU,,,Wide Left Consensus Big Board (Arif Hasan) — wideleft.football,,,,,,,,,,,,,,,,,6,194,Atlanta,,2026-07-26,,,
ryan-anderson-lb-ala-2017,2017,Ryan Anderson,LB,Alabama,3,70,Wide Left Consensus Big Board (Arif Hasan) — wideleft.football,6020,253,9.38,31.5,4.78,,,,,,,,,,,,2,49,Washington,,2026-07-26,53,78,99.6
ryan-bates-ot-pen-2019,2019,Ryan Bates,OT,Penn State,7,233,"Jack Lichtenstein Consensus Big Board — 14 of 17 component boards, re-averaged",6044,306,9.5,32.5,5.09,,27,102,7.45,4.53,28,,,,,,,,,,2026-05-04,,,
ryan-carter-cb--2018,2018,Ryan Carter,CB,,,,Wide Left Consensus Big Board (Arif Hasan) — wideleft.football,,,,,,,,,,,,,,,,,,,,,2026-07-26,,,
ryan-connelly-lb-wis-2019,2019,Ryan Connelly,LB,Wisconsin,7,263,"Jack Lichtenstein Consensus Big Board — 14 of 17 component boards, re-averaged",6021,242,9.375,30.875,4.66,,34.5,118,7.09,4.31,,,,,,,5,143,NY Giants,,2026-05-04,,,
ryan-finley-qb-nor-2019,2019,Ryan Finley,QB,North Carolina State,3,95,"Jack Lichtenstein Consensus Big Board — 14 of 17 component boards, re-averaged",6040,213,9.5,32.875,4.73,,30.5,116,7.2,4.2,,,,,,,4,104,Cincinnati,,2026-05-04,,,
ryan-glasgow-dt-mic-2017,2017,Ryan Glasgow,DT,Michigan,5,143,Wide Left Consensus Big Board (Arif Hasan) — wideleft.football,6027,302,9.63,33.38,5.13,,27.5,105,7.55,4.5,20,,,,,,4,138,Cincinnati,,2026-07-26,136,158,83.3
ryan-green-rb--2018,2018,Ryan Green,RB,,,,Wide Left Consensus Big Board (Arif Hasan) — wideleft.football,,,,,,,,,,,,,,,,,,,,,2026-07-26,,,
ryan-greenhagen-lb--2023,2023,Ryan Greenhagen,LB,,7,450,"Jack Lichtenstein Consensus Big Board — 14 of 17 component boards, re-averaged",,,,,,,,,,,,,,,,,,,,,2026-05-04,,,
ryan-hayes-ot-mic-2023,2023,Ryan Hayes,OT,Michigan,6,216,"Jack Lichtenstein Consensus Big Board — 14 of 17 component boards, re-averaged",6063,298,10,32.5,5.18,1.78,30,103,7.39,,,,,,,,7,238,Miami,,2026-05-04,,,
ryan-izzo-te-flo-2018,2018,Ryan Izzo,TE,Florida State,7,241,Wide Left Consensus Big Board (Arif Hasan) — wideleft.football,6045,256,9,32.125,4.94,,33,110,7.15,4.43,18,,,,,,7,250,New England,,2026-07-26,244,260,87.2
ryan-kelly-iol-ala-2016,2016,Ryan Kelly,IOL,Alabama,2,38,Wide Left Consensus Big Board (Arif Hasan) — wideleft.football,6040,311,9.625,33.625,5.03,,30,103,7.58,4.59,26,,,,,,1,18,Indianapolis,,2026-07-26,,,86.5
ryan-malleck-te-vir-2016,2016,Ryan Malleck,TE,Virginia Tech,,,Wide Left Consensus Big Board (Arif Hasan) — wideleft.football,6044,247,9.375,32.5,4.77,,34.5,121,7,4.33,18,,,,,,,,,,2026-07-26,,,
ryan-mccollum-iol--2021,2021,Ryan McCollum,IOL,,,,Wide Left Consensus Big Board (Arif Hasan) — wideleft.football,6052,307,10.25,33.625,,,,,,,,,,,,,,,,,2026-07-26,,,
ryan-miller-te--2023,2023,Ryan Miller,TE,,7,380,"Jack Lichtenstein Consensus Big Board — 14 of 17 component boards, re-averaged",,,,,,,,,,,,,,,,,,,,,2026-05-04,,,
ryan-nall-rb-ore-2018,2018,Ryan Nall,RB,Oregon State,7,262,Wide Left Consensus Big Board (Arif Hasan) — wideleft.football,6021,232,10,31.5,4.58,,33,122,6.95,4.16,15,,,,,,,,,,2026-07-26,303,266,80.8
ryan-pulley-cb-ark-2019,2019,Ryan Pulley,CB,Arkansas,7,414,"Jack Lichtenstein Consensus Big Board — 14 of 17 component boards, re-averaged",5105,209,9.25,32.75,4.61,,31,111,,,11,,,,,,,,,,2026-05-04,,,
ryan-ramczyk-ot-wis-2017,2017,Ryan Ramczyk,OT,Wisconsin,1,20,Wide Left Consensus Big Board (Arif Hasan) — wideleft.football,6055,310,10.88,33.75,,,,,,,25,,,,,,1,32,New Orleans,,2026-07-26,19,21,97.6
ryan-santoso-st--2018,2018,Ryan Santoso,ST,,,,Wide Left Consensus Big Board (Arif Hasan) — wideleft.football,,,,,,,,,,,,P,,,,,,,,,2026-07-26,,,
ryan-smenda-jr-lb--2023,2023,Ryan Smenda Jr.,LB,,7,487,"Jack Lichtenstein Consensus Big Board — 14 of 17 component boards, re-averaged",,,,,,,,,,,,,,,,,,,,,2026-05-04,,,
ryan-smith-cb-nor-2016,2016,Ryan Smith,CB,North Carolina Central,6,201,Wide Left Consensus Big Board (Arif Hasan) — wideleft.football,5110,189,8.875,30.5,4.47,,36,122,6.88,4.09,18,,,,,,4,108,Tampa Bay,,2026-07-26,,,126
ryan-stonehouse-st--2022,2022,Ryan Stonehouse,ST,,,,Wide Left Consensus Big Board (Arif Hasan) — wideleft.football,,,,,,,,,,,,P,,,,,,,,,2026-08-06,,,
ryan-switzer-wr-nor-2017,2017,Ryan Switzer,WR,North Carolina,4,128,Wide Left Consensus Big Board (Arif Hasan) — wideleft.football,5084,181,9.25,28,4.51,,32,116,6.77,4,11,,,,,,4,133,Dallas,,2026-07-26,155,125,113
ryan-van-demark-ot--2022,2022,Ryan Van Demark,OT,,,,Wide Left Consensus Big Board (Arif Hasan) — wideleft.football,,,,,,,,,,,,,,,,,,,,,2026-08-06,,,
ryker-mathews-iol--2016,2016,Ryker Mathews,IOL,,,,Wide Left Consensus Big Board (Arif Hasan) — wideleft.football,,,,,,,,,,,,,,,,,,,,,2026-07-26,,,
ryquell-armstead-rb-tem-2019,2019,Ryquell Armstead,RB,Temple,5,146,"Jack Lichtenstein Consensus Big Board — 14 of 17 component boards, re-averaged",5112,220,9.125,30.625,4.45,,30,114,7.02,4.29,22,,,,,,5,140,Jacksonville,,2026-05-04,,,
saahdiq-charles-ot-lsu-2020,2020,Saahdiq Charles,OT,LSU,4,117,Wide Left Consensus Big Board (Arif Hasan) — wideleft.football,6041,321,10,33,5.05,1.87,,,,,,,,,,,4,108,Washington,,2026-07-26,100,120,
sadarius-hutcherson-iol-sou-2021,2021,Sadarius Hutcherson,IOL,South Carolina,6,189,Wide Left Consensus Big Board (Arif Hasan) — wideleft.football,6033,321,9,32.375,4.95,,,,,,36,,,,,,,,,,2026-07-26,215,180,77.3
sage-surratt-wr-wak-2021,2021,Sage Surratt,WR,Wake Forest,5,152,Wide Left Consensus Big Board (Arif Hasan) — wideleft.football,6024,209,9,32.25,4.66,,,,,4.25,18,,,,,,,,,,2026-07-26,194,144,105.8
saivion-smith-cb-ala-2019,2019,Saivion Smith,CB,Alabama,5,160,"Jack Lichtenstein Consensus Big Board — 14 of 17 component boards, re-averaged",6007,199,9.5,33.25,,,33,121,7.09,4.37,11,,,,,,,,,,2026-05-04,,,
salvon-ahmed-rb-was-2020,2020,Salvon Ahmed,RB,Washington,7,256,Wide Left Consensus Big Board (Arif Hasan) — wideleft.football,5107,197,8.75,29.25,4.62,,34.5,120,,,,,,,,,,,,,2026-07-26,250,261,
sam-darnold-qb-usc-2018,2018,Sam Darnold,QB,USC,1,8,Wide Left Consensus Big Board (Arif Hasan) — wideleft.football,6033,221,9.375,31,4.85,,26.5,105,6.96,4.4,,,,,,,1,3,NY Jets,,2026-07-26,4,11,145.2
sam-ehlinger-qb-tex-2021,2021,Sam Ehlinger,QB,Texas,7,233,Wide Left Consensus Big Board (Arif Hasan) — wideleft.football,6011,220,9.75,30.375,4.84,,36.5,114,7.15,4.44,,,,,,,6,218,Indianapolis,,2026-07-26,233,217,74.3
sam-franklin-lb--2020,2020,Sam Franklin,LB,,,,Wide Left Consensus Big Board (Arif Hasan) — wideleft.football,,,,,,,,,,,,,,,,,,,,,2026-07-26,,,
sam-gerak-iol--2022,2022,Sam Gerak,IOL,,,,Wide Left Consensus Big Board (Arif Hasan) — wideleft.football,,,,,,,,,,,,,,,,,,,,,2026-08-06,,,
sam-howell-qb-nor-2022,2022,Sam Howell,QB,North Carolina,2,56,Wide Left Consensus Big Board (Arif Hasan) — wideleft.football,6005,218,9.125,30.75,,,,,,,,,,,,,5,144,Washington,,2026-08-06,56,56,83.8
sam-hubbard-edge-ohi-2018,2018,Sam Hubbard,EDGE,Ohio State,2,47,Wide Left Consensus Big Board (Arif Hasan) — wideleft.football,6053,270,10,33.125,,,35,116,6.84,4.32,,,,,,,3,77,Cincinnati,,2026-07-26,57,47,93.8
sam-jones-iol-ari-2018,2018,Sam Jones,IOL,Arizona State,7,244,Wide Left Consensus Big Board (Arif Hasan) — wideleft.football,6045,305,9.5,31,5.32,1.9,27,101,7.92,4.86,28,,,,,,6,183,Denver,,2026-07-26,206,242,83.7
sam-laporta-te-iow-2023,2023,Sam LaPorta,TE,Iowa,2,59,"Jack Lichtenstein Consensus Big Board — 14 of 17 component boards, re-averaged",6032,245,10.25,32.125,4.59,,35,123,6.91,4.25,,,,,,,2,34,Detroit,,2026-05-04,,,
sam-mustipher-iol--2018,2018,Sam Mustipher,IOL,,,,Wide Left Consensus Big Board (Arif Hasan) — wideleft.football,,,,,,,,,,,,,,,,,,,,,2026-07-26,,,
sam-roberts-dt-nw-2022,2022,Sam Roberts,DT,NW Missouri St.,,,Wide Left Consensus Big Board (Arif Hasan) — wideleft.football,,,,,,,,,,,,,,,,,6,200,New England,,2026-08-06,,,
sam-rogers-rb-vir-2017,2017,Sam Rogers,RB,Virginia Tech,7,251,Wide Left Consensus Big Board (Arif Hasan) — wideleft.football,5102,231,9.75,30.25,4.93,,32,114,7.27,4.34,19,FB,,,,,6,206,LA Rams,,2026-07-26,252,266,82.6
sam-sloman-st-mia-2020,2020,Sam Sloman,ST,Miami (OH),,,Wide Left Consensus Big Board (Arif Hasan) — wideleft.football,,,,,,,,,,,,K,,,,,7,248,LA Rams,,2026-07-26,,,
sam-tevi-ot-uta-2017,2017,Sam Tevi,OT,Utah,7,245,Wide Left Consensus Big Board (Arif Hasan) — wideleft.football,6053,311,10.13,34,5.27,,26,107,7.84,4.6,15,,,,,,6,190,LA Chargers,,2026-07-26,236,243,88.2
sam-webb-cb-mis-2022,2022,Sam Webb,CB,Missouri Western,,,Wide Left Consensus Big Board (Arif Hasan) — wideleft.football,6004,202,9.25,32.125,4.48,,,,,,14,,,,,,,,,,2026-08-06,,,
sam-williams-edge-mis-2022,2022,Sam Williams,EDGE,Mississippi,3,83,Wide Left Consensus Big Board (Arif Hasan) — wideleft.football,6035,261,9.875,33.125,4.46,1.6,32.5,123,,,,,,,,,2,56,Dallas,,2026-08-06,75,86,102.9
samaje-perine-rb-okl-2017,2017,Samaje Perine,RB,Oklahoma,3,92,Wide Left Consensus Big Board (Arif Hasan) — wideleft.football,5105,233,10,30.38,4.65,,33,116,7.26,4.37,30,,,,,,4,114,Washington,,2026-07-26,81,99,91.3
samori-toure-wr-neb-2022,2022,Samori Toure,WR,Nebraska,7,291,Wide Left Consensus Big Board (Arif Hasan) — wideleft.football,,,,,,,,,,,,,,,,,7,258,Green Bay,,2026-08-06,307,288,94.6
samson-ebukam-edge-eas-2017,2017,Samson Ebukam,EDGE,Eastern Washington,,,Wide Left Consensus Big Board (Arif Hasan) — wideleft.football,,,,,,,,,,,,,,,,,4,125,LA Rams,,2026-07-26,,,
samuel-cooper-iol--2021,2021,Samuel Cooper,IOL,,,,Wide Left Consensus Big Board (Arif Hasan) — wideleft.football,,,,,,,,,,,,,,,,,,,,,2026-07-26,,,
samuel-cosmi-ot-tex-2021,2021,Samuel Cosmi,OT,Texas,2,37,Wide Left Consensus Big Board (Arif Hasan) — wideleft.football,6057,314,10.25,33,4.87,,30,117,7.35,4.39,36,,,,,,2,51,Washington,,2026-07-26,52,32,97.9
samuel-womack-cb-tol-2022,2022,Samuel Womack,CB,Toledo,,,Wide Left Consensus Big Board (Arif Hasan) — wideleft.football,,,,,,,,,,,,,,,,,5,172,San Francisco,,2026-08-06,,,
saquan-hampton-s-rut-2019,2019,Saquan Hampton,S,Rutgers,7,278,"Jack Lichtenstein Consensus Big Board — 14 of 17 component boards, re-averaged",6012,206,8.625,31.625,4.48,,,125,,,14,,,,,,6,177,New Orleans,,2026-05-04,,,
saquon-barkley-rb-pen-2018,2018,Saquon Barkley,RB,Penn State,1,1,Wide Left Consensus Big Board (Arif Hasan) — wideleft.football,6000,233,9.5,31.375,4.4,,41,,,4.24,29,,,,,,1,2,NY Giants,,2026-07-26,1,2,101.3
sarodorick-thompson-rb-tex-2023,2023,SaRodorick Thompson,RB,Texas Tech,7,388,"Jack Lichtenstein Consensus Big Board — 14 of 17 component boards, re-averaged",5114,207,9,31.625,4.67,,32.5,120,7.25,4.7,,,,,,,,,,,2026-05-04,,,
savion-williams-dt--2022,2022,Savion Williams,DT,,,,Wide Left Consensus Big Board (Arif Hasan) — wideleft.football,,,,,,,,,,,,,,,,,,,,,2026-08-06,,,
savon-scarver-wr--2021,2021,Savon Scarver,WR,,,,Wide Left Consensus Big Board (Arif Hasan) — wideleft.football,,,,,,,,,,,,,,,,,,,,,2026-07-26,,,
scooby-wright-iii-lb-ari-2016,2016,Scooby Wright III,LB,Arizona,4,128,Wide Left Consensus Big Board (Arif Hasan) — wideleft.football,5116,239,9.75,30.5,4.9,,31,113,,4.47,22,,,,,,7,250,Cleveland,,2026-07-26,,,107.7
scoota-harris-lb-ark-2020,2020,Scoota Harris,LB,Arkansas,,,Wide Left Consensus Big Board (Arif Hasan) — wideleft.football,6000,234,,,4.69,,33,111,7.38,4.32,18,,,,,,,,,,2026-07-26,,,
scott-frantz-ot--2020,2020,Scott Frantz,OT,,,,Wide Left Consensus Big Board (Arif Hasan) — wideleft.football,,,,,,,,,,,,,,,,,,,,,2026-07-26,,,
scott-matlock-dt-boi-2023,2023,Scott Matlock,DT,Boise State,7,250,"Jack Lichtenstein Consensus Big Board — 14 of 17 component boards, re-averaged",,,,,,,,,,,,,,,,,6,200,LA Chargers,,2026-05-04,,,
scott-meyer-st-van-2021,2021,Scott Meyer,ST,Vanderbilt,,,Wide Left Consensus Big Board (Arif Hasan) — wideleft.football,6010,237,,,,,,102,7.54,4.65,,LS,,,,,,,,,2026-07-26,,,
scott-miller-wr-bow-2019,2019,Scott Miller,WR,Bowling Green,7,433,"Jack Lichtenstein Consensus Big Board — 14 of 17 component boards, re-averaged",,,,,,,,,,,,,,,,,6,208,Tampa Bay,,2026-05-04,,,
scott-orndoff-te-pit-2017,2017,Scott Orndoff,TE,Pittsburgh,7,294,Wide Left Consensus Big Board (Arif Hasan) — wideleft.football,6047,253,10,33.25,4.84,,27,112,7.37,4.45,17,,,,,,,,,,2026-07-26,316,278,87.7
scott-pagano-dt--2018,2018,Scott Pagano,DT,,,,Wide Left Consensus Big Board (Arif Hasan) — wideleft.football,,,,,,,,,,,,,,,,,,,,,2026-07-26,,,
scott-quessenberry-iol-ucl-2018,2018,Scott Quessenberry,IOL,UCLA,5,151,Wide Left Consensus Big Board (Arif Hasan) — wideleft.football,6035,310,9.75,31.75,5.09,1.76,33.5,111,7.5,4.69,25,,,,,,5,155,LA Chargers,,2026-07-26,141,157,93.6
scottie-phillips-rb-mis-2020,2020,Scottie Phillips,RB,Mississippi,,,Wide Left Consensus Big Board (Arif Hasan) — wideleft.football,5080,209,8.5,29.375,4.56,,30,114,7.4,4.53,29,,,,,,,,,,2026-07-26,,,
scottie-young-s--2021,2021,Scottie Young,S,,,,Wide Left Consensus Big Board (Arif Hasan) — wideleft.football,,,,,,,,,,,,,,,,,,,,,2026-07-26,,,
sean-bunting-cb-cen-2019,2019,Sean Bunting,CB,Central Michigan,3,68,"Jack Lichtenstein Consensus Big Board — 14 of 17 component boards, re-averaged",6003,195,9.625,31.75,4.42,,41.5,126,,,14,,,,,,2,39,Tampa Bay,,2026-05-04,,,
sean-chandler-s-tem-2018,2018,Sean Chandler,S,Temple,,,Wide Left Consensus Big Board (Arif Hasan) — wideleft.football,5104,190,8.25,30.75,4.65,,34.5,119,,4.62,16,,,,,,,,,,2026-07-26,,,
sean-clifford-qb-pen-2023,2023,Sean Clifford,QB,Penn State,7,460,"Jack Lichtenstein Consensus Big Board — 14 of 17 component boards, re-averaged",,,,,,,,,,,,,,,,,5,149,Green Bay,,2026-05-04,,,
sean-davis-s-mar-2016,2016,Sean Davis,S,Maryland,3,80,Wide Left Consensus Big Board (Arif Hasan) — wideleft.football,6010,201,9.5,31.375,4.46,,37.5,126,6.64,3.97,21,,,,,,2,58,Pittsburgh,,2026-07-26,,,115.4
sean-harlow-iol-ore-2017,2017,Sean Harlow,IOL,Oregon State,7,233,Wide Left Consensus Big Board (Arif Hasan) — wideleft.football,6041,303,9.5,32,5.15,,30.5,105,8.16,4.81,26,,,,,,4,136,Atlanta,,2026-07-26,238,206,96.4
sean-mckeon-te-mic-2020,2020,Sean McKeon,TE,Michigan,7,300,Wide Left Consensus Big Board (Arif Hasan) — wideleft.football,6050,242,9.125,33.5,,,,,,,18,,,,,,,,,,2026-07-26,265,309,
sean-pollard-iol--2020,2020,Sean Pollard,IOL,,,,Wide Left Consensus Big Board (Arif Hasan) — wideleft.football,,,,,,,,,,,,,,,,,,,,,2026-07-26,,,
sean-rhyan-ot-ucl-2022,2022,Sean Rhyan,OT,UCLA,3,79,Wide Left Consensus Big Board (Arif Hasan) — wideleft.football,6045,321,11.125,32.375,5.25,,33.5,110,7.55,4.81,,,,,,,3,92,Green Bay,,2026-08-06,91,72,106.7
sean-tucker-rb-syr-2023,2023,Sean Tucker,RB,Syracuse,5,170,"Jack Lichtenstein Consensus Big Board — 14 of 17 component boards, re-averaged",5092,207,9.5,30,,,,,,,,,,,,,,,,,2026-05-04,,,
sean-welsh-iol-iow-2018,2018,Sean Welsh,IOL,Iowa,7,218,Wide Left Consensus Big Board (Arif Hasan) — wideleft.football,6026,306,10.25,32,5.43,1.82,25,103,7.9,4.81,20,,,,,,,,,,2026-07-26,205,209,75.2
sebastian-joseph-dt-rut-2018,2018,Sebastian Joseph,DT,Rutgers,,,Wide Left Consensus Big Board (Arif Hasan) — wideleft.football,,,,,,,,,,,,,,,,,6,195,LA Rams,,2026-07-26,,,
sebastian-tretola-iol-ark-2016,2016,Sebastian Tretola,IOL,Arkansas,4,117,Wide Left Consensus Big Board (Arif Hasan) — wideleft.football,6041,314,10.375,31,5.45,,23.5,90,7.94,5.02,22,,,,,,6,193,Tennessee,,2026-07-26,,,97.5
seth-devalve-wr-pri-2016,2016,Seth Devalve,WR,Princeton,,,Wide Left Consensus Big Board (Arif Hasan) — wideleft.football,,,,,,,,,,,,,,,,,4,138,Cleveland,,2026-07-26,,,
seth-russell-qb-bay-2017,2017,Seth Russell,QB,Baylor,,,Wide Left Consensus Big Board (Arif Hasan) — wideleft.football,6025,213,9.63,32.25,,,,,,,,,,,,,,,,,2026-07-26,,,
seth-williams-wr-aub-2021,2021,Seth Williams,WR,Auburn,4,120,Wide Left Consensus Big Board (Arif Hasan) — wideleft.football,6030,211,9.875,33.5,4.49,,37,124,7.2,4.43,12,,,,,,6,219,Denver,,2026-07-26,134,114,92.4
sevyn-banks-cb--2023,2023,Sevyn Banks,CB,,7,263,"Jack Lichtenstein Consensus Big Board — 14 of 17 component boards, re-averaged",,,,,,,,,,,,,,,,,,,,,2026-05-04,,,
sewo-olonilua-rb-tcu-2020,2020,Sewo Olonilua,RB,TCU,,,Wide Left Consensus Big Board (Arif Hasan) — wideleft.football,6025,232,10,32.125,4.66,,36,123,,4.28,25,,,,,,,,,,2026-07-26,,,
shaka-heyward-lb-duk-2023,2023,Shaka Heyward,LB,Duke,7,313,"Jack Lichtenstein Consensus Big Board — 14 of 17 component boards, re-averaged",6027,235,9.5,34,4.53,,31,116,7.32,4.4,22,,,,,,,,,,2026-05-04,,,
shaka-toney-edge-pen-2021,2021,Shaka Toney,EDGE,Penn State,5,156,Wide Left Consensus Big Board (Arif Hasan) — wideleft.football,6024,242,9.5,33,4.51,,39,128,6.95,4.28,24,,,,,,7,246,Washington,,2026-07-26,172,148,89.4
shakur-brown-cb-mic-2021,2021,Shakur Brown,CB,Michigan State,5,144,Wide Left Consensus Big Board (Arif Hasan) — wideleft.football,5090,185,,,4.61,,35.5,116,7.08,4.23,17,,,,,,,,,,2026-07-26,114,156,111.1
shalom-luani-s-was-2017,2017,Shalom Luani,S,Washington State,7,291,Wide Left Consensus Big Board (Arif Hasan) — wideleft.football,5113,202,9.75,32,4.55,,31,116,6.87,4.21,12,,,,,,7,221,Las Vegas,,2026-07-26,302,311,86.5
shane-buechele-qb--2021,2021,Shane Buechele,QB,,7,268,Wide Left Consensus Big Board (Arif Hasan) — wideleft.football,6002,210,9.375,30.25,,,,,,,,,,,,,,,,,2026-07-26,329,257,84.3
shane-lemieux-iol-ore-2020,2020,Shane Lemieux,IOL,Oregon,4,128,Wide Left Consensus Big Board (Arif Hasan) — wideleft.football,6037,310,9.5,32.25,5.11,1.83,25.5,107,8.13,4.9,,,,,,,5,150,NY Giants,,2026-07-26,124,128,
shane-tripuka-st-tex-2018,2018,Shane Tripuka,ST,Texas A&M,,,Wide Left Consensus Big Board (Arif Hasan) — wideleft.football,6025,211,9.75,31.5,,,,,,,,P,,,,,,,,,2026-07-26,,,
shaq-calhoun-iol--2019,2019,Shaq Calhoun,IOL,,7,360,"Jack Lichtenstein Consensus Big Board — 14 of 17 component boards, re-averaged",6024,310,10,33.125,,,,,,,,,,,,,,,,,2026-05-04,,,
shaq-lawson-edge-cle-2016,2016,Shaq Lawson,EDGE,Clemson,1,10,Wide Left Consensus Big Board (Arif Hasan) — wideleft.football,6025,269,10,32.75,4.7,,33,120,7.16,4.21,,,,,,,1,19,Buffalo,,2026-07-26,,,84.8
shaquem-griffin-lb-ucf-2018,2018,Shaquem Griffin,LB,UCF,3,102,Wide Left Consensus Big Board (Arif Hasan) — wideleft.football,6003,227,9,32.125,4.38,,,117,,,20,,,,,,5,141,Seattle,,2026-07-26,119,103,91.5
shaquill-griffin-cb-ucf-2017,2017,Shaquill Griffin,CB,UCF,5,144,Wide Left Consensus Big Board (Arif Hasan) — wideleft.football,6001,194,8.75,32.38,4.38,,38.5,132,6.87,4.14,17,,,,,,3,90,Seattle,,2026-07-26,113,154,117.3
shaquille-quarterman-lb-mia-2020,2020,Shaquille Quarterman,LB,Miami,6,190,Wide Left Consensus Big Board (Arif Hasan) — wideleft.football,6004,234,9.125,31.625,4.74,,31,120,,,23,,,,,,4,140,Jacksonville,,2026-07-26,195,183,
shareef-miller-edge-pen-2019,2019,Shareef Miller,EDGE,Penn State,5,159,"Jack Lichtenstein Consensus Big Board — 14 of 17 component boards, re-averaged",6044,254,10.125,33.625,4.69,1.67,29.5,,,4.45,16,,,,,,4,138,Philadelphia,,2026-05-04,,,
shaun-bradley-lb-tem-2020,2020,Shaun Bradley,LB,Temple,7,264,Wide Left Consensus Big Board (Arif Hasan) — wideleft.football,6005,235,9.5,31.75,4.51,,32.5,121,7.07,4.24,14,,,,,,6,196,Philadelphia,,2026-07-26,233,281,
shaun-dion-hamilton-lb-ala-2018,2018,Shaun Dion Hamilton,LB,Alabama,6,195,Wide Left Consensus Big Board (Arif Hasan) — wideleft.football,5116,228,10.25,31,,,,,,,20,,,,,,6,197,Washington,,2026-07-26,204,176,83.7
shaun-jolly-cb--2022,2022,Shaun Jolly,CB,,,,Wide Left Consensus Big Board (Arif Hasan) — wideleft.football,,,,,,,,,,,,,,,,,,,,,2026-08-06,,,
shaun-wade-cb-ohi-2021,2021,Shaun Wade,CB,Ohio State,4,114,Wide Left Consensus Big Board (Arif Hasan) — wideleft.football,6005,196,9.25,33.5,,,,,,,,,,,,,5,160,Baltimore,,2026-07-26,106,116,93.2
shawn-davis-s-flo-2021,2021,Shawn Davis,S,Florida,7,223,Wide Left Consensus Big Board (Arif Hasan) — wideleft.football,5105,202,9.5,31.875,,,39.5,128,,,17,,,,,,5,165,Indianapolis,,2026-07-26,183,246,91.3
shawn-oakman-edge-bay-2016,2016,Shawn Oakman,EDGE,Baylor,6,184,Wide Left Consensus Big Board (Arif Hasan) — wideleft.football,6075,287,10.625,35.75,4.96,,32,123,7.53,4.56,23,,,,,,,,,,2026-07-26,,,100.4
shea-patterson-qb-mic-2020,2020,Shea Patterson,QB,Michigan,,,Wide Left Consensus Big Board (Arif Hasan) — wideleft.football,6007,212,9.375,30.5,4.71,,31,116,7.14,4.5,,,,,,,,,,,2026-07-26,,,
sheldon-day-dt-not-2016,2016,Sheldon Day,DT,Notre Dame,3,72,Wide Left Consensus Big Board (Arif Hasan) — wideleft.football,6005,293,9.625,32.625,5.07,,30,102,7.44,4.5,21,Pass Rusher,,,,,4,103,Jacksonville,,2026-07-26,,,110.8
sheldon-rankins-dt-lou-2016,2016,Sheldon Rankins,DT,Louisville,1,13,Wide Left Consensus Big Board (Arif Hasan) — wideleft.football,6011,299,9.375,33.375,5.03,,34.5,118,7.44,4.59,28,,,,,,1,12,New Orleans,,2026-07-26,,,111.9
sheldrick-redwine-s-mia-2019,2019,Sheldrick Redwine,S,Miami,4,119,"Jack Lichtenstein Consensus Big Board — 14 of 17 component boards, re-averaged",6000,196,9.375,31.75,4.44,,39,130,,4.14,,,,,,,4,119,Cleveland,,2026-05-04,,,
shelton-gibson-wr-wes-2017,2017,Shelton Gibson,WR,West Virginia,5,147,Wide Left Consensus Big Board (Arif Hasan) — wideleft.football,5106,191,8.88,32,4.5,,32,118,6.83,4.2,8,,,,,,5,166,Philadelphia,,2026-07-26,139,148,96.8
shemar-jean-charles-cb-app-2021,2021,Shemar Jean-Charles,CB,Appalachian State,7,266,Wide Left Consensus Big Board (Arif Hasan) — wideleft.football,5103,184,8.75,30.875,4.47,,35,124,7.19,4.27,19,,,,,,5,178,Green Bay,,2026-07-26,236,275,94.5
shermari-jones-rb--2022,2022,Shermari Jones,RB,,,,Wide Left Consensus Big Board (Arif Hasan) — wideleft.football,,,,,,,,,,,,,,,,,,,,,2026-08-06,,,
shi-smith-wr-sou-2021,2021,Shi Smith,WR,South Carolina,5,147,Wide Left Consensus Big Board (Arif Hasan) — wideleft.football,5094,186,9.75,31.875,,,,,,,,,,,,,6,204,Carolina,,2026-07-26,126,152,76.9
shilique-calhoun-edge-mic-2016,2016,Shilique Calhoun,EDGE,Michigan State,2,56,Wide Left Consensus Big Board (Arif Hasan) — wideleft.football,6043,251,9.875,34.25,4.82,,35,115,6.97,4.25,23,,,,,,3,75,Las Vegas,,2026-07-26,,,78.6
shock-linwood-rb--2017,2017,Shock Linwood,RB,,,,Wide Left Consensus Big Board (Arif Hasan) — wideleft.football,,,,,,,,,,,,,,,,,,,,,2026-07-26,,,
shon-coleman-ot-aub-2016,2016,Shon Coleman,OT,Auburn,3,70,Wide Left Consensus Big Board (Arif Hasan) — wideleft.football,6054,307,10.625,35.125,5.18,,,,,,22,,,,,,3,76,Cleveland,,2026-07-26,,,109.1
shyheim-carter-s-ala-2020,2020,Shyheim Carter,S,Alabama,7,231,Wide Left Consensus Big Board (Arif Hasan) — wideleft.football,5104,194,9.5,29.625,,,,,,,,,,,,,,,,,2026-07-26,337,202,
siaki-ika-dt-bay-2023,2023,Siaki Ika,DT,Baylor,3,71,"Jack Lichtenstein Consensus Big Board — 14 of 17 component boards, re-averaged",6027,335,10.25,32.375,5.39,1.88,,,7.8,4.99,,Run Stuffer,,,,,3,98,Cleveland,,2026-05-04,,,
sidney-jones-cb-was-2017,2017,Sidney Jones,CB,Washington,2,44,Wide Left Consensus Big Board (Arif Hasan) — wideleft.football,6000,186,9.38,31.5,4.47,,33.5,123,7.02,4.28,,,,,,,2,43,Philadelphia,,2026-07-26,70,42,129.8
sidy-sow-iol-eas-2023,2023,Sidy Sow,IOL,Eastern Michigan,5,176,"Jack Lichtenstein Consensus Big Board — 14 of 17 component boards, re-averaged",6046,323,10.375,33.625,5.07,1.8,32,110,7.62,4.69,,,,,,,4,117,New England,,2026-05-04,,,
silas-stewart-lb--2019,2019,Silas Stewart,LB,,7,365,"Jack Lichtenstein Consensus Big Board — 14 of 17 component boards, re-averaged",,,,,,,,,,,,,,,,,,,,,2026-05-04,,,
silverberry-mouhon-edge--2016,2016,Silverberry Mouhon,EDGE,,,,Wide Left Consensus Big Board (Arif Hasan) — wideleft.football,,,,,,,,,,,,,,,,,,,,,2026-07-26,,,
simeon-thomas-cb-lou-2018,2018,Simeon Thomas,CB,Louisiana,,,Wide Left Consensus Big Board (Arif Hasan) — wideleft.football,,,,,,,,,,,,,,,,,6,188,Cleveland,,2026-07-26,,,
simi-fehoko-wr-sta-2021,2021,Simi Fehoko,WR,Stanford,5,145,Wide Left Consensus Big Board (Arif Hasan) — wideleft.football,6030,222,,,4.44,,34.5,120,6.78,4.26,16,,,,,,5,179,Dallas,,2026-07-26,125,166,114.8
simmie-cobbs-wr-ind-2018,2018,Simmie Cobbs,WR,Indiana,5,158,Wide Left Consensus Big Board (Arif Hasan) — wideleft.football,6031,220,9.25,32,4.64,,30,113,6.7,4.32,11,,,,,,,,,,2026-07-26,177,155,89.9
simon-stepaniak-iol-ind-2020,2020,Simon Stepaniak,IOL,Indiana,,,Wide Left Consensus Big Board (Arif Hasan) — wideleft.football,6041,313,10.375,32,,,,,,,37,,,,,,6,209,Green Bay,,2026-07-26,,,
sincere-mccormick-rb-tex-2022,2022,Sincere McCormick,RB,Texas-San Antonio,7,237,Wide Left Consensus Big Board (Arif Hasan) — wideleft.football,5084,205,9.125,29.875,4.6,,33.5,116,,,,,,,,,,,,,2026-08-06,326,221,100.3
sione-takitaki-lb-byu-2019,2019,Sione Takitaki,LB,BYU,5,176,"Jack Lichtenstein Consensus Big Board — 14 of 17 component boards, re-averaged",6011,238,9.625,32,4.63,,37,125,7.21,4.28,24,,,,,,3,80,Cleveland,,2026-05-04,,,
siran-neal-s-jac-2018,2018,Siran Neal,S,Jacksonville State,6,190,Wide Left Consensus Big Board (Arif Hasan) — wideleft.football,6000,199,9.875,31.125,4.56,,40.5,122,7,4.28,17,,,,,,5,154,Buffalo,,2026-07-26,189,193,74.6
sirvocea-dennis-lb-pit-2023,2023,SirVocea Dennis,LB,Pittsburgh,7,236,"Jack Lichtenstein Consensus Big Board — 14 of 17 component boards, re-averaged",6004,226,10.625,32.875,,,,,,,19,,,,,,5,153,Tampa Bay,,2026-05-04,,,
skai-moore-lb-sou-2018,2018,Skai Moore,LB,South Carolina,6,182,Wide Left Consensus Big Board (Arif Hasan) — wideleft.football,6022,226,9.375,32,4.73,,36,117,,,,,,,,,,,,,2026-07-26,224,197,130.2
skylar-thompson-qb-kan-2022,2022,Skylar Thompson,QB,Kansas State,7,274,Wide Left Consensus Big Board (Arif Hasan) — wideleft.football,6017,217,8.625,31,4.91,,31,112,7,4.28,,,,,,,7,247,Miami,,2026-08-06,299,271,92.4
skyler-phillips-iol-ida-2018,2018,Skyler Phillips,IOL,Idaho State,6,192,Wide Left Consensus Big Board (Arif Hasan) — wideleft.football,6026,318,9.5,33,5.1,1.76,29,104,7.95,4.69,,,,,,,,,,,2026-07-26,182,191,92.3
skyy-moore-wr-wes-2022,2022,Skyy Moore,WR,Western Michigan,2,50,Wide Left Consensus Big Board (Arif Hasan) — wideleft.football,5095,195,10.25,31,4.41,,34.5,125,7.13,4.32,,,,,,,2,54,Kansas City,,2026-08-06,54,49,105.3
slade-bolden-wr-ala-2022,2022,Slade Bolden,WR,Alabama,,,Wide Left Consensus Big Board (Arif Hasan) — wideleft.football,5105,193,9.75,29.375,4.66,,32,116,,,,,,,,,,,,,2026-08-06,,,
smoke-monday-s-aub-2022,2022,Smoke Monday,S,Auburn,6,190,Wide Left Consensus Big Board (Arif Hasan) — wideleft.football,6016,207,9.125,32.5,4.52,,,124,7,,,,,,,,,,,,2026-08-06,198,185,77.8
snoop-conner-rb-mis-2022,2022,Snoop Conner,RB,Mississippi,7,288,Wide Left Consensus Big Board (Arif Hasan) — wideleft.football,5101,222,9.25,30.25,4.59,,29.5,118,,,25,,,,,,5,154,Jacksonville,,2026-08-06,243,299,99.8
sojourn-shelton-cb-wis-2017,2017,Sojourn Shelton,CB,Wisconsin,7,300,Wide Left Consensus Big Board (Arif Hasan) — wideleft.football,5090,177,8.38,31,4.51,,35,120,6.92,4.02,10,,,,,,,,,,2026-07-26,301,326,87.6
solomon-kindley-iol-geo-2020,2020,Solomon Kindley,IOL,Georgia,5,163,Wide Left Consensus Big Board (Arif Hasan) — wideleft.football,6032,337,10,32.25,,,,,,,,,,,,,4,111,Miami,,2026-07-26,160,162,
solomon-thomas-edge-sta-2017,2017,Solomon Thomas,EDGE,Stanford,1,2,Wide Left Consensus Big Board (Arif Hasan) — wideleft.football,6025,273,9.38,33,4.69,,35,126,6.95,4.28,30,,,,,,1,3,San Francisco,,2026-07-26,2,2,76.1
sony-michel-rb-geo-2018,2018,Sony Michel,RB,Georgia,2,36,Wide Left Consensus Big Board (Arif Hasan) — wideleft.football,5105,214,9.125,31.25,4.54,,,,,4.21,22,,,,,,1,31,New England,,2026-07-26,34,35,79.2
speedy-noil-wr-tex-2017,2017,Speedy Noil,WR,Texas A&M,7,285,Wide Left Consensus Big Board (Arif Hasan) — wideleft.football,5105,199,9.25,30,,,43.5,133,,,18,,,,,,,,,,2026-07-26,317,273,84.1
spencer-anderson-iol-mar-2023,2023,Spencer Anderson,IOL,Maryland,7,377,"Jack Lichtenstein Consensus Big Board — 14 of 17 component boards, re-averaged",,,,,,,,,,,,,,,,,7,251,Pittsburgh,,2026-05-04,,,
spencer-brown-ot-nor-2021,2021,Spencer Brown,OT,Northern Iowa,3,97,Wide Left Consensus Big Board (Arif Hasan) — wideleft.football,,,,,,,,,,,,,,,,,3,93,Buffalo,,2026-07-26,67,98,187.5
spencer-burford-ot-tex-2022,2022,Spencer Burford,OT,Texas-San Antonio,5,167,Wide Left Consensus Big Board (Arif Hasan) — wideleft.football,6041,304,9.5,34.75,5.19,,27.5,105,,4.73,,,,,,,4,134,San Francisco,,2026-08-06,204,161,95.1
spencer-drango-ot-bay-2016,2016,Spencer Drango,OT,Baylor,5,142,Wide Left Consensus Big Board (Arif Hasan) — wideleft.football,6055,315,9.5,33.75,5.27,,27,100,7.88,4.66,30,,,,,,5,168,Cleveland,,2026-07-26,,,95.1
stacy-coley-wr-mia-2017,2017,Stacy Coley,WR,Miami,5,166,Wide Left Consensus Big Board (Arif Hasan) — wideleft.football,5117,195,9.75,32.25,4.45,,34,122,,,10,,,,,,7,219,Minnesota,,2026-07-26,169,169,82.4
stacy-thomas-lb--2018,2018,Stacy Thomas,LB,,,,Wide Left Consensus Big Board (Arif Hasan) — wideleft.football,,,,,,,,,,,,,,,,,,,,,2026-07-26,,,
stanford-samuels-iii-cb-flo-2020,2020,Stanford Samuels III,CB,Florida State,7,223,Wide Left Consensus Big Board (Arif Hasan) — wideleft.football,6010,187,10.125,31.75,4.65,,,,,,,,,,,,,,,,2026-07-26,208,229,
stanley-berryhill-iii-wr--2022,2022,Stanley Berryhill III,WR,,,,Wide Left Consensus Big Board (Arif Hasan) — wideleft.football,,,,,,,,,,,,,,,,,,,,,2026-08-06,,,
stanley-morgan-jr-wr-neb-2019,2019,Stanley Morgan Jr.,WR,Nebraska,5,164,"Jack Lichtenstein Consensus Big Board — 14 of 17 component boards, re-averaged",6000,202,9.875,32.375,4.53,,38.5,125,6.78,4.13,14,,,,,,,,,,2026-05-04,,,
stanley-williams-rb-ken-2017,2017,Stanley Williams,RB,Kentucky,,,Wide Left Consensus Big Board (Arif Hasan) — wideleft.football,5074,190,8.63,30,4.51,,36,121,6.86,4.18,18,,,,,,,,,,2026-07-26,,,
stantley-thomas-oliver-iii-cb-flo-2020,2020,Stantley Thomas-Oliver III,CB,Florida International,7,293,Wide Left Consensus Big Board (Arif Hasan) — wideleft.football,6003,192,9.625,31.125,4.48,,34,127,,,,,,,,,7,221,Carolina,,2026-07-26,295,282,
starling-thomas-v-cb--2023,2023,Starling Thomas V,CB,,6,210,"Jack Lichtenstein Consensus Big Board — 14 of 17 component boards, re-averaged",,,,,,,,,,,,,,,,,,,,,2026-05-04,,,
stephane-nembot-ot-col-2016,2016,Stephane Nembot,OT,Colorado,7,274,Wide Left Consensus Big Board (Arif Hasan) — wideleft.football,6066,322,10.75,34.625,5.39,,26.5,103,8.55,5.15,32,,,,,,,,,,2026-07-26,,,84.6
stephen-anderson-wr-cal-2016,2016,Stephen Anderson,WR,California,7,252,Wide Left Consensus Big Board (Arif Hasan) — wideleft.football,6021,230,9.25,32,4.59,,38,119,,,16,,,,,,,,,,2026-07-26,,,100.3
stephen-denmark-cb-val-2019,2019,Stephen Denmark,CB,Valdosta St.,7,262,"Jack Lichtenstein Consensus Big Board — 14 of 17 component boards, re-averaged",,,,,,,,,,,,,,,,,7,238,Chicago,,2026-05-04,,,
stephen-guidry-wr-mis-2020,2020,Stephen Guidry,WR,Mississippi State,,,Wide Left Consensus Big Board (Arif Hasan) — wideleft.football,6030,201,9.125,32.75,4.47,1.56,34,125,7.31,4.46,,,,,,,,,,,2026-07-26,,,
stephen-roberts-s-aub-2018,2018,Stephen Roberts,S,Auburn,7,293,Wide Left Consensus Big Board (Arif Hasan) — wideleft.football,5112,189,8.875,31.375,4.53,,34,121,,,,,,,,,,,,,2026-07-26,208,299,89.2
stephen-sullivan-te-lsu-2020,2020,Stephen Sullivan,TE,LSU,6,214,Wide Left Consensus Big Board (Arif Hasan) — wideleft.football,6047,248,10.125,35.375,4.66,1.62,36.5,123,7.51,4.62,,,,,,,7,251,Seattle,,2026-07-26,224,220,
stephen-weatherly-lb-van-2016,2016,Stephen Weatherly,LB,Vanderbilt,6,212,Wide Left Consensus Big Board (Arif Hasan) — wideleft.football,6043,267,10.25,34.5,4.61,,31,117,,,23,,,,,,7,227,Minnesota,,2026-07-26,,,116.9
sterling-bailey-edge-geo-2016,2016,Sterling Bailey,EDGE,Georgia,,,Wide Left Consensus Big Board (Arif Hasan) — wideleft.football,6040,285,10.25,33.375,5.23,,30,111,7.46,4.73,20,,,,,,,,,,2026-07-26,,,
sterling-hofrichter-st-syr-2020,2020,Sterling Hofrichter,ST,Syracuse,,,Wide Left Consensus Big Board (Arif Hasan) — wideleft.football,5095,196,8.625,29.375,,,,,,,,P,,,,,7,228,Atlanta,,2026-07-26,,,
sterling-shepard-wr-okl-2016,2016,Sterling Shepard,WR,Oklahoma,2,43,Wide Left Consensus Big Board (Arif Hasan) — wideleft.football,5102,194,9.75,30.375,4.48,,41,123,7,4.35,20,,,,,,2,40,NY Giants,,2026-07-26,,,86.2
sterling-weatherford-s--2022,2022,Sterling Weatherford,S,,7,223,Wide Left Consensus Big Board (Arif Hasan) — wideleft.football,,,,,,,,,,,,,,,,,,,,,2026-08-06,292,218,116.4
stetson-bennett-qb-geo-2023,2023,Stetson Bennett,QB,Georgia,7,268,"Jack Lichtenstein Consensus Big Board — 14 of 17 component boards, re-averaged",5113,192,10,28.875,4.67,,33.5,118,,4.2,,,,,,,4,128,LA Rams,,2026-05-04,,,
steve-avila-iol-tcu-2023,2023,Steve Avila,IOL,TCU,2,42,"Jack Lichtenstein Consensus Big Board — 14 of 17 component boards, re-averaged",6034,332,9.25,33,5.21,1.84,29.5,98,7.85,4.74,28,,,,,,2,36,LA Rams,,2026-05-04,,,
steve-ishmael-wr--2018,2018,Steve Ishmael,WR,,,,Wide Left Consensus Big Board (Arif Hasan) — wideleft.football,,,,,,,,,,,,,,,,,,,,,2026-07-26,,,
steve-longa-lb-rut-2016,2016,Steve Longa,LB,Rutgers,,,Wide Left Consensus Big Board (Arif Hasan) — wideleft.football,6005,241,9.75,32,4.78,,32,116,7.5,4.56,19,,,,,,,,,,2026-07-26,,,
steven-daniels-lb-bos-2016,2016,Steven Daniels,LB,Boston College,7,266,Wide Left Consensus Big Board (Arif Hasan) — wideleft.football,5114,243,10,32.625,4.86,,32,112,7.33,4.54,16,,,,,,7,232,Washington,,2026-07-26,,,99.4
steven-gilmore-cb--2023,2023,Steven Gilmore,CB,,7,384,"Jack Lichtenstein Consensus Big Board — 14 of 17 component boards, re-averaged",,,,,,,,,,,,,,,,,,,,,2026-05-04,,,
steven-gonzalez-iol--2020,2020,Steven Gonzalez,IOL,,,,Wide Left Consensus Big Board (Arif Hasan) — wideleft.football,,,,,,,,,,,,,,,,,,,,,2026-07-26,,,
steven-jones-jr-cb--2023,2023,Steven Jones Jr.,CB,,7,370,"Jack Lichtenstein Consensus Big Board — 14 of 17 component boards, re-averaged",,,,,,,,,,,,,,,,,,,,,2026-05-04,,,
steven-montac-s--2019,2019,Steven Montac,S,,7,330,"Jack Lichtenstein Consensus Big Board — 14 of 17 component boards, re-averaged",,,,,,,,,,,,,,,,,,,,,2026-05-04,,,
steven-montez-qb-col-2020,2020,Steven Montez,QB,Colorado,7,252,Wide Left Consensus Big Board (Arif Hasan) — wideleft.football,6040,231,9.375,32.75,4.68,,33,117,7.25,4.43,,,,,,,,,,,2026-07-26,229,260,
steven-parker-s--2018,2018,Steven Parker,S,,,,Wide Left Consensus Big Board (Arif Hasan) — wideleft.football,,,,,,,,,,,,,,,,,,,,,2026-07-26,,,
steven-richardson-dt--2018,2018,Steven Richardson,DT,,,,Wide Left Consensus Big Board (Arif Hasan) — wideleft.football,,,,,,,,,,,,,,,,,,,,,2026-07-26,,,
steven-taylor-lb--2017,2017,Steven Taylor,LB,,7,262,Wide Left Consensus Big Board (Arif Hasan) — wideleft.football,,,,,,,,,,,,,,,,,,,,,2026-07-26,415,245,95.2
steven-wirtel-st-iow-2020,2020,Steven Wirtel,ST,Iowa State,,,Wide Left Consensus Big Board (Arif Hasan) — wideleft.football,6036,235,9.375,31.125,4.76,,26,120,7.12,4.28,,LS,,,,,,,,,2026-07-26,,,
stevie-scott-iii-rb-ind-2021,2021,Stevie Scott III,RB,Indiana,,,Wide Left Consensus Big Board (Arif Hasan) — wideleft.football,6000,225,,,4.66,,31,119,7.14,4.57,18,,,,,,,,,,2026-07-26,,,
stevie-tuikolovatu-dt-usc-2017,2017,Stevie Tu'Ikolovatu,DT,USC,6,205,Wide Left Consensus Big Board (Arif Hasan) — wideleft.football,6011,331,10.25,33,5.45,,24.5,91,7.83,5,28,Run Stuffer,,,,,7,223,Tampa Bay,,2026-07-26,187,242,76.6
stone-forsythe-ot-flo-2021,2021,Stone Forsythe,OT,Florida,4,118,Wide Left Consensus Big Board (Arif Hasan) — wideleft.football,6080,307,10,34.375,5.14,,27.5,103,7.47,4.65,25,,,,,,6,208,Seattle,,2026-07-26,136,117,179.2
storm-norton-ot--2017,2017,Storm Norton,OT,,7,272,Wide Left Consensus Big Board (Arif Hasan) — wideleft.football,,,,,,,,,,,,,,,,,,,,,2026-07-26,304,260,87.7
sua-cravens-s-usc-2016,2016,Su'a Cravens,S,USC,2,49,Wide Left Consensus Big Board (Arif Hasan) — wideleft.football,6006,226,9.5,32.125,4.58,,27,114,,,16,,,,,,2,53,Washington,,2026-07-26,,,84.2
sutton-smith-lb-nor-2019,2019,Sutton Smith,LB,Northern Illinois,7,242,"Jack Lichtenstein Consensus Big Board — 14 of 17 component boards, re-averaged",6003,233,9,30.75,4.69,1.72,31.5,118,6.75,4.32,25,,,,,,6,175,Pittsburgh,,2026-05-04,,,
sydney-brown-s-ill-2023,2023,Sydney Brown,S,Illinois,3,77,"Jack Lichtenstein Consensus Big Board — 14 of 17 component boards, re-averaged",5096,211,10.25,31.5,4.47,,40.5,130,,,23,,,,,,3,66,Philadelphia,,2026-05-04,,,
syrus-tuitele-ot-fre-2021,2021,Syrus Tuitele,OT,Fresno State,,,Wide Left Consensus Big Board (Arif Hasan) — wideleft.football,6050,311,,,5.21,,26,94,8.25,4.89,36,,,,,,,,,,2026-07-26,,,
td-moultry-lb--2022,2022,T.D. Moultry,LB,,,,Wide Left Consensus Big Board (Arif Hasan) — wideleft.football,,,,,,,,,,,,,,,,,,,,,2026-08-06,,,
tj-bass-iol-ore-2023,2023,T.J. Bass,IOL,Oregon,7,257,"Jack Lichtenstein Consensus Big Board — 14 of 17 component boards, re-averaged",6043,317,9.25,32.375,5.48,1.86,28.5,109,,,,,,,,,,,,,2026-05-04,,,
tj-brunson-lb-sou-2020,2020,T.J. Brunson,LB,South Carolina,,,Wide Left Consensus Big Board (Arif Hasan) — wideleft.football,,,,,,,,,,,,,,,,,7,238,NY Giants,,2026-07-26,,,
tj-edwards-lb-wis-2019,2019,T.J. Edwards,LB,Wisconsin,6,186,"Jack Lichtenstein Consensus Big Board — 14 of 17 component boards, re-averaged",6003,230,9.375,31.25,,,,,,,16,,,,,,,,,,2026-05-04,,,
tj-green-s-cle-2016,2016,T.J. Green,S,Clemson,3,100,Wide Left Consensus Big Board (Arif Hasan) — wideleft.football,6024,209,9.625,32,4.34,,35.5,129,,,13,,,,,,2,57,Indianapolis,,2026-07-26,,,136.2
tj-hockenson-te-iow-2019,2019,T.J. Hockenson,TE,Iowa,1,7,"Jack Lichtenstein Consensus Big Board — 14 of 17 component boards, re-averaged",6046,251,9.5,32.25,4.7,,37.5,123,7.02,4.18,17,,,,,,1,8,Detroit,,2026-05-04,,,
tj-logan-rb-nor-2017,2017,T.J. Logan,RB,North Carolina,5,174,Wide Left Consensus Big Board (Arif Hasan) — wideleft.football,5094,196,9,32,4.37,,33.5,121,,,17,,,,,,5,179,Arizona,,2026-07-26,164,194,87.3
tj-luther-wr--2023,2023,T.J. Luther,WR,,7,301,"Jack Lichtenstein Consensus Big Board — 14 of 17 component boards, re-averaged",,,,,,,,,,,,,,,,,,,,,2026-05-04,,,
tj-mccoy-iol--2020,2020,T.J. McCoy,IOL,,,,Wide Left Consensus Big Board (Arif Hasan) — wideleft.football,,,,,,,,,,,,,,,,,,,,,2026-07-26,,,
tj-pledger-rb--2022,2022,T.J. Pledger,RB,,,,Wide Left Consensus Big Board (Arif Hasan) — wideleft.football,,,,,,,,,,,,,,,,,,,,,2026-08-06,,,
tj-vasher-wr--2021,2021,T.J. Vasher,WR,,,,Wide Left Consensus Big Board (Arif Hasan) — wideleft.football,,,,,,,,,,,,,,,,,,,,,2026-07-26,,,
tj-watt-lb-wis-2017,2017,T.J. Watt,LB,Wisconsin,2,38,Wide Left Consensus Big Board (Arif Hasan) — wideleft.football,6044,252,11,33.13,4.69,,37,128,6.79,4.13,21,,,,,,1,30,Pittsburgh,,2026-07-26,38,33,96.9
taco-charlton-edge-mic-2017,2017,Taco Charlton,EDGE,Michigan,1,28,Wide Left Consensus Big Board (Arif Hasan) — wideleft.football,6055,277,9.75,34.25,4.92,,33,116,7.17,4.39,25,,,,,,1,28,Dallas,,2026-07-26,28,27,106.6
tae-crowder-lb-geo-2020,2020,Tae Crowder,LB,Georgia,,,Wide Left Consensus Big Board (Arif Hasan) — wideleft.football,,,,,,,,,,,,,,,,,7,255,NY Giants,,2026-07-26,,,
tajae-sharpe-wr-mas-2016,2016,Tajae Sharpe,WR,Massachusetts,5,162,Wide Left Consensus Big Board (Arif Hasan) — wideleft.football,6020,194,8.375,32.25,4.55,,33.5,114,,,11,,,,,,5,140,Tennessee,,2026-07-26,,,82.2
takkarist-mckinley-edge-ucl-2017,2017,Takkarist McKinley,EDGE,UCLA,1,26,Wide Left Consensus Big Board (Arif Hasan) — wideleft.football,6020,250,,,4.59,,33,122,7.48,4.62,24,,,,,,1,26,Atlanta,,2026-07-26,24,28,116.3
talanoa-hufanga-s-usc-2021,2021,Talanoa Hufanga,S,USC,4,122,Wide Left Consensus Big Board (Arif Hasan) — wideleft.football,6003,199,9.875,32,4.65,,,,,,,,,,,,5,180,San Francisco,,2026-07-26,132,122,86.4
tamorrion-terry-wr-flo-2021,2021,Tamorrion Terry,WR,Florida State,5,161,Wide Left Consensus Big Board (Arif Hasan) — wideleft.football,6020,207,,,4.44,,32.5,126,7,4.53,15,,,,,,,,,,2026-07-26,148,162,84.1
tank-bigsby-rb-aub-2023,2023,Tank Bigsby,RB,Auburn,3,87,"Jack Lichtenstein Consensus Big Board — 14 of 17 component boards, re-averaged",5115,210,9.5,32,4.56,,32.5,119,,,,,,,,,3,88,Jacksonville,,2026-05-04,,,
tanner-carew-st-ore-2018,2018,Tanner Carew,ST,Oregon,,,Wide Left Consensus Big Board (Arif Hasan) — wideleft.football,6012,243,9.625,31.5,5,,30,111,7.26,4.28,18,LS,,,,,,,,,2026-07-26,,,
tanner-gentry-wr--2017,2017,Tanner Gentry,WR,,,,Wide Left Consensus Big Board (Arif Hasan) — wideleft.football,,,,,,,,,,,,,,,,,,,,,2026-07-26,,,
tanner-lee-qb-neb-2018,2018,Tanner Lee,QB,Nebraska,7,272,Wide Left Consensus Big Board (Arif Hasan) — wideleft.football,6042,218,10,32.5,4.98,,32,115,7,4.41,,,,,,,6,203,Jacksonville,,2026-07-26,323,276,86.5
tanner-mccalister-s--2023,2023,Tanner McCalister,S,,6,202,"Jack Lichtenstein Consensus Big Board — 14 of 17 component boards, re-averaged",,,,,,,,,,,,,,,,,,,,,2026-05-04,,,
tanner-mcevoy-s--2016,2016,Tanner McEvoy,S,,,,Wide Left Consensus Big Board (Arif Hasan) — wideleft.football,,,,,,,,,,,,,,,,,,,,,2026-07-26,,,
tanner-mckee-qb-sta-2023,2023,Tanner McKee,QB,Stanford,5,148,"Jack Lichtenstein Consensus Big Board — 14 of 17 component boards, re-averaged",6062,231,9.375,32.875,,,33,114,7.22,4.41,,,,,,,6,188,Philadelphia,,2026-05-04,,,
tanner-muse-s-cle-2020,2020,Tanner Muse,S,Clemson,6,192,Wide Left Consensus Big Board (Arif Hasan) — wideleft.football,6020,227,9,31.5,4.41,1.51,34.5,124,,,20,,,,,,3,100,Las Vegas,,2026-07-26,168,190,
tanner-vallejo-lb-boi-2017,2017,Tanner Vallejo,LB,Boise State,7,257,Wide Left Consensus Big Board (Arif Hasan) — wideleft.football,6012,228,9.63,30.5,4.67,,33.5,121,,4.39,,,,,,,6,195,Buffalo,,2026-07-26,250,268,111.5
tanoh-kpassagnon-edge-vil-2017,2017,Tanoh Kpassagnon,EDGE,Villanova,4,111,Wide Left Consensus Big Board (Arif Hasan) — wideleft.football,6066,289,10.63,35.63,4.83,,30,128,7.46,4.62,23,,,,,,2,59,Kansas City,,2026-07-26,111,110,87.5
tanzel-smart-dt-tul-2017,2017,Tanzel Smart,DT,Tulane,5,165,Wide Left Consensus Big Board (Arif Hasan) — wideleft.football,6005,296,9.63,32.88,5.24,,27,105,7.53,4.57,22,,,,,,6,189,LA Rams,,2026-07-26,179,155,78.2
taquan-mizzell-rb--2017,2017,Taquan Mizzell,RB,,,,Wide Left Consensus Big Board (Arif Hasan) — wideleft.football,,,,,,,,,,,,,,,,,,,,,2026-07-26,,,
taquon-graham-dt-tex-2021,2021,Ta'Quon Graham,DT,Texas,7,239,Wide Left Consensus Big Board (Arif Hasan) — wideleft.football,6030,292,,,4.89,,32.5,113,7.31,4.68,32,Pass Rusher,,,,,5,148,Atlanta,,2026-07-26,232,238,83.9
tarean-folston-rb--2017,2017,Tarean Folston,RB,,,,Wide Left Consensus Big Board (Arif Hasan) — wideleft.football,,,,,,,,,,,,,,,,,,,,,2026-07-26,,,
tarell-basham-edge-ohi-2017,2017,Tarell Basham,EDGE,Ohio,3,74,Wide Left Consensus Big Board (Arif Hasan) — wideleft.football,6036,269,10.25,34.25,4.7,,31.5,119,7.27,4.35,15,,,,,,3,80,Indianapolis,,2026-07-26,74,72,97
tarik-cohen-rb-nor-2017,2017,Tarik Cohen,RB,North Carolina A&T,7,244,Wide Left Consensus Big Board (Arif Hasan) — wideleft.football,5064,179,10.13,29.75,4.42,,31.5,118,,,11,,,,,,4,119,Chicago,,2026-07-26,200,261,84.6
tariq-carpenter-lb-geo-2022,2022,Tariq Carpenter,LB,Georgia Tech,,,Wide Left Consensus Big Board (Arif Hasan) — wideleft.football,,,,,,,,,,,,,,,,,7,228,Green Bay,,2026-08-06,,,
tariq-castro-fields-cb-pen-2022,2022,Tariq Castro-Fields,CB,Penn State,5,144,Wide Left Consensus Big Board (Arif Hasan) — wideleft.football,6005,197,8.75,30.75,4.38,,,,,,,,,,,,6,221,San Francisco,,2026-08-06,133,147,102.4
tariq-thompson-s--2021,2021,Tariq Thompson,S,,7,274,Wide Left Consensus Big Board (Arif Hasan) — wideleft.football,5106,204,8.625,30.5,,,,,,,,,,,,,,,,,2026-07-26,347,254,82.6
tariq-woolen-cb-tex-2022,2022,Tariq Woolen,CB,Texas-San Antonio,2,64,Wide Left Consensus Big Board (Arif Hasan) — wideleft.football,6041,205,9.125,33.625,4.26,,42,,,,,,,,,,5,153,Seattle,,2026-08-06,68,65,127.6
taron-johnson-cb-web-2018,2018,Taron Johnson,CB,Weber State,7,236,Wide Left Consensus Big Board (Arif Hasan) — wideleft.football,5111,180,9.125,30.875,4.5,,33,118,7.03,4.28,17,,,,,,4,121,Buffalo,,2026-07-26,194,240,74.8
tarron-jackson-edge-coa-2021,2021,Tarron Jackson,EDGE,Coastal Carolina,7,228,Wide Left Consensus Big Board (Arif Hasan) — wideleft.football,6021,254,10.125,33.25,4.68,,29,118,7.45,4.51,25,,,,,,6,191,Philadelphia,,2026-07-26,208,216,74.1
tarvarius-moore-s-sou-2018,2018,Tarvarius Moore,S,Southern Miss,5,154,Wide Left Consensus Big Board (Arif Hasan) — wideleft.football,,,,,,,,,,,,,,,,,3,95,San Francisco,,2026-07-26,178,160,203.2
tarvarus-mcfadden-cb-flo-2018,2018,Tarvarus McFadden,CB,Florida State,4,130,Wide Left Consensus Big Board (Arif Hasan) — wideleft.football,6022,198,10.375,32.5,4.67,,38.5,121,,,,,,,,,,,,,2026-07-26,146,125,95.4
tashawn-bower-edge-lsu-2017,2017,Tashawn Bower,EDGE,LSU,7,271,Wide Left Consensus Big Board (Arif Hasan) — wideleft.football,6046,250,9.88,33.38,4.82,,31.5,121,7.2,4.37,20,,,,,,,,,,2026-07-26,303,277,86.5
tashawn-manning-iol-ken-2023,2023,Tashawn Manning,IOL,Kentucky,7,385,"Jack Lichtenstein Consensus Big Board — 14 of 17 component boards, re-averaged",6031,327,9.75,34.5,5.34,1.85,27.5,102,7.9,4.8,,,,,,,,,,,2026-05-04,,,
tau-lotulelei-lb--2017,2017,Tau Lotulelei,LB,,,,Wide Left Consensus Big Board (Arif Hasan) — wideleft.football,,,,,,,,,,,,,,,,,,,,,2026-07-26,,,
taven-bryan-dt-flo-2018,2018,Taven Bryan,DT,Florida,1,28,Wide Left Consensus Big Board (Arif Hasan) — wideleft.football,6040,291,9.75,32.75,4.98,1.68,35,119,7.12,4.48,30,Pass Rusher,,,,,1,29,Jacksonville,,2026-07-26,19,27,89.9
taveze-calhoun-cb-mis-2016,2016,Taveze Calhoun,CB,Mississippi State,7,267,Wide Left Consensus Big Board (Arif Hasan) — wideleft.football,6003,192,9,31.875,4.58,,33.5,,,,14,,,,,,,,,,2026-07-26,,,83.1
tavien-feaster-rb--2020,2020,Tavien Feaster,RB,,,,Wide Left Consensus Big Board (Arif Hasan) — wideleft.football,,,,,,,,,,,,,,,,,,,,,2026-07-26,,,
tavion-thomas-rb-uta-2023,2023,Tavion Thomas,RB,Utah,7,393,"Jack Lichtenstein Consensus Big Board — 14 of 17 component boards, re-averaged",6003,237,9.25,31.125,4.74,,30,118,,,,,,,,,,,,,2026-05-04,,,
tavius-robinson-edge-mis-2023,2023,Tavius Robinson,EDGE,Mississippi,6,208,"Jack Lichtenstein Consensus Big Board — 14 of 17 component boards, re-averaged",6061,257,9.625,33.75,4.66,1.63,33.5,120,,4.62,23,,,,,,4,124,Baltimore,,2026-05-04,,,
tavon-young-cb-tem-2016,2016,Tavon Young,CB,Temple,5,154,Wide Left Consensus Big Board (Arif Hasan) — wideleft.football,5091,183,9.125,30.625,4.46,,34.5,118,6.8,3.93,9,,,,,,4,104,Baltimore,,2026-07-26,,,87.2
tay-gowan-cb-ucf-2021,2021,Tay Gowan,CB,UCF,6,213,Wide Left Consensus Big Board (Arif Hasan) — wideleft.football,6007,186,8.5,31.125,4.44,,35.5,118,6.88,4.25,13,,,,,,6,223,Arizona,,2026-07-26,235,198,105.9
tayland-humphrey-dt--2022,2022,Tayland Humphrey,DT,,,,Wide Left Consensus Big Board (Arif Hasan) — wideleft.football,,,,,,,,,,,,,,,,,,,,,2026-08-06,,,
tayler-hawkins-cb--2022,2022,Tayler Hawkins,CB,,,,Wide Left Consensus Big Board (Arif Hasan) — wideleft.football,,,,,,,,,,,,,,,,,,,,,2026-08-06,,,
taylor-decker-ot-ohi-2016,2016,Taylor Decker,OT,Ohio State,1,20,Wide Left Consensus Big Board (Arif Hasan) — wideleft.football,6070,310,10,33.75,5.23,,29,101,7.7,4.76,20,,,,,,1,16,Detroit,,2026-07-26,,,87.7
taylor-gadbois-ot--2017,2017,Taylor Gadbois,OT,,,,Wide Left Consensus Big Board (Arif Hasan) — wideleft.football,,,,,,,,,,,,,,,,,,,,,2026-07-26,,,
taylor-hearn-iol-cle-2018,2018,Taylor Hearn,IOL,Clemson,7,222,Wide Left Consensus Big Board (Arif Hasan) — wideleft.football,6044,320,8.75,32.5,5.45,1.89,24,96,7.84,4.8,18,,,,,,,,,,2026-07-26,272,221,95.8
taylor-mcnamara-te--2017,2017,Taylor McNamara,TE,,,,Wide Left Consensus Big Board (Arif Hasan) — wideleft.football,,,,,,,,,,,,,,,,,,,,,2026-07-26,,,
taylor-moton-ot-wes-2017,2017,Taylor Moton,OT,Western Michigan,3,65,Wide Left Consensus Big Board (Arif Hasan) — wideleft.football,6050,319,,,5.18,,30.5,109,7.73,4.58,23,,,,,,2,64,Carolina,,2026-07-26,63,63,97.8
taylor-rapp-s-was-2019,2019,Taylor Rapp,S,Washington,2,36,"Jack Lichtenstein Consensus Big Board — 14 of 17 component boards, re-averaged",5116,208,9,30.75,,,35,115,6.82,3.99,17,,,,,,2,61,LA Rams,,2026-05-04,,,
taylor-stallworth-dt-sou-2018,2018,Taylor Stallworth,DT,South Carolina,,,Wide Left Consensus Big Board (Arif Hasan) — wideleft.football,6020,312,10.25,32.5,5.28,1.83,23.5,101,7.95,4.75,18,,,,,,,,,,2026-07-26,,,
taywan-taylor-wr-wes-2017,2017,Taywan Taylor,WR,Western Kentucky,3,94,Wide Left Consensus Big Board (Arif Hasan) — wideleft.football,5110,203,9.25,32.63,4.5,,33.5,132,6.57,4.21,13,,,,,,3,72,Tennessee,,2026-07-26,102,81,99.4
teagan-quitoriano-te-ore-2022,2022,Teagan Quitoriano,TE,Oregon State,,,Wide Left Consensus Big Board (Arif Hasan) — wideleft.football,6054,258,9.375,33.75,,,,,,,22,,,,,,5,170,Houston,,2026-08-06,,,
teair-tart-dt--2020,2020,Teair Tart,DT,,,,Wide Left Consensus Big Board (Arif Hasan) — wideleft.football,,,,,,,,,,,,,,,,,,,,,2026-07-26,,,
ted-karras-iol-ill-2016,2016,Ted Karras,IOL,Illinois,,,Wide Left Consensus Big Board (Arif Hasan) — wideleft.football,,,,,,,,,,,,,,,,,6,221,New England,,2026-07-26,,,
tedarrell-slaton-dt-flo-2021,2021,Tedarrell Slaton,DT,Florida,7,217,Wide Left Consensus Big Board (Arif Hasan) — wideleft.football,6040,330,9.125,32.625,5.09,,29,109,7.91,4.81,27,Run Stuffer,,,,,5,173,Green Bay,,2026-07-26,259,203,78.3
teddy-ruben-wr--2016,2016,Teddy Ruben,WR,,,,Wide Left Consensus Big Board (Arif Hasan) — wideleft.football,,,,,,,,,,,,,,,,,,,,,2026-07-26,,,
tedric-thompson-s-col-2017,2017,Tedric Thompson,S,Colorado,5,142,Wide Left Consensus Big Board (Arif Hasan) — wideleft.football,6000,204,9.63,31.5,4.6,,32.5,117,7.11,4.36,17,,,,,,4,111,Seattle,,2026-07-26,144,139,102.2
tee-higgins-wr-cle-2020,2020,Tee Higgins,WR,Clemson,2,37,Wide Left Consensus Big Board (Arif Hasan) — wideleft.football,6035,216,9.25,34.125,,,,,,,,,,,,,2,33,Cincinnati,,2026-07-26,35,35,
teez-tabor-cb-flo-2017,2017,Teez Tabor,CB,Florida,2,62,Wide Left Consensus Big Board (Arif Hasan) — wideleft.football,6004,199,8.63,32,4.62,,31,120,,,9,,,,,,2,53,Detroit,,2026-07-26,68,58,107.5
tegray-scales-lb-ind-2018,2018,Tegray Scales,LB,Indiana,5,174,Wide Left Consensus Big Board (Arif Hasan) — wideleft.football,6003,230,8.625,30.75,4.77,,,,,,27,,,,,,,,,,2026-07-26,159,181,82.5
temarrick-hemingway-te-sou-2016,2016,Temarrick Hemingway,TE,South Carolina State,7,237,Wide Left Consensus Big Board (Arif Hasan) — wideleft.football,6047,244,10,34,4.71,,30.5,115,6.88,4.31,18,,,,,,6,177,LA Rams,,2026-07-26,,,100.3
teo-redding-wr--2018,2018,Teo Redding,WR,,,,Wide Left Consensus Big Board (Arif Hasan) — wideleft.football,,,,,,,,,,,,,,,,,,,,,2026-07-26,,,
terell-smith-cb-min-2023,2023,Terell Smith,CB,Minnesota,4,132,"Jack Lichtenstein Consensus Big Board — 14 of 17 component boards, re-averaged",6004,204,9,32.875,4.41,,34,120,7.02,4.3,14,,,,,,5,165,Chicago,,2026-05-04,,,
terence-steele-ot-tex-2020,2020,Terence Steele,OT,Texas Tech,7,220,Wide Left Consensus Big Board (Arif Hasan) — wideleft.football,6057,312,9.5,35.125,5.03,1.74,27.5,106,,5.08,27,,,,,,,,,,2026-07-26,204,235,
terez-hall-lb-mis-2019,2019,Terez Hall,LB,Missouri,7,317,"Jack Lichtenstein Consensus Big Board — 14 of 17 component boards, re-averaged",6011,230,10.375,33.5,,,,,,,20,,,,,,,,,,2026-05-04,,,
terrace-marshall-jr-wr-lsu-2021,2021,Terrace Marshall Jr.,WR,LSU,2,35,Wide Left Consensus Big Board (Arif Hasan) — wideleft.football,6024,205,9.5,32.75,4.4,,39,125,,,19,,,,,,2,59,Carolina,,2026-07-26,37,36,90.5
terrance-smith-lb-flo-2016,2016,Terrance Smith,LB,Florida State,6,209,Wide Left Consensus Big Board (Arif Hasan) — wideleft.football,6027,235,9.875,32.75,4.77,,34.5,120,,,19,,,,,,,,,,2026-07-26,,,84.8
terrel-bernard-lb-bay-2022,2022,Terrel Bernard,LB,Baylor,5,159,Wide Left Consensus Big Board (Arif Hasan) — wideleft.football,6007,224,9.625,30.25,,,35.5,123,7.03,4.25,22,,,,,,3,89,Buffalo,,2026-08-06,152,160,89.2
terrell-burgess-s-uta-2020,2020,Terrell Burgess,S,Utah,3,87,Wide Left Consensus Big Board (Arif Hasan) — wideleft.football,5113,202,9.25,29.5,4.46,1.53,33.5,122,,,20,,,,,,3,104,LA Rams,,2026-07-26,96,83,
terrell-chestnut-cb--2016,2016,Terrell Chestnut,CB,,,,Wide Left Consensus Big Board (Arif Hasan) — wideleft.football,,,,,,,,,,,,,,,,,,,,,2026-07-26,,,
terrell-edmunds-s-vir-2018,2018,Terrell Edmunds,S,Virginia Tech,4,105,Wide Left Consensus Big Board (Arif Hasan) — wideleft.football,6004,220,10.5,32.75,4.47,,41.5,134,,,,,,,,,1,28,Pittsburgh,,2026-07-26,91,100,106.6
terrell-lathan-dt--2016,2016,Terrell Lathan,DT,,,,Wide Left Consensus Big Board (Arif Hasan) — wideleft.football,,,,,,,,,,,,,,,,,,,,,2026-07-26,,,
terrell-lewis-lb-ala-2020,2020,Terrell Lewis,LB,Alabama,2,60,Wide Left Consensus Big Board (Arif Hasan) — wideleft.football,6052,262,9.875,33.875,,,37,124,,,,,,,,,3,84,LA Rams,,2026-07-26,55,57,
terrill-hanks-lb-new-2019,2019,Terrill Hanks,LB,New Mexico State,4,140,"Jack Lichtenstein Consensus Big Board — 14 of 17 component boards, re-averaged",6020,242,9.75,33.5,4.98,,35.5,118,,,21,,,,,,,,,,2026-05-04,,,
terronne-prescod-iol--2019,2019,Terronne Prescod,IOL,,7,283,"Jack Lichtenstein Consensus Big Board — 14 of 17 component boards, re-averaged",,,,,,,,,,,,,,,,,,,,,2026-05-04,,,
terry-beckner-dt-mis-2019,2019,Terry Beckner,DT,Missouri,7,380,"Jack Lichtenstein Consensus Big Board — 14 of 17 component boards, re-averaged",,,,,5.19,1.86,,98,7.97,4.82,28,,,,,,7,215,Tampa Bay,,2026-05-04,,,
terry-godwin-wr-geo-2019,2019,Terry Godwin,WR,Georgia,7,337,"Jack Lichtenstein Consensus Big Board — 14 of 17 component boards, re-averaged",5113,184,9.375,30,4.55,,36.5,117,6.96,,,,,,,,7,237,Carolina,,2026-05-04,,,
terry-mclaurin-wr-ohi-2019,2019,Terry McLaurin,WR,Ohio State,3,81,"Jack Lichtenstein Consensus Big Board — 14 of 17 component boards, re-averaged",6001,208,9.125,31.5,4.35,,37.5,125,7.01,4.15,18,,,,,,3,76,Washington,,2026-05-04,,,
teton-saltes-iol-new-2021,2021,Teton Saltes,IOL,New Mexico,,,Wide Left Consensus Big Board (Arif Hasan) — wideleft.football,6040,300,,,5.04,,30.5,105,7.76,4.64,22,,,,,,,,,,2026-07-26,,,
tevaun-smith-wr--2016,2016,Tevaun Smith,WR,,,,Wide Left Consensus Big Board (Arif Hasan) — wideleft.football,,,,,,,,,,,,,,,,,,,,,2026-07-26,,,
teven-jenkins-ot-okl-2021,2021,Teven Jenkins,OT,Oklahoma State,1,21,Wide Left Consensus Big Board (Arif Hasan) — wideleft.football,6057,317,9.5,33.5,5.01,,32.5,106,7.72,4.66,36,,,,,,2,39,Chicago,,2026-07-26,30,21,95.6
tevin-carter-s-uta-2016,2016,Tevin Carter,S,Utah,,,Wide Left Consensus Big Board (Arif Hasan) — wideleft.football,6012,218,9.25,32,4.48,,,,,,19,,,,,,,,,,2026-07-26,,,
tevon-coney-lb-not-2019,2019,Te'Von Coney,LB,Notre Dame,4,117,"Jack Lichtenstein Consensus Big Board — 14 of 17 component boards, re-averaged",6007,234,9.5,32.875,,,,,,,,,,,,,,,,,2026-05-04,,,
thaddeus-moss-te-lsu-2020,2020,Thaddeus Moss,TE,LSU,4,139,Wide Left Consensus Big Board (Arif Hasan) — wideleft.football,6017,250,9.875,31.875,,,,,,,,,,,,,,,,,2026-07-26,176,138,
thakarius-keyes-cb-tul-2020,2020,Thakarius Keyes,CB,Tulane,,,Wide Left Consensus Big Board (Arif Hasan) — wideleft.football,,,,,,,,,,,,,,,,,7,237,Kansas City,,2026-07-26,,,
thayer-munford-iol-ohi-2022,2022,Thayer Munford,IOL,Ohio State,5,150,Wide Left Consensus Big Board (Arif Hasan) — wideleft.football,6056,328,10.125,35.125,5.39,,22,104,,,,,,,,,7,238,Las Vegas,,2026-08-06,154,149,91.4
theo-benedet-ot--2023,2023,Theo Benedet,OT,,7,338,"Jack Lichtenstein Consensus Big Board — 14 of 17 component boards, re-averaged",,,,,,,,,,,,,,,,,,,,,2026-05-04,,,
theo-jackson-cb-ten-2022,2022,Theo Jackson,CB,Tennessee,,,Wide Left Consensus Big Board (Arif Hasan) — wideleft.football,,,,,,,,,,,,,,,,,6,204,Tennessee,,2026-08-06,,,
thomas-booker-dt-sta-2022,2022,Thomas Booker,DT,Stanford,5,177,Wide Left Consensus Big Board (Arif Hasan) — wideleft.football,6033,301,10.625,33.25,4.94,1.69,,110,7.33,4.41,,,,,,,5,150,Houston,,2026-08-06,192,173,100.7
thomas-duarte-wr-ucl-2016,2016,Thomas Duarte,WR,UCLA,5,176,Wide Left Consensus Big Board (Arif Hasan) — wideleft.football,6021,231,10,33,4.72,,33.5,118,6.97,4.24,12,,,,,,7,231,Miami,,2026-07-26,,,119.5
thomas-fletcher-st-ala-2021,2021,Thomas Fletcher,ST,Alabama,,,Wide Left Consensus Big Board (Arif Hasan) — wideleft.football,6006,236,9.625,31.5,,,,,,,,LS,,,,,6,222,Carolina,,2026-07-26,,,
thomas-graham-jr-cb-ore-2021,2021,Thomas Graham Jr.,CB,Oregon,4,137,Wide Left Consensus Big Board (Arif Hasan) — wideleft.football,5103,192,8.875,31,4.49,,34.5,121,7.08,4.21,13,,,,,,6,228,Chicago,,2026-07-26,173,136,96.5
thomas-greaney-te--2023,2023,Thomas Greaney,TE,,7,261,"Jack Lichtenstein Consensus Big Board — 14 of 17 component boards, re-averaged",,,,,,,,,,,,,,,,,,,,,2026-05-04,,,
thomas-incoom-edge-cen-2023,2023,Thomas Incoom,EDGE,Central Michigan,7,229,"Jack Lichtenstein Consensus Big Board — 14 of 17 component boards, re-averaged",6020,262,8.75,33.25,4.66,1.65,30.5,118,,,23,,,,,,,,,,2026-05-04,,,
thomas-rush-edge--2023,2023,Thomas Rush,EDGE,,7,386,"Jack Lichtenstein Consensus Big Board — 14 of 17 component boards, re-averaged",,,,,,,,,,,,,,,,,,,,,2026-05-04,,,
tiawan-mullen-cb--2023,2023,Tiawan Mullen,CB,,7,270,"Jack Lichtenstein Consensus Big Board — 14 of 17 component boards, re-averaged",,,,,,,,,,,,,,,,,,,,,2026-05-04,,,
tim-harris-cb-vir-2019,2019,Tim Harris,CB,Virginia,7,251,"Jack Lichtenstein Consensus Big Board — 14 of 17 component boards, re-averaged",,,,,,,,,,,,,,,,,6,198,San Francisco,,2026-05-04,,,
tim-jones-wr--2021,2021,Tim Jones,WR,,,,Wide Left Consensus Big Board (Arif Hasan) — wideleft.football,6006,203,9.5,31.375,,,,,,,,,,,,,,,,,2026-07-26,,,
tim-patrick-wr--2017,2017,Tim Patrick,WR,,,,Wide Left Consensus Big Board (Arif Hasan) — wideleft.football,,,,,,,,,,,,,,,,,,,,,2026-07-26,,,
tim-settle-dt-vir-2018,2018,Tim Settle,DT,Virginia Tech,3,86,Wide Left Consensus Big Board (Arif Hasan) — wideleft.football,6026,329,9.125,33,5.37,1.9,23.5,96,7.95,4.83,,Run Stuffer,,,,,5,163,Washington,,2026-07-26,78,86,109.4
tim-white-wr--2017,2017,Tim White,WR,,,,Wide Left Consensus Big Board (Arif Hasan) — wideleft.football,,,,,,,,,,,,,,,,,,,,,2026-07-26,,,
tim-williams-lb-ala-2017,2017,Tim Williams,LB,Alabama,2,45,Wide Left Consensus Big Board (Arif Hasan) — wideleft.football,6027,244,9.25,32.75,4.68,,33.5,124,7.36,4.57,,,,,,,3,78,Baltimore,,2026-07-26,45,48,130.1
timon-parris-iol-sto-2018,2018,Timon Parris,IOL,Stony Brook,6,200,Wide Left Consensus Big Board (Arif Hasan) — wideleft.football,6055,312,9.375,33.875,,,,,,,27,,,,,,,,,,2026-07-26,247,201,100.2
tion-green-rb--2017,2017,Tion Green,RB,,,,Wide Left Consensus Big Board (Arif Hasan) — wideleft.football,,,,,,,,,,,,,,,,,,,,,2026-07-26,,,
tipa-galeai-edge-uta-2020,2020,Tipa Galeai,EDGE,Utah State,7,265,Wide Left Consensus Big Board (Arif Hasan) — wideleft.football,6045,235,9.5,33.625,,,,,,,,,,,,,,,,,2026-07-26,303,256,
titus-leo-lb-wag-2023,2023,Titus Leo,LB,Wagner,7,427,"Jack Lichtenstein Consensus Big Board — 14 of 17 component boards, re-averaged",,,,,,,,,,,,,,,,,6,211,Indianapolis,,2026-05-04,,,
tiyon-evans-rb-lou-2023,2023,Tiyon Evans,RB,Louisville,7,350,"Jack Lichtenstein Consensus Big Board — 14 of 17 component boards, re-averaged",5094,225,8.5,30.375,4.52,,30.5,,,,,,,,,,,,,,2026-05-04,,,
toby-weathersby-ot-lsu-2018,2018,Toby Weathersby,OT,LSU,6,201,Wide Left Consensus Big Board (Arif Hasan) — wideleft.football,6043,317,10.25,33.25,5.34,1.84,24.5,106,8.55,5.38,28,,,,,,,,,,2026-07-26,191,214,91.1
todd-centeio-qb--2023,2023,Todd Centeio,QB,,7,445,"Jack Lichtenstein Consensus Big Board — 14 of 17 component boards, re-averaged",,,,,,,,,,,,,,,,,,,,,2026-05-04,,,
tom-hackett-st-uta-2016,2016,Tom Hackett,ST,Utah,7,264,Wide Left Consensus Big Board (Arif Hasan) — wideleft.football,5104,198,9.25,29.75,4.86,,,,,,,P,,,,,,,,,2026-07-26,,,129.9
tomasi-laulile-dt--2018,2018,Tomasi Laulile,DT,,,,Wide Left Consensus Big Board (Arif Hasan) — wideleft.football,,,,,,,,,,,,,,,,,,,,,2026-07-26,,,
tommy-devito-qb--2023,2023,Tommy DeVito,QB,,7,341,"Jack Lichtenstein Consensus Big Board — 14 of 17 component boards, re-averaged",,,,,,,,,,,,,,,,,,,,,2026-05-04,,,
tommy-doyle-ot-mia-2021,2021,Tommy Doyle,OT,Miami (OH),6,179,Wide Left Consensus Big Board (Arif Hasan) — wideleft.football,6080,320,10.375,35.125,,,,,,,,,,,,,5,161,Buffalo,,2026-07-26,144,205,80.1
tommy-kraemer-iol-not-2021,2021,Tommy Kraemer,IOL,Notre Dame,7,218,Wide Left Consensus Big Board (Arif Hasan) — wideleft.football,6054,309,10.625,33.5,,,,,,,,,,,,,,,,,2026-07-26,248,212,91
tommy-stevens-qb-mis-2020,2020,Tommy Stevens,QB,Mississippi State,,,Wide Left Consensus Big Board (Arif Hasan) — wideleft.football,,,,,,,,,,,,,,,,,7,240,New Orleans,,2026-07-26,,,
tommy-sweeney-te-bos-2019,2019,Tommy Sweeney,TE,Boston College,7,230,"Jack Lichtenstein Consensus Big Board — 14 of 17 component boards, re-averaged",6044,251,9.75,32.75,4.83,,,,,,17,,,,,,7,228,Buffalo,,2026-05-04,,,
tommy-togiai-dt-ohi-2021,2021,Tommy Togiai,DT,Ohio State,3,92,Wide Left Consensus Big Board (Arif Hasan) — wideleft.football,6010,296,,,4.97,,32,105,7.2,4.49,40,,,,,,4,132,Cleveland,,2026-07-26,108,81,95.6
tommy-tremble-te-not-2021,2021,Tommy Tremble,TE,Notre Dame,3,79,Wide Left Consensus Big Board (Arif Hasan) — wideleft.football,6030,241,,,4.6,,36.5,122,,,20,,,,,,3,83,Carolina,,2026-07-26,84,88,93.4
tony-adams-iol--2018,2018,Tony Adams,IOL,,7,233,Wide Left Consensus Big Board (Arif Hasan) — wideleft.football,,,,,,,,,,,,,,,,,,,,,2026-07-26,283,227,116.3
tony-brown-cb-ala-2018,2018,Tony Brown,CB,Alabama,5,168,Wide Left Consensus Big Board (Arif Hasan) — wideleft.football,5117,198,9.25,31.5,4.35,,31.5,126,6.78,4.11,14,,,,,,,,,,2026-07-26,176,159,120.3
tony-conner-s--2017,2017,Tony Conner,S,,,,Wide Left Consensus Big Board (Arif Hasan) — wideleft.football,,,,,,,,,,,,,,,,,,,,,2026-07-26,,,
tony-fields-ii-lb-wes-2021,2021,Tony Fields II,LB,West Virginia,5,177,Wide Left Consensus Big Board (Arif Hasan) — wideleft.football,6002,222,9,31.25,4.64,,34,114,7.15,4.48,17,,,,,,5,153,Cleveland,,2026-07-26,203,172,91.8
tony-jones-jr-rb-not-2020,2020,Tony Jones Jr.,RB,Notre Dame,,,Wide Left Consensus Big Board (Arif Hasan) — wideleft.football,5104,220,9.5,30.625,4.68,,32.5,119,7.18,4.21,13,,,,,,,,,,2026-07-26,,,
tony-mekari-dt--2018,2018,Tony Mekari,DT,,,,Wide Left Consensus Big Board (Arif Hasan) — wideleft.football,,,,,,,,,,,,,,,,,,,,,2026-07-26,,,
tony-poljan-te--2021,2021,Tony Poljan,TE,,7,219,Wide Left Consensus Big Board (Arif Hasan) — wideleft.football,,,,,,,,,,,,,,,,,,,,,2026-07-26,206,232,88.4
tony-pollard-rb-mem-2019,2019,Tony Pollard,RB,Memphis,7,261,"Jack Lichtenstein Consensus Big Board — 14 of 17 component boards, re-averaged",5115,210,9.5,30,4.52,,35,121,,,13,,,,,,4,128,Dallas,,2026-05-04,,,
torrodney-prevot-edge--2017,2017,Torrodney Prevot,EDGE,,,,Wide Left Consensus Big Board (Arif Hasan) — wideleft.football,,,,,,,,,,,,,,,,,,,,,2026-07-26,,,
tory-carter-rb-lsu-2021,2021,Tory Carter,RB,LSU,,,Wide Left Consensus Big Board (Arif Hasan) — wideleft.football,6003,229,9.625,30.625,4.86,,35.5,112,7.21,4.38,24,FB,,,,,,,,,2026-07-26,,,
tra-carson-rb-tex-2016,2016,Tra Carson,RB,Texas A&M,7,286,Wide Left Consensus Big Board (Arif Hasan) — wideleft.football,5112,227,9.25,31.5,4.63,,,,,,19,,,,,,,,,,2026-07-26,,,86.7
trace-mcsorley-qb-pen-2019,2019,Trace McSorley,QB,Penn State,7,369,"Jack Lichtenstein Consensus Big Board — 14 of 17 component boards, re-averaged",6001,202,9.125,31,4.57,,33,115,7.09,4.12,,,,,,,6,197,Baltimore,,2026-05-04,,,
tracy-sprinkle-dt--2018,2018,Tracy Sprinkle,DT,,,,Wide Left Consensus Big Board (Arif Hasan) — wideleft.football,,,,,,,,,,,,,,,,,,,,,2026-07-26,,,
tracy-walker-s-lou-2018,2018,Tracy Walker,S,Louisiana,7,280,Wide Left Consensus Big Board (Arif Hasan) — wideleft.football,6007,206,8.75,33.5,,,,,,,,,,,,,3,82,Detroit,,2026-07-26,136,284,93.8
trae-boykin-wr--2016,2016,Trae Boykin,WR,,,,Wide Left Consensus Big Board (Arif Hasan) — wideleft.football,,,,,,,,,,,,,,,,,,,,,2026-07-26,,,
trae-elston-s--2016,2016,Trae Elston,S,,7,287,Wide Left Consensus Big Board (Arif Hasan) — wideleft.football,,,,,,,,,,,,,,,,,,,,,2026-07-26,,,87.1
trajan-bandy-cb-mia-2020,2020,Trajan Bandy,CB,Miami,7,237,Wide Left Consensus Big Board (Arif Hasan) — wideleft.football,5076,180,9,29.875,4.5,,,,,,10,,,,,,,,,,2026-07-26,251,241,
travin-dural-wr-lsu-2017,2017,Travin Dural,WR,LSU,6,204,Wide Left Consensus Big Board (Arif Hasan) — wideleft.football,6006,202,9,32,4.57,,30.5,116,7.29,4.55,,,,,,,,,,,2026-07-26,191,204,84.5
travin-howard-lb-tcu-2018,2018,Travin Howard,LB,TCU,,,Wide Left Consensus Big Board (Arif Hasan) — wideleft.football,,,,,,,,,,,,,,,,,7,231,LA Rams,,2026-07-26,,,
travis-bell-dt-ken-2023,2023,Travis Bell,DT,Kennesaw St.,7,464,"Jack Lichtenstein Consensus Big Board — 14 of 17 component boards, re-averaged",,,,,,,,,,,,,,,,,7,218,Chicago,,2026-05-04,,,
travis-blanks-lb--2016,2016,Travis Blanks,LB,,,,Wide Left Consensus Big Board (Arif Hasan) — wideleft.football,,,,,,,,,,,,,,,,,,,,,2026-07-26,,,
travis-dye-rb-usc-2023,2023,Travis Dye,RB,USC,7,390,"Jack Lichtenstein Consensus Big Board — 14 of 17 component boards, re-averaged",5100,201,9.25,28.875,,,,,,,,,,,,,,,,,2026-05-04,,,
travis-etienne-rb-cle-2021,2021,Travis Etienne,RB,Clemson,1,29,Wide Left Consensus Big Board (Arif Hasan) — wideleft.football,5101,215,9.375,30.125,4.45,,33.5,128,,,18,,,,,,1,25,Jacksonville,,2026-07-26,26,29,90.7
travis-feeney-lb-was-2016,2016,Travis Feeney,LB,Washington,6,179,Wide Left Consensus Big Board (Arif Hasan) — wideleft.football,6035,230,9.5,33.375,4.5,,40,130,7.2,4.42,,,,,,,6,220,Pittsburgh,,2026-07-26,,,82.1
travis-fulgham-wr-old-2019,2019,Travis Fulgham,WR,Old Dominion,6,183,"Jack Lichtenstein Consensus Big Board — 14 of 17 component boards, re-averaged",6024,215,9.5,33.75,4.58,,36.5,126,,,15,,,,,,6,184,Detroit,,2026-05-04,,,
travis-homer-rb-mia-2019,2019,Travis Homer,RB,Miami,7,229,"Jack Lichtenstein Consensus Big Board — 14 of 17 component boards, re-averaged",5103,201,10,31.5,4.48,,39.5,130,7.07,4.31,17,,,,,,6,204,Seattle,,2026-05-04,,,
travis-jones-dt-con-2022,2022,Travis Jones,DT,Connecticut,2,40,Wide Left Consensus Big Board (Arif Hasan) — wideleft.football,6043,325,10.25,34.25,4.92,1.76,28.5,110,7.33,4.58,,Run Stuffer,,,,,3,76,Baltimore,,2026-08-06,36,44,112.9
travis-rudolph-wr-flo-2017,2017,Travis Rudolph,WR,Florida State,6,206,Wide Left Consensus Big Board (Arif Hasan) — wideleft.football,5116,189,9.25,31.88,4.65,,31.5,114,6.93,4.46,12,,,,,,,,,,2026-07-26,213,191,77
travis-vokolek-te-neb-2023,2023,Travis Vokolek,TE,Nebraska,7,334,"Jack Lichtenstein Consensus Big Board — 14 of 17 component boards, re-averaged",6061,259,9.5,32.875,,,,115,,,20,,,,,,,,,,2026-05-04,,,
travon-blanchard-s--2018,2018,Travon Blanchard,S,,,,Wide Left Consensus Big Board (Arif Hasan) — wideleft.football,,,,,,,,,,,,,,,,,,,,,2026-07-26,,,
travon-walker-edge-geo-2022,2022,Travon Walker,EDGE,Georgia,1,8,Wide Left Consensus Big Board (Arif Hasan) — wideleft.football,6050,272,10.75,35.5,4.51,1.62,35.5,123,6.89,4.32,,,,,,,1,1,Jacksonville,,2026-08-06,7,8,112.2
tray-matthews-s--2018,2018,Tray Matthews,S,,7,254,Wide Left Consensus Big Board (Arif Hasan) — wideleft.football,,,,,,,,,,,,,,,,,,,,,2026-07-26,237,245,92
trayveon-williams-rb-tex-2019,2019,Trayveon Williams,RB,Texas A&M,4,128,"Jack Lichtenstein Consensus Big Board — 14 of 17 component boards, re-averaged",5081,206,9.25,30.375,4.51,,33,121,7.44,4.44,19,,,,,,6,182,Cincinnati,,2026-05-04,,,
trayvon-henderson-s--2018,2018,Trayvon Henderson,S,,6,214,Wide Left Consensus Big Board (Arif Hasan) — wideleft.football,,,,,,,,,,,,,,,,,,,,,2026-07-26,223,204,95
trayvon-mullen-cb-cle-2019,2019,Trayvon Mullen,CB,Clemson,3,78,"Jack Lichtenstein Consensus Big Board — 14 of 17 component boards, re-averaged",6014,199,9.125,31,4.46,,34.5,123,,,,,,,,,2,40,Las Vegas,,2026-05-04,,,
tre-brown-cb-okl-2021,2021,Tre Brown,CB,Oklahoma,5,168,Wide Left Consensus Big Board (Arif Hasan) — wideleft.football,5096,185,9.5,30.375,4.42,,38,123,7.11,4.27,13,,,,,,4,137,Seattle,,2026-07-26,143,195,101
tre-flowers-s-okl-2018,2018,Tre Flowers,S,Oklahoma State,7,253,Wide Left Consensus Big Board (Arif Hasan) — wideleft.football,6032,200,9,33.875,4.45,,34.5,122,,,18,,,,,,5,146,Seattle,,2026-07-26,203,252,96.2
tre-hawkins-iii-cb-old-2023,2023,Tre Hawkins III,CB,Old Dominion,7,401,"Jack Lichtenstein Consensus Big Board — 14 of 17 component boards, re-averaged",,,,,,,,,,,,,,,,,6,209,NY Giants,,2026-05-04,,,
tre-lamar-lb-cle-2019,2019,Tre Lamar,LB,Clemson,6,216,"Jack Lichtenstein Consensus Big Board — 14 of 17 component boards, re-averaged",6033,253,9.5,32.25,,,,,,,,,,,,,,,,,2026-05-04,,,
tre-madden-rb-usc-2016,2016,Tre Madden,RB,USC,7,299,Wide Left Consensus Big Board (Arif Hasan) — wideleft.football,6002,223,9.375,29.75,4.53,,,,,,24,,,,,,,,,,2026-07-26,,,81.6
tre-mckitty-te-geo-2021,2021,Tre' McKitty,TE,Georgia,5,163,Wide Left Consensus Big Board (Arif Hasan) — wideleft.football,6042,247,11,32.75,,,,,,,,,,,,,3,97,LA Chargers,,2026-07-26,156,168,97.6
tre-nixon-wr-ucf-2021,2021,Tre Nixon,WR,UCF,,,Wide Left Consensus Big Board (Arif Hasan) — wideleft.football,6001,187,9.125,31.75,4.44,,35.5,125,6.81,4.27,18,,,,,,7,242,New England,,2026-07-26,,,
tre-norwood-cb-okl-2021,2021,Tre Norwood,CB,Oklahoma,7,280,Wide Left Consensus Big Board (Arif Hasan) — wideleft.football,5110,192,,,4.58,,33.5,123,7.65,4.45,12,,,,,,7,245,Pittsburgh,,2026-07-26,276,285,83.4
tre-sterling-s--2022,2022,Tre Sterling,S,,,,Wide Left Consensus Big Board (Arif Hasan) — wideleft.football,,,,,,,,,,,,,,,,,,,,,2026-08-06,,,
tre-tucker-wr-cin-2023,2023,Tre Tucker,WR,Cincinnati,7,230,"Jack Lichtenstein Consensus Big Board — 14 of 17 component boards, re-averaged",5085,182,8.625,28.875,4.4,,37.5,124,,,,,,,,,3,100,Las Vegas,,2026-05-04,,,
tre-turner-wr-vir-2022,2022,Tre Turner,WR,Virginia Tech,6,215,Wide Left Consensus Big Board (Arif Hasan) — wideleft.football,6013,184,8.5,30.75,4.51,,27,113,7.45,4.53,,,,,,,,,,,2026-08-06,228,216,73.4
tre-walker-wr-san-2021,2021,Tre Walker,WR,San Jose State,,,Wide Left Consensus Big Board (Arif Hasan) — wideleft.football,5100,178,,,4.58,,28,113,7.75,4.47,,,,,,,,,,,2026-07-26,,,
tre-williams-edge-ark-2022,2022,Tre Williams,EDGE,Arkansas,,,Wide Left Consensus Big Board (Arif Hasan) — wideleft.football,6041,253,10,33.75,5.08,,26.5,104,7.2,4.24,,,,,,,,,,,2026-08-06,,,
tre-williams-lb--2018,2018,Tre' Williams,LB,,,,Wide Left Consensus Big Board (Arif Hasan) — wideleft.football,,,,,,,,,,,,,,,,,,,,,2026-07-26,,,
tredavious-white-cb-lsu-2017,2017,Tre'Davious White,CB,LSU,1,32,Wide Left Consensus Big Board (Arif Hasan) — wideleft.football,5110,192,,,4.47,,32,119,6.9,4.32,16,,,,,,1,27,Buffalo,,2026-07-26,27,41,99.6
tremaine-edmunds-lb-vir-2018,2018,Tremaine Edmunds,LB,Virginia Tech,1,10,Wide Left Consensus Big Board (Arif Hasan) — wideleft.football,6044,253,9.375,34.5,4.54,,,117,,,19,,,,,,1,16,Buffalo,,2026-07-26,9,9,91.5
tremayne-anchrum-iol-cle-2020,2020,Tremayne Anchrum,IOL,Clemson,7,243,Wide Left Consensus Big Board (Arif Hasan) — wideleft.football,6017,314,9.625,33.625,5.21,1.85,24.5,104,,,26,,,,,,7,250,LA Rams,,2026-07-26,223,243,
tremon-smith-cb-cen-2018,2018,Tremon Smith,CB,Central Arkansas,,,Wide Left Consensus Big Board (Arif Hasan) — wideleft.football,,,,,,,,,,,,,,,,,6,196,Kansas City,,2026-07-26,,,
trent-corney-edge--2016,2016,Trent Corney,EDGE,,,,Wide Left Consensus Big Board (Arif Hasan) — wideleft.football,,,,,,,,,,,,,,,,,,,,,2026-07-26,,,
trent-mcduffie-cb-was-2022,2022,Trent McDuffie,CB,Washington,1,19,Wide Left Consensus Big Board (Arif Hasan) — wideleft.football,5106,193,8.75,29.75,4.44,,,,,,,,,,,,1,21,Kansas City,,2026-08-06,16,22,100.5
trent-taylor-wr-lou-2017,2017,Trent Taylor,WR,Louisiana Tech,7,238,Wide Left Consensus Big Board (Arif Hasan) — wideleft.football,5080,181,8.25,28.75,4.63,,33,117,6.74,4.01,13,,,,,,5,177,San Francisco,,2026-07-26,217,195,90.7
trenton-cannon-rb-vir-2018,2018,Trenton Cannon,RB,Virginia St.,,,Wide Left Consensus Big Board (Arif Hasan) — wideleft.football,,,,,,,,,,,,,,,,,6,204,NY Jets,,2026-07-26,,,
trenton-gill-st-nor-2022,2022,Trenton Gill,ST,North Carolina State,,,Wide Left Consensus Big Board (Arif Hasan) — wideleft.football,6043,220,9.25,31.25,,,,,,,,P,,,,,7,255,Chicago,,2026-08-06,,,
trenton-simpson-lb-cle-2023,2023,Trenton Simpson,LB,Clemson,2,49,"Jack Lichtenstein Consensus Big Board — 14 of 17 component boards, re-averaged",6023,235,10.25,32.375,4.43,,,,,,25,,,,,,3,86,Baltimore,,2026-05-04,,,
trenton-thompson-dt-geo-2018,2018,Trenton Thompson,DT,Georgia,5,146,Wide Left Consensus Big Board (Arif Hasan) — wideleft.football,6025,288,10.625,34,5.06,1.74,32.5,111,7.68,4.56,,Pass Rusher,,,,,,,,,2026-07-26,155,143,91.4
trequan-smith-wr-ucf-2018,2018,Tre'Quan Smith,WR,UCF,4,112,Wide Left Consensus Big Board (Arif Hasan) — wideleft.football,6020,203,,,4.49,,37.5,130,6.97,4.5,12,,,,,,3,91,New Orleans,,2026-07-26,99,119,86
treshaun-harrison-wr--2023,2023,Tre'Shaun Harrison,WR,,7,308,"Jack Lichtenstein Consensus Big Board — 14 of 17 component boards, re-averaged",,,,,,,,,,,,,,,,,,,,,2026-05-04,,,
treshaun-hayward-lb--2021,2021,Treshaun Hayward,LB,,,,Wide Left Consensus Big Board (Arif Hasan) — wideleft.football,,,,,,,,,,,,,,,,,,,,,2026-07-26,,,
trestan-ebner-rb-bay-2022,2022,Trestan Ebner,RB,Baylor,,,Wide Left Consensus Big Board (Arif Hasan) — wideleft.football,5106,206,8.5,29.75,4.43,,30,,,,,,,,,,6,203,Chicago,,2026-08-06,,,
treston-decoud-cb-ore-2017,2017,Treston Decoud,CB,Oregon State,7,239,Wide Left Consensus Big Board (Arif Hasan) — wideleft.football,6017,206,9.25,33,4.62,,31,116,,,11,,,,,,5,169,Houston,,2026-07-26,247,230,93.4
trevis-gipson-edge-tul-2020,2020,Trevis Gipson,EDGE,Tulsa,5,165,Wide Left Consensus Big Board (Arif Hasan) — wideleft.football,6033,261,9.625,33.875,,,,,,,25,,,,,,5,155,Chicago,,2026-07-26,174,166,
trevius-hodges-tomlinson-cb-tcu-2023,2023,Tre'Vius Hodges-Tomlinson,CB,TCU,4,120,"Jack Lichtenstein Consensus Big Board — 14 of 17 component boards, re-averaged",5080,178,,,4.41,,39,132,,,12,,,,,,6,182,LA Rams,,2026-05-04,,,
trevon-coley-dt--2016,2016,Trevon Coley,DT,,,,Wide Left Consensus Big Board (Arif Hasan) — wideleft.football,,,,,,,,,,,,,,,,,,,,,2026-07-26,,,
trevon-diggs-cb-ala-2020,2020,Trevon Diggs,CB,Alabama,2,36,Wide Left Consensus Big Board (Arif Hasan) — wideleft.football,6013,205,9.375,32.75,,,,,,,,,,,,,2,51,Dallas,,2026-07-26,34,37,
trevon-grimes-wr-flo-2021,2021,Trevon Grimes,WR,Florida,6,209,Wide Left Consensus Big Board (Arif Hasan) — wideleft.football,6040,220,9.625,31.375,4.49,,35,118,6.98,4.28,15,,,,,,,,,,2026-07-26,170,209,76.6
trevon-hill-edge-mia-2020,2020,Trevon Hill,EDGE,Miami,7,259,Wide Left Consensus Big Board (Arif Hasan) — wideleft.football,6027,248,9.25,32.375,4.89,1.7,28,113,,,,,,,,,,,,,2026-07-26,312,251,
trevon-moehrig-s-tcu-2021,2021,Trevon Moehrig,S,TCU,1,25,Wide Left Consensus Big Board (Arif Hasan) — wideleft.football,6005,202,9.75,30.625,4.5,,33,,,4.19,,,,,,,2,43,Las Vegas,,2026-07-26,27,22,94.5
trevon-stewart-s--2016,2016,Trevon Stewart,S,,,,Wide Left Consensus Big Board (Arif Hasan) — wideleft.football,,,,,,,,,,,,,,,,,,,,,2026-07-26,,,
trevon-tate-iol-mem-2019,2019,Trevon Tate,IOL,Memphis,7,223,"Jack Lichtenstein Consensus Big Board — 14 of 17 component boards, re-averaged",6024,293,9.625,32.375,,,,,,,22,,,,,,,,,,2026-05-04,,,
trevon-wesco-te-wes-2019,2019,Trevon Wesco,TE,West Virginia,7,228,"Jack Lichtenstein Consensus Big Board — 14 of 17 component boards, re-averaged",6034,267,9.5,34.75,4.89,,31,117,7.18,4.38,24,,,,,,4,121,NY Jets,,2026-05-04,,,
trevon-young-edge-lou-2018,2018,Trevon Young,EDGE,Louisville,7,229,Wide Left Consensus Big Board (Arif Hasan) — wideleft.football,6037,258,10,33.75,4.78,1.62,33,114,6.99,4.4,25,,,,,,6,205,LA Rams,,2026-07-26,214,226,101
trevone-boykin-qb-tcu-2016,2016,Trevone Boykin,QB,TCU,7,300,Wide Left Consensus Big Board (Arif Hasan) — wideleft.football,6000,212,9.375,31.625,4.77,,32,110,,4.4,,,,,,,,,,,2026-07-26,,,88.7
trevor-bates-lb-mai-2016,2016,Trevor Bates,LB,Maine,,,Wide Left Consensus Big Board (Arif Hasan) — wideleft.football,,,,,,,,,,,,,,,,,7,239,Indianapolis,,2026-07-26,,,
trevor-davis-wr-cal-2016,2016,Trevor Davis,WR,California,7,265,Wide Left Consensus Big Board (Arif Hasan) — wideleft.football,6011,188,10,31,4.42,,38.5,124,6.6,4.22,11,,,,,,5,163,Green Bay,,2026-07-26,,,95.3
trevor-lawrence-qb-cle-2021,2021,Trevor Lawrence,QB,Clemson,1,1,Wide Left Consensus Big Board (Arif Hasan) — wideleft.football,6055,213,,,,,,,,,,,,,,,1,1,Jacksonville,,2026-07-26,1,1,72.5
trevor-penning-ot-nor-2022,2022,Trevor Penning,OT,Northern Iowa,1,23,Wide Left Consensus Big Board (Arif Hasan) — wideleft.football,6071,325,10.125,34.25,4.89,,28,111,7.25,4.62,,,,,,,1,19,New Orleans,,2026-08-06,17,24,131.4
trevor-reid-ot--2023,2023,Trevor Reid,OT,,7,306,"Jack Lichtenstein Consensus Big Board — 14 of 17 component boards, re-averaged",,,,,,,,,,,,,,,,,,,,,2026-05-04,,,
trey-adams-ot-was-2020,2020,Trey Adams,OT,Washington,5,168,Wide Left Consensus Big Board (Arif Hasan) — wideleft.football,6080,318,9.875,34.375,5.6,1.89,24.5,92,,,,,,,,,,,,,2026-07-26,213,165,
trey-caldwell-s-la--2016,2016,Trey Caldwell,S,La-Monroe,,,Wide Left Consensus Big Board (Arif Hasan) — wideleft.football,,,,,,,,,,,,,,,,,5,173,Cleveland,,2026-07-26,,,
trey-dean-iii-s-flo-2023,2023,Trey Dean III,S,Florida,7,262,"Jack Lichtenstein Consensus Big Board — 14 of 17 component boards, re-averaged",6021,200,9.25,31.75,4.75,,36.5,124,,,25,,,,,,,,,,2026-05-04,,,
trey-griffey-wr--2017,2017,Trey Griffey,WR,,,,Wide Left Consensus Big Board (Arif Hasan) — wideleft.football,,,,,,,,,,,,,,,,,,,,,2026-07-26,,,
trey-hendrickson-edge-flo-2017,2017,Trey Hendrickson,EDGE,Florida Atlantic,4,121,Wide Left Consensus Big Board (Arif Hasan) — wideleft.football,6040,266,9.88,32,4.65,,33.5,122,7.03,4.2,,,,,,,3,103,New Orleans,,2026-07-26,130,121,98.9
trey-hill-iol-geo-2021,2021,Trey Hill,IOL,Georgia,6,200,Wide Left Consensus Big Board (Arif Hasan) — wideleft.football,6034,319,9.375,33.625,5.5,,,,,,,,,,,,6,190,Cincinnati,,2026-07-26,217,197,83.7
trey-lance-qb-nor-2021,2021,Trey Lance,QB,North Dakota State,1,12,Wide Left Consensus Big Board (Arif Hasan) — wideleft.football,6037,224,9.125,31.5,,,,,,,,,,,,,1,3,San Francisco,,2026-07-26,12,11,110.3
trey-marshall-s--2018,2018,Trey Marshall,S,,,,Wide Left Consensus Big Board (Arif Hasan) — wideleft.football,,,,,,,,,,,,,,,,,,,,,2026-07-26,,,
trey-mcbride-te-col-2022,2022,Trey McBride,TE,Colorado State,2,52,Wide Left Consensus Big Board (Arif Hasan) — wideleft.football,6035,246,10.125,32.5,,,33,117,,,18,,,,,,2,55,Arizona,,2026-08-06,49,52,69.7
trey-palmer-wr-neb-2023,2023,Trey Palmer,WR,Nebraska,4,139,"Jack Lichtenstein Consensus Big Board — 14 of 17 component boards, re-averaged",6002,192,9.625,31.875,4.33,,,,,,,,,,,,6,191,Tampa Bay,,2026-05-04,,,
trey-pipkins-ot-sio-2019,2019,Trey Pipkins,OT,Sioux Falls,5,145,"Jack Lichtenstein Consensus Big Board — 14 of 17 component boards, re-averaged",6061,309,9.625,33.875,5.12,,33.5,114,7.61,4.7,16,,,,,,3,91,LA Chargers,,2026-05-04,,,
trey-quinn-wr-smu-2018,2018,Trey Quinn,WR,SMU,5,165,Wide Left Consensus Big Board (Arif Hasan) — wideleft.football,5113,203,10.125,30.75,4.55,,33.5,116,6.91,4.19,17,,,,,,7,256,Washington,,2026-07-26,167,164,80.4
trey-ragas-rb-lou-2021,2021,Trey Ragas,RB,Louisiana,,,Wide Left Consensus Big Board (Arif Hasan) — wideleft.football,5101,214,8.875,29.75,4.6,,33.5,117,7.19,4.5,23,,,,,,,,,,2026-07-26,,,
trey-sermon-rb-ohi-2021,2021,Trey Sermon,RB,Ohio State,3,100,Wide Left Consensus Big Board (Arif Hasan) — wideleft.football,6003,215,9.375,33.375,4.57,,37,125,6.83,4.28,,,,,,,3,88,San Francisco,,2026-07-26,97,100,87.8
trey-smith-iol-ten-2021,2021,Trey Smith,IOL,Tennessee,3,72,Wide Left Consensus Big Board (Arif Hasan) — wideleft.football,6054,321,10,33.75,,,,,,,,,,,,,6,226,Kansas City,,2026-07-26,77,74,103.4
treylon-burks-wr-ark-2022,2022,Treylon Burks,WR,Arkansas,1,21,Wide Left Consensus Big Board (Arif Hasan) — wideleft.football,6020,225,9.875,33.5,4.55,1.57,33,122,7.28,,,,,,,,1,18,Tennessee,,2026-08-06,22,21,85.3
treyvon-hester-dt-tol-2017,2017,Treyvon Hester,DT,Toledo,7,228,Wide Left Consensus Big Board (Arif Hasan) — wideleft.football,6023,300,9.75,32,,,,,,,,,,,,,7,244,Las Vegas,,2026-07-26,218,264,78
trill-williams-cb-syr-2021,2021,Trill Williams,CB,Syracuse,4,140,Wide Left Consensus Big Board (Arif Hasan) — wideleft.football,6003,208,9,31.125,,,36,123,,,20,,,,,,,,,,2026-07-26,139,137,92.4
trishton-jackson-wr-syr-2020,2020,Trishton Jackson,WR,Syracuse,7,273,Wide Left Consensus Big Board (Arif Hasan) — wideleft.football,6006,197,9.75,32.375,4.5,1.53,36,117,,,,,,,,,,,,,2026-07-26,234,292,
tristan-wirfs-ot-iow-2020,2020,Tristan Wirfs,OT,Iowa,1,10,Wide Left Consensus Big Board (Arif Hasan) — wideleft.football,6047,320,10.25,34,4.85,1.69,36.5,121,7.65,4.68,24,,,,,,1,13,Tampa Bay,,2026-07-26,9,10,
tristen-hoge-iol--2021,2021,Tristen Hoge,IOL,,,,Wide Left Consensus Big Board (Arif Hasan) — wideleft.football,6046,306,10.75,33,,,,,,,,,,,,,,,,,2026-07-26,,,
troy-andersen-lb-mon-2022,2022,Troy Andersen,LB,Montana State,3,69,Wide Left Consensus Big Board (Arif Hasan) — wideleft.football,6034,243,9.25,32.125,4.42,,36,128,,,,,,,,,2,58,Atlanta,,2026-08-06,65,78,104
troy-apke-s-pen-2018,2018,Troy Apke,S,Penn State,7,223,Wide Left Consensus Big Board (Arif Hasan) — wideleft.football,6012,198,8.375,32.375,4.34,,41,131,6.56,4.03,16,,,,,,4,109,Washington,,2026-07-26,246,220,93.4
troy-dye-lb-ore-2020,2020,Troy Dye,LB,Oregon,4,109,Wide Left Consensus Big Board (Arif Hasan) — wideleft.football,6032,231,9.375,32.25,,,,,,,,,,,,,4,132,Minnesota,,2026-07-26,114,108,
troy-fumagalli-te-wis-2018,2018,Troy Fumagalli,TE,Wisconsin,5,150,Wide Left Consensus Big Board (Arif Hasan) — wideleft.football,6046,247,10.25,32,,,,,,,14,,,,,,5,156,Denver,,2026-07-26,187,140,87.4
troy-pride-jr-cb-not-2020,2020,Troy Pride Jr.,CB,Notre Dame,3,102,Wide Left Consensus Big Board (Arif Hasan) — wideleft.football,5114,193,9,30.625,4.4,,35.5,119,6.94,4.26,13,,,,,,4,113,Carolina,,2026-07-26,102,105,
truman-jones-edge--2023,2023,Truman Jones,EDGE,,7,409,"Jack Lichtenstein Consensus Big Board — 14 of 17 component boards, re-averaged",,,,,,,,,,,,,,,,,,,,,2026-05-04,,,
trystan-colon-castillo-iol-mis-2020,2020,Trystan Colon-Castillo,IOL,Missouri,,,Wide Left Consensus Big Board (Arif Hasan) — wideleft.football,6030,313,,,,,,,,,11,,,,,,,,,,2026-07-26,,,
trysten-hill-dt-ucf-2019,2019,Trysten Hill,DT,UCF,4,105,"Jack Lichtenstein Consensus Big Board — 14 of 17 component boards, re-averaged",6026,308,10.25,33.375,5.04,1.74,35,115,7.7,4.38,28,,,,,,2,58,Dallas,,2026-05-04,,,
tua-tagovailoa-qb-ala-2020,2020,Tua Tagovailoa,QB,Alabama,1,5,Wide Left Consensus Big Board (Arif Hasan) — wideleft.football,6000,217,10,30.5,,,,,,,,,,,,,1,5,Miami,,2026-07-26,6,5,
tucker-kraft-te-sou-2023,2023,Tucker Kraft,TE,South Dakota State,3,69,"Jack Lichtenstein Consensus Big Board — 14 of 17 component boards, re-averaged",6046,254,10,32.75,4.69,,34,122,7.08,4.29,23,,,,,,3,78,Green Bay,,2026-05-04,,,
tuf-borland-lb-ohi-2021,2021,Tuf Borland,LB,Ohio State,,,Wide Left Consensus Big Board (Arif Hasan) — wideleft.football,6002,229,10,31.375,4.98,,32.5,109,7.17,4.29,15,,,,,,,,,,2026-07-26,,,
tuli-tuipulotu-edge-usc-2023,2023,Tuli Tuipulotu,EDGE,USC,2,55,"Jack Lichtenstein Consensus Big Board — 14 of 17 component boards, re-averaged",6030,266,10.125,32.25,,,,,,,,,,,,,2,54,LA Chargers,,2026-05-04,,,
tutu-atwell-wr-lou-2021,2021,Tutu Atwell,WR,Louisville,4,107,Wide Left Consensus Big Board (Arif Hasan) — wideleft.football,5087,155,8.875,29.25,4.42,,33,117,6.89,4.14,,,,,,,2,57,LA Rams,,2026-07-26,88,112,95.4
ty-chandler-rb-nor-2022,2022,Ty Chandler,RB,North Carolina,6,181,Wide Left Consensus Big Board (Arif Hasan) — wideleft.football,5112,204,9,32.125,4.38,,,121,,,,,,,,,5,169,Minnesota,,2026-08-06,160,179,87.3
ty-fryfogle-wr-ind-2022,2022,Ty Fryfogle,WR,Indiana,7,298,Wide Left Consensus Big Board (Arif Hasan) — wideleft.football,6011,204,9.75,30.75,4.53,,39,127,,,,,,,,,,,,,2026-08-06,303,297,85.1
ty-johnson-rb-mar-2019,2019,Ty Johnson,RB,Maryland,7,400,"Jack Lichtenstein Consensus Big Board — 14 of 17 component boards, re-averaged",,,,,,,,,,,,,,,,,6,186,Detroit,,2026-05-04,,,
ty-summers-lb-tcu-2019,2019,Ty Summers,LB,TCU,7,224,"Jack Lichtenstein Consensus Big Board — 14 of 17 component boards, re-averaged",6013,241,10,31.5,4.51,,36,123,,,27,,,,,,7,226,Green Bay,,2026-05-04,,,
ty-zentner-st--2023,2023,Ty Zentner,ST,,7,394,"Jack Lichtenstein Consensus Big Board — 14 of 17 component boards, re-averaged",,,,,,,,,,,,P,,,,,,,,,2026-05-04,,,
tycen-anderson-s-tol-2022,2022,Tycen Anderson,S,Toledo,5,161,Wide Left Consensus Big Board (Arif Hasan) — wideleft.football,6017,209,10.125,33,4.36,,35.5,123,6.64,4.28,,,,,,,5,166,Cincinnati,,2026-08-06,129,168,94
tyjae-spears-rb-tul-2023,2023,Tyjae Spears,RB,Tulane,3,74,"Jack Lichtenstein Consensus Big Board — 14 of 17 component boards, re-averaged",5095,201,10,30.75,,,39,125,,,,,,,,,3,81,Tennessee,,2026-05-04,,,
tykee-smith-s--2023,2023,Tykee Smith,S,,7,477,"Jack Lichtenstein Consensus Big Board — 14 of 17 component boards, re-averaged",,,,,,,,,,,,,,,,,,,,,2026-05-04,,,
tylan-wallace-wr-okl-2021,2021,Tylan Wallace,WR,Oklahoma State,3,70,Wide Left Consensus Big Board (Arif Hasan) — wideleft.football,5113,194,9.75,30.375,4.48,,33,112,6.97,4.25,11,,,,,,4,131,Baltimore,,2026-07-26,74,68,89.4
tyler-allgeier-rb-byu-2022,2022,Tyler Allgeier,RB,BYU,4,120,Wide Left Consensus Big Board (Arif Hasan) — wideleft.football,5106,224,9.625,31.5,4.6,,33,120,,,,,,,,,5,151,Atlanta,,2026-08-06,139,119,97.1
tyler-badie-rb-mis-2022,2022,Tyler Badie,RB,Missouri,5,149,Wide Left Consensus Big Board (Arif Hasan) — wideleft.football,5080,197,9.125,29.375,4.45,,33.5,121,,,,,,,,,6,196,Baltimore,,2026-08-06,187,136,92.1
tyler-bass-st-geo-2020,2020,Tyler Bass,ST,Georgia Southern,7,281,Wide Left Consensus Big Board (Arif Hasan) — wideleft.football,5104,185,8.75,29.5,,,,,,,,K,,,,,6,188,Buffalo,,2026-07-26,235,301,
tyler-biadasz-iol-wis-2020,2020,Tyler Biadasz,IOL,Wisconsin,3,91,Wide Left Consensus Big Board (Arif Hasan) — wideleft.football,6035,314,10,32.25,,,,,,,,,,,,,4,146,Dallas,,2026-07-26,91,88,
tyler-boyd-wr-pit-2016,2016,Tyler Boyd,WR,Pittsburgh,2,51,Wide Left Consensus Big Board (Arif Hasan) — wideleft.football,6014,197,9.75,32,4.58,,34,119,6.9,4.35,11,,,,,,2,55,Cincinnati,,2026-07-26,,,78.8
tyler-catalina-iol--2017,2017,Tyler Catalina,IOL,,,,Wide Left Consensus Big Board (Arif Hasan) — wideleft.football,,,,,,,,,,,,,,,,,,,,,2026-07-26,,,
tyler-clark-dt--2020,2020,Tyler Clark,DT,,,,Wide Left Consensus Big Board (Arif Hasan) — wideleft.football,,,,,,,,,,,,,,,,,,,,,2026-07-26,,,
tyler-conklin-te-cen-2018,2018,Tyler Conklin,TE,Central Michigan,6,185,Wide Left Consensus Big Board (Arif Hasan) — wideleft.football,6030,254,9.5,33,4.8,,38,120,7.13,4.23,18,,,,,,5,157,Minnesota,,2026-07-26,181,175,103.5
tyler-coyle-s-pur-2021,2021,Tyler Coyle,S,Purdue,,,Wide Left Consensus Big Board (Arif Hasan) — wideleft.football,6004,209,9,33,4.38,,39,133,7.14,4,24,,,,,,,,,,2026-07-26,,,
tyler-davis-dt--2023,2023,Tyler Davis,DT,,7,466,"Jack Lichtenstein Consensus Big Board — 14 of 17 component boards, re-averaged",,,,,,,,,,,,,,,,,,,,,2026-05-04,,,
tyler-davis-te-geo-2020,2020,Tyler Davis,TE,Georgia Tech,,,Wide Left Consensus Big Board (Arif Hasan) — wideleft.football,,,,,,,,,,,,,,,,,6,206,Jacksonville,,2026-07-26,,,
tyler-ervin-rb-san-2016,2016,Tyler Ervin,RB,San Jose State,5,156,Wide Left Consensus Big Board (Arif Hasan) — wideleft.football,5097,192,9.125,29.75,4.41,,39,130,,,17,,,,,,4,119,Houston,,2026-07-26,,,104.4
tyler-goodson-rb-iow-2022,2022,Tyler Goodson,RB,Iowa,7,221,Wide Left Consensus Big Board (Arif Hasan) — wideleft.football,5090,197,9,29.5,4.42,,36.5,123,,,,,,,,,,,,,2026-08-06,255,214,84.8
tyler-gray-lb--2016,2016,Tyler Gray,LB,,,,Wide Left Consensus Big Board (Arif Hasan) — wideleft.football,,,,,,,,,,,,,,,,,,,,,2026-07-26,,,
tyler-higbee-te-wes-2016,2016,Tyler Higbee,TE,Western Kentucky,5,143,Wide Left Consensus Big Board (Arif Hasan) — wideleft.football,6056,249,10.25,33.25,4.77,,,,,,,,,,,,4,110,LA Rams,,2026-07-26,,,104.8
tyler-hudson-wr--2023,2023,Tyler Hudson,WR,,7,325,"Jack Lichtenstein Consensus Big Board — 14 of 17 component boards, re-averaged",,,,,,,,,,,,,,,,,,,,,2026-05-04,,,
tyler-huntley-qb--2020,2020,Tyler Huntley,QB,,7,297,Wide Left Consensus Big Board (Arif Hasan) — wideleft.football,,,,,,,,,,,,,,,,,,,,,2026-07-26,397,275,
tyler-johnson-wr-min-2020,2020,Tyler Johnson,WR,Minnesota,4,103,Wide Left Consensus Big Board (Arif Hasan) — wideleft.football,6013,206,9,30.875,,,,,,,,,,,,,5,161,Tampa Bay,,2026-08-02,146,100,
tyler-johnstone-ot-ore-2016,2016,Tyler Johnstone,OT,Oregon,,,Wide Left Consensus Big Board (Arif Hasan) — wideleft.football,6054,301,10.375,34,5.21,,30.5,104,7.31,4.6,24,,,,,,,,,,2026-07-26,,,
tyler-jones-iol-nor-2019,2019,Tyler Jones,IOL,North Carolina State,7,269,"Jack Lichtenstein Consensus Big Board — 14 of 17 component boards, re-averaged",6030,306,,,,,31.5,111,7.75,4.82,23,,,,,,,,,,2026-05-04,,,
tyler-lacy-edge-okl-2023,2023,Tyler Lacy,EDGE,Oklahoma State,6,179,"Jack Lichtenstein Consensus Big Board — 14 of 17 component boards, re-averaged",6043,279,10.875,33.25,5.11,1.72,28.5,116,7.6,,30,,,,,,4,130,Jacksonville,,2026-05-04,,,
tyler-linderbaum-iol-iow-2022,2022,Tyler Linderbaum,IOL,Iowa,1,14,Wide Left Consensus Big Board (Arif Hasan) — wideleft.football,6021,296,10,31.125,,,,,,,,,,,,,1,25,Baltimore,,2026-08-06,18,13,108.8
tyler-marz-ot-wis-2016,2016,Tyler Marz,OT,Wisconsin,,,Wide Left Consensus Big Board (Arif Hasan) — wideleft.football,6066,316,10,33.5,5.54,,27.5,99,8.38,4.97,19,,,,,,,,,,2026-07-26,,,
tyler-matakevich-lb-tem-2016,2016,Tyler Matakevich,LB,Temple,4,136,Wide Left Consensus Big Board (Arif Hasan) — wideleft.football,6000,238,9.5,31.25,4.81,,31,112,7.19,4.5,22,,,,,,,,,,2026-07-26,,,91.7
tyler-matekevich-lb-tem-2016,2016,Tyler Matekevich,LB,Temple,,,Wide Left Consensus Big Board (Arif Hasan) — wideleft.football,6000,238,9.5,31.25,4.81,,31,112,7.19,4.5,22,,,,,,7,246,Pittsburgh,,2026-07-26,,,
tyler-orlosky-iol-wes-2017,2017,Tyler Orlosky,IOL,West Virginia,5,145,Wide Left Consensus Big Board (Arif Hasan) — wideleft.football,6033,298,9.75,32.25,,,,,,,24,,,,,,,,,,2026-07-26,151,140,87.3
tyler-orsini-iol--2022,2022,Tyler Orsini,IOL,,,,Wide Left Consensus Big Board (Arif Hasan) — wideleft.football,,,,,,,,,,,,,,,,,,,,,2026-08-06,,,
tyler-roberts-lb--2016,2016,Tyler Roberts,LB,,,,Wide Left Consensus Big Board (Arif Hasan) — wideleft.football,,,,,,,,,,,,,,,,,,,,,2026-07-26,,,
tyler-roemer-ot-san-2019,2019,Tyler Roemer,OT,San Diego State,7,272,"Jack Lichtenstein Consensus Big Board — 14 of 17 component boards, re-averaged",6063,312,10.25,33.875,5.21,,30.5,108,7.75,4.76,18,,,,,,,,,,2026-05-04,,,
tyler-scott-wr-cin-2023,2023,Tyler Scott,WR,Cincinnati,3,70,"Jack Lichtenstein Consensus Big Board — 14 of 17 component boards, re-averaged",5097,177,9,30.875,4.44,,39.5,133,,,,,,,,,4,133,Chicago,,2026-05-04,,,
tyler-shelvin-dt-lsu-2021,2021,Tyler Shelvin,DT,LSU,4,106,Wide Left Consensus Big Board (Arif Hasan) — wideleft.football,6021,350,10.25,33.625,5.4,,28.5,97,8.15,5.05,,Run Stuffer,,,,,4,122,Cincinnati,,2026-07-26,102,107,115.4
tyler-smith-ot-tul-2022,2022,Tyler Smith,OT,Tulsa,2,47,Wide Left Consensus Big Board (Arif Hasan) — wideleft.football,6045,324,10.75,34,5.02,,27.5,105,7.78,4.65,,,,,,,1,24,Dallas,,2026-08-06,40,50,107.6
tyler-steen-ot-ala-2023,2023,Tyler Steen,OT,Alabama,3,81,"Jack Lichtenstein Consensus Big Board — 14 of 17 component boards, re-averaged",6060,321,10.5,32.75,,,29.5,109,,4.59,31,,,,,,3,65,Philadelphia,,2026-05-04,,,
tyler-vaughns-wr-usc-2021,2021,Tyler Vaughns,WR,USC,7,276,Wide Left Consensus Big Board (Arif Hasan) — wideleft.football,6010,190,9.5,32.875,4.62,,31.5,120,7.13,4.36,7,,,,,,,,,,2026-07-26,239,293,93
tyler-vrabel-ot--2022,2022,Tyler Vrabel,OT,,,,Wide Left Consensus Big Board (Arif Hasan) — wideleft.football,,,,,,,,,,,,,,,,,,,,,2026-08-06,,,
tyquan-lewis-edge-ohi-2018,2018,Tyquan Lewis,EDGE,Ohio State,4,115,Wide Left Consensus Big Board (Arif Hasan) — wideleft.football,6032,265,10.375,33.75,,,35.5,122,,,,,,,,,2,64,Indianapolis,,2026-07-26,110,115,95.2
tyquan-thornton-wr-bay-2022,2022,Tyquan Thornton,WR,Baylor,5,155,Wide Left Consensus Big Board (Arif Hasan) — wideleft.football,6023,181,8.25,33.25,4.28,,36.5,130,,,,,,,,,2,50,New England,,2026-08-06,144,164,87.3
tyre-brady-wr-mar-2019,2019,Tyre Brady,WR,Marshall,7,279,"Jack Lichtenstein Consensus Big Board — 14 of 17 component boards, re-averaged",6027,211,9.75,33.625,,,32,117,,4.25,12,,,,,,,,,,2026-05-04,,,
tyre-mccants-te--2019,2019,Tyre McCants,TE,,5,148,"Jack Lichtenstein Consensus Big Board — 14 of 17 component boards, re-averaged",,,,,,,,,,,,,,,,,,,,,2026-05-04,,,
tyre-phillips-ot-mis-2020,2020,Tyre Phillips,OT,Mississippi State,6,202,Wide Left Consensus Big Board (Arif Hasan) — wideleft.football,6050,331,10.375,35.125,5.37,1.84,25,93,8.17,5.11,22,,,,,,3,106,Baltimore,,2026-07-26,200,203,
tyree-gillespie-s-mis-2021,2021,Tyree Gillespie,S,Missouri,4,135,Wide Left Consensus Big Board (Arif Hasan) — wideleft.football,5116,207,9.625,31.25,4.38,,,,7.06,,15,,,,,,4,143,Las Vegas,,2026-07-26,131,141,90.7
tyree-jackson-qb-buf-2019,2019,Tyree Jackson,QB,Buffalo,4,139,"Jack Lichtenstein Consensus Big Board — 14 of 17 component boards, re-averaged",6070,249,10.25,34.25,4.59,,34.5,120,7.09,4.28,,,,,,,,,,,2026-05-04,,,
tyree-johnson-edge-tex-2022,2022,Tyree Johnson,EDGE,Texas A&M,7,278,Wide Left Consensus Big Board (Arif Hasan) — wideleft.football,6024,248,9.75,30.875,,,,,,,21,,,,,,,,,,2026-08-06,248,283,100.5
tyree-kinnel-s--2019,2019,Tyree Kinnel,S,,7,403,"Jack Lichtenstein Consensus Big Board — 14 of 17 component boards, re-averaged",,,,,,,,,,,,,,,,,,,,,2026-05-04,,,
tyree-st-louis-ot--2019,2019,Tyree St. Louis,OT,,7,368,"Jack Lichtenstein Consensus Big Board — 14 of 17 component boards, re-averaged",,,,,,,,,,,,,,,,,,,,,2026-05-04,,,
tyree-wilson-edge-tex-2023,2023,Tyree Wilson,EDGE,Texas Tech,1,9,"Jack Lichtenstein Consensus Big Board — 14 of 17 component boards, re-averaged",6055,271,9.625,35.625,,,,,,,23,,,,,,1,7,Las Vegas,,2026-05-04,,,
tyreek-hill-wr-wes-2016,2016,Tyreek Hill,WR,West Alabama,,,Wide Left Consensus Big Board (Arif Hasan) — wideleft.football,,,,,,,,,,,,,,,,,5,165,Kansas City,,2026-07-26,,,
tyreke-smith-edge-ohi-2022,2022,Tyreke Smith,EDGE,Ohio State,5,141,Wide Left Consensus Big Board (Arif Hasan) — wideleft.football,6033,254,10.25,33.25,4.86,1.65,34,117,,,,,,,,,5,158,Seattle,,2026-08-06,162,130,95.2
tyrel-dodson-lb-tex-2019,2019,Tyrel Dodson,LB,Texas A&M,7,332,"Jack Lichtenstein Consensus Big Board — 14 of 17 component boards, re-averaged",6003,237,9.125,31.75,4.6,,,118,,,24,,,,,,,,,,2026-05-04,,,
tyrell-crosby-ot-ore-2018,2018,Tyrell Crosby,OT,Oregon,2,49,Wide Left Consensus Big Board (Arif Hasan) — wideleft.football,6045,309,10.75,35.25,5.23,1.86,30,105,7.89,4.77,17,,,,,,5,153,Detroit,,2026-07-26,54,49,88.9
tyreque-jones-s-boi-2023,2023,Tyreque Jones,S,Boise State,7,309,"Jack Lichtenstein Consensus Big Board — 14 of 17 component boards, re-averaged",6016,195,9.625,33.75,4.52,,32,119,,4.48,,,,,,,,,,,2026-05-04,,,
tyrese-robinson-iol-okl-2022,2022,Tyrese Robinson,IOL,Oklahoma,7,264,Wide Left Consensus Big Board (Arif Hasan) — wideleft.football,6027,317,9.75,33.125,5.25,,22.5,100,8.35,4.94,,,,,,,,,,,2026-08-06,342,276,86.5
tyrie-cleveland-wr-flo-2020,2020,Tyrie Cleveland,WR,Florida,7,282,Wide Left Consensus Big Board (Arif Hasan) — wideleft.football,6023,209,9.125,32.875,4.46,1.53,39.5,126,,,13,,,,,,7,252,Denver,,2026-07-26,266,288,
tyrion-davis-price-rb-lsu-2022,2022,Tyrion Davis-Price,RB,LSU,7,230,Wide Left Consensus Big Board (Arif Hasan) — wideleft.football,6003,211,9.25,30.75,4.48,,30,117,,,,,,,,,3,93,San Francisco,,2026-08-06,196,242,117.1
tyrique-stevenson-cb-mia-2023,2023,Tyrique Stevenson,CB,Miami,3,68,"Jack Lichtenstein Consensus Big Board — 14 of 17 component boards, re-averaged",6003,198,9.625,32.375,4.45,,38.5,125,7.09,4.41,,,,,,,2,56,Chicago,,2026-05-04,,,
tyron-swoopes-te--2017,2017,Tyron Swoopes,TE,,,,Wide Left Consensus Big Board (Arif Hasan) — wideleft.football,,,,,,,,,,,,,,,,,,,,,2026-07-26,,,
tyrone-crowder-iol--2018,2018,Tyrone Crowder,IOL,,,,Wide Left Consensus Big Board (Arif Hasan) — wideleft.football,,,,,,,,,,,,,,,,,,,,,2026-07-26,,,
tyrone-holmes-edge-mon-2016,2016,Tyrone Holmes,EDGE,Montana,7,228,Wide Left Consensus Big Board (Arif Hasan) — wideleft.football,,,,,,,,,,,,,,,,,6,181,Jacksonville,,2026-07-26,,,108.5
tyrus-wheat-edge-mis-2023,2023,Tyrus Wheat,EDGE,Mississippi State,7,258,"Jack Lichtenstein Consensus Big Board — 14 of 17 component boards, re-averaged",6020,263,9,32.875,4.65,,28.5,113,,4.54,,,,,,,,,,,2026-05-04,,,
tyson-bagent-qb-she-2023,2023,Tyson Bagent,QB,Shepherd,7,344,"Jack Lichtenstein Consensus Big Board — 14 of 17 component boards, re-averaged",6031,213,9.5,30.125,4.79,,36,120,6.95,4.36,,,,,,,,,,,2026-05-04,,,
tyson-campbell-cb-geo-2021,2021,Tyson Campbell,CB,Georgia,2,57,Wide Left Consensus Big Board (Arif Hasan) — wideleft.football,6010,193,,,4.4,,34.5,124,7.15,4.45,12,,,,,,2,33,Jacksonville,,2026-07-26,45,59,117
tyson-dyer-st--2021,2021,Tyson Dyer,ST,,,,Wide Left Consensus Big Board (Arif Hasan) — wideleft.football,,,,,,,,,,,,P,,,,,,,,,2026-07-26,,,
tytus-howard-ot-ala-2019,2019,Tytus Howard,OT,Alabama State,3,79,"Jack Lichtenstein Consensus Big Board — 14 of 17 component boards, re-averaged",6050,322,10.625,34,5.05,,29.5,103,8.34,4.87,21,,,,,,1,23,Houston,,2026-05-04,,,
tyus-bowser-lb-hou-2017,2017,Tyus Bowser,LB,Houston,2,59,Wide Left Consensus Big Board (Arif Hasan) — wideleft.football,6025,247,10.13,33.25,4.65,,37.5,127,6.75,,21,,,,,,2,47,Baltimore,,2026-07-26,52,61,108.7
tyvis-powell-s-ohi-2016,2016,Tyvis Powell,S,Ohio State,4,139,Wide Left Consensus Big Board (Arif Hasan) — wideleft.football,6026,211,9.5,32,4.46,,34.5,120,7.03,4.25,15,,,,,,,,,,2026-07-26,,,85.6
uchenna-nwosu-edge-usc-2018,2018,Uchenna Nwosu,EDGE,USC,3,74,Wide Left Consensus Big Board (Arif Hasan) — wideleft.football,6021,251,9,33.625,4.65,,32,119,,,20,,,,,,2,48,LA Chargers,,2026-07-26,68,74,101.4
ufomba-kamalu-edge-mia-2016,2016,Ufomba Kamalu,EDGE,Miami,,,Wide Left Consensus Big Board (Arif Hasan) — wideleft.football,6051,295,10,35,5.01,,25,106,7.32,4.58,26,,,,,,,,,,2026-07-26,,,
ugochukwu-amadi-s-ore-2019,2019,Ugochukwu Amadi,S,Oregon,6,197,"Jack Lichtenstein Consensus Big Board — 14 of 17 component boards, re-averaged",5093,199,9.5,31.75,4.51,,32.5,115,7.21,4.19,18,,,,,,4,132,Seattle,,2026-05-04,,,
ugonna-awuruonye-edge--2016,2016,Ugonna Awuruonye,EDGE,,,,Wide Left Consensus Big Board (Arif Hasan) — wideleft.football,,,,,,,,,,,,,,,,,,,,,2026-07-26,,,
ukeme-eligwe-lb-geo-2017,2017,Ukeme Eligwe,LB,Georgia Southern,,,Wide Left Consensus Big Board (Arif Hasan) — wideleft.football,,,,,,,,,,,,,,,,,5,183,Kansas City,,2026-07-26,,,
ulysees-gilbert-lb-akr-2019,2019,Ulysees Gilbert,LB,Akron,7,329,"Jack Lichtenstein Consensus Big Board — 14 of 17 component boards, re-averaged",,,,,,,,,,,,,,,,,6,207,Pittsburgh,,2026-05-04,,,
vadal-alexander-iol-lsu-2016,2016,Vadal Alexander,IOL,LSU,3,95,Wide Left Consensus Big Board (Arif Hasan) — wideleft.football,6052,326,10.5,35,5.57,,24,95,8.04,4.9,25,,,,,,7,234,Las Vegas,,2026-07-26,,,106.5
van-jefferson-wr-flo-2020,2020,Van Jefferson,WR,Florida,3,88,Wide Left Consensus Big Board (Arif Hasan) — wideleft.football,6014,200,9.125,32.75,,,,,,,,,,,,,2,57,LA Rams,,2026-07-26,90,86,
van-smith-s-cle-2018,2018,Van Smith,S,Clemson,,,Wide Left Consensus Big Board (Arif Hasan) — wideleft.football,5107,185,8.75,30.125,4.61,,29.5,,,,,,,,,,,,,,2026-07-26,,,
vangelo-bentley-cb--2016,2016,V'Angelo Bentley,CB,,,,Wide Left Consensus Big Board (Arif Hasan) — wideleft.football,,,,,,,,,,,,,,,,,,,,,2026-07-26,,,
vavae-malepeai-rb--2021,2021,Vavae Malepeai,RB,,,,Wide Left Consensus Big Board (Arif Hasan) — wideleft.football,,,,,,,,,,,,,,,,,,,,,2026-07-26,,,
vederian-lowe-ot-ill-2022,2022,Vederian Lowe,OT,Illinois,7,225,Wide Left Consensus Big Board (Arif Hasan) — wideleft.football,6045,314,10.375,35.375,5.22,,25.5,99,7.83,4.71,,,,,,,6,184,Minnesota,,2026-08-06,223,227,85.4
velus-jones-jr-wr-ten-2022,2022,Velus Jones Jr.,WR,Tennessee,5,151,Wide Left Consensus Big Board (Arif Hasan) — wideleft.football,5116,204,9.75,30.875,4.31,,33,121,,,,,,,,,3,71,Chicago,,2026-08-06,128,157,89.2
ventrell-miller-lb-flo-2023,2023,Ventrell Miller,LB,Florida,7,228,"Jack Lichtenstein Consensus Big Board — 14 of 17 component boards, re-averaged",5117,232,9.125,32.5,,,,,,,,,,,,,4,121,Jacksonville,,2026-05-04,,,
vernon-adams-jr-qb-ore-2016,2016,Vernon Adams Jr.,QB,Oregon,7,223,Wide Left Consensus Big Board (Arif Hasan) — wideleft.football,5110,200,,,4.83,,29.5,114,6.82,4.2,,,,,,,,,,,2026-07-26,,,89.5
vernon-butler-dt-lou-2016,2016,Vernon Butler,DT,Louisiana Tech,1,30,Wide Left Consensus Big Board (Arif Hasan) — wideleft.football,6035,323,10,35,5.33,,29.5,104,7.82,4.76,26,Run Stuffer,,,,,1,30,Carolina,,2026-07-26,,,95.9
vernon-hargreaves-iii-cb-flo-2016,2016,Vernon Hargreaves III,CB,Florida,1,9,Wide Left Consensus Big Board (Arif Hasan) — wideleft.football,5104,204,8.75,30.625,4.5,,39,130,,3.98,15,,,,,,1,11,Tampa Bay,,2026-07-26,,,85
vernon-scott-s-tcu-2020,2020,Vernon Scott,S,TCU,,,Wide Left Consensus Big Board (Arif Hasan) — wideleft.football,,,,,,,,,,,,,,,,,7,236,Green Bay,,2026-07-26,,,
verone-mckinley-iii-s-ore-2022,2022,Verone McKinley III,S,Oregon,4,122,Wide Left Consensus Big Board (Arif Hasan) — wideleft.football,5100,198,9.125,30.625,,,35,120,,,16,,,,,,,,,,2026-08-06,127,123,139
vi-teofilo-iol--2016,2016,Vi Teofilo,IOL,,,,Wide Left Consensus Big Board (Arif Hasan) — wideleft.football,,,,,,,,,,,,,,,,,,,,,2026-07-26,,,
victor-dimukeje-edge-duk-2021,2021,Victor Dimukeje,EDGE,Duke,5,166,Wide Left Consensus Big Board (Arif Hasan) — wideleft.football,6014,262,9.5,33.125,4.87,,34.5,115,7.25,4.35,28,,,,,,6,210,Arizona,,2026-07-26,207,163,96.1
victor-ochi-edge-sto-2016,2016,Victor Ochi,EDGE,Stony Brook,6,188,Wide Left Consensus Big Board (Arif Hasan) — wideleft.football,6011,246,10.125,33.75,4.86,,32,119,7.24,4.4,,,,,,,,,,,2026-07-26,,,85.1
viliami-fehoko-jr-edge-san-2023,2023,Viliami Fehoko Jr.,EDGE,San Jose State,6,180,"Jack Lichtenstein Consensus Big Board — 14 of 17 component boards, re-averaged",6036,276,9,33,,,,,,,24,,,,,,4,129,Dallas,,2026-05-04,,,
vince-biegel-lb-wis-2017,2017,Vince Biegel,LB,Wisconsin,4,119,Wide Left Consensus Big Board (Arif Hasan) — wideleft.football,6032,246,9.13,32.38,4.67,,33.5,118,6.92,4.3,21,,,,,,4,108,Green Bay,,2026-07-26,112,113,89.3
vincent-gray-cb-mic-2022,2022,Vincent Gray,CB,Michigan,7,248,Wide Left Consensus Big Board (Arif Hasan) — wideleft.football,6022,192,9.25,32.375,4.54,,,,,,,,,,,,,,,,2026-08-06,233,251,91.1
vincent-taylor-dt-okl-2017,2017,Vincent Taylor,DT,Oklahoma State,4,137,Wide Left Consensus Big Board (Arif Hasan) — wideleft.football,6025,304,10.13,34.38,5.07,,28.5,108,7.58,4.72,26,,,,,,6,194,Miami,,2026-07-26,162,131,94.7
vincent-valentine-dt-neb-2016,2016,Vincent Valentine,DT,Nebraska,7,232,Wide Left Consensus Big Board (Arif Hasan) — wideleft.football,6035,329,9.625,33.125,5.19,,29,110,8.03,4.59,17,Run Stuffer,,,,,3,96,New England,,2026-07-26,,,113
vita-vea-dt-was-2018,2018,Vita Vea,DT,Washington,1,12,Wide Left Consensus Big Board (Arif Hasan) — wideleft.football,6040,347,10,32.625,5.1,1.77,,,,,41,Balanced,,,,,1,12,Tampa Bay,,2026-07-26,13,13,87.1
vonn-bell-s-ohi-2016,2016,Vonn Bell,S,Ohio State,2,50,Wide Left Consensus Big Board (Arif Hasan) — wideleft.football,5106,199,9.5,32.375,4.52,,,,,,16,,,,,,2,61,New Orleans,,2026-07-26,,,88.9
vontarrius-dora-edge--2016,2016,Vontarrius Dora,EDGE,,,,Wide Left Consensus Big Board (Arif Hasan) — wideleft.football,,,,,,,,,,,,,,,,,,,,,2026-07-26,,,
vosean-joseph-lb-flo-2019,2019,Vosean Joseph,LB,Florida,4,109,"Jack Lichtenstein Consensus Big Board — 14 of 17 component boards, re-averaged",6014,230,9.625,31.375,,,,,,,,,,,,,5,147,Buffalo,,2026-05-04,,,
vyncint-smith-wr--2018,2018,Vyncint Smith,WR,,,,Wide Left Consensus Big Board (Arif Hasan) — wideleft.football,,,,,,,,,,,,,,,,,,,,,2026-07-26,,,
walker-little-ot-sta-2021,2021,Walker Little,OT,Stanford,3,85,Wide Left Consensus Big Board (Arif Hasan) — wideleft.football,6073,313,10.125,33.75,5.3,,29.5,111,7.44,4.59,24,,,,,,2,45,Jacksonville,,2026-07-26,81,92,112.8
wandale-robinson-wr-ken-2022,2022,Wan'Dale Robinson,WR,Kentucky,3,91,Wide Left Consensus Big Board (Arif Hasan) — wideleft.football,5080,178,9,27.625,4.44,,34.5,118,,,,,,,,,2,43,NY Giants,,2026-08-06,98,93,87.5
wanya-morris-ot-okl-2023,2023,Wanya Morris,OT,Oklahoma,4,110,"Jack Lichtenstein Consensus Big Board — 14 of 17 component boards, re-averaged",6053,307,10.25,35.125,5.1,1.8,28.5,111,,,,,,,,,3,92,Kansas City,,2026-05-04,,,
warren-ericson-iol--2023,2023,Warren Ericson,IOL,,7,415,"Jack Lichtenstein Consensus Big Board — 14 of 17 component boards, re-averaged",,,,,,,,,,,,,,,,,,,,,2026-05-04,,,
warren-jackson-wr-col-2021,2021,Warren Jackson,WR,Colorado State,7,295,Wide Left Consensus Big Board (Arif Hasan) — wideleft.football,6060,219,9.375,33.5,4.68,,33.5,123,7.81,4.53,,,,,,,,,,,2026-07-26,309,294,77.4
warren-mcclendon-ot-geo-2023,2023,Warren McClendon,OT,Georgia,5,166,"Jack Lichtenstein Consensus Big Board — 14 of 17 component boards, re-averaged",6041,306,10,34.5,,,,,,,,,,,,,5,174,LA Rams,,2026-05-04,,,
wayne-gallman-rb-cle-2017,2017,Wayne Gallman,RB,Clemson,4,117,Wide Left Consensus Big Board (Arif Hasan) — wideleft.football,6004,215,9.13,32.63,4.6,,29.5,120,7.17,4.28,21,,,,,,4,140,NY Giants,,2026-07-26,141,107,96.4
wendell-smallwood-rb-wes-2016,2016,Wendell Smallwood,RB,West Virginia,6,213,Wide Left Consensus Big Board (Arif Hasan) — wideleft.football,5104,208,9.25,30.5,4.47,,33.5,120,6.83,4.28,14,,,,,,5,153,Philadelphia,,2026-07-26,,,112.3
wes-martin-iol-ind-2019,2019,Wes Martin,IOL,Indiana,7,328,"Jack Lichtenstein Consensus Big Board — 14 of 17 component boards, re-averaged",,,,,,,,,,,,,,,,,4,131,Washington,,2026-05-04,,,
wes-schweitzer-iol-san-2016,2016,Wes Schweitzer,IOL,San Jose State,,,Wide Left Consensus Big Board (Arif Hasan) — wideleft.football,,,,,,,,,,,,,,,,,6,195,Atlanta,,2026-07-26,,,
wesley-french-iol--2022,2022,Wesley French,IOL,,,,Wide Left Consensus Big Board (Arif Hasan) — wideleft.football,,,,,,,,,,,,,,,,,,,,,2026-08-06,,,
whop-philyor-wr-ind-2021,2021,Whop Philyor,WR,Indiana,7,267,Wide Left Consensus Big Board (Arif Hasan) — wideleft.football,5095,184,9.25,30.625,4.57,,31,120,7.2,4.34,14,,,,,,,,,,2026-07-26,290,258,80.1
will-adams-s--2022,2022,Will Adams,S,,,,Wide Left Consensus Big Board (Arif Hasan) — wideleft.football,,,,,,,,,,,,,,,,,,,,,2026-08-06,,,
will-anderson-jr-edge-ala-2023,2023,Will Anderson Jr.,EDGE,Alabama,1,1,"Jack Lichtenstein Consensus Big Board — 14 of 17 component boards, re-averaged",6034,253,9.875,33.875,4.6,,,,,,,,,,,,1,3,Houston,,2026-05-04,,,
will-anthony-edge--2016,2016,Will Anthony,EDGE,,,,Wide Left Consensus Big Board (Arif Hasan) — wideleft.football,,,,,,,,,,,,,,,,,,,,,2026-07-26,,,
will-clapp-iol-lsu-2018,2018,Will Clapp,IOL,LSU,5,171,Wide Left Consensus Big Board (Arif Hasan) — wideleft.football,6044,311,9.625,31.25,5.39,1.88,29,97,8.04,4.92,25,,,,,,7,245,New Orleans,,2026-07-26,166,174,78.7
will-dissly-te-was-2018,2018,Will Dissly,TE,Washington,6,215,Wide Left Consensus Big Board (Arif Hasan) — wideleft.football,6034,262,9.75,33.25,4.87,,28,111,7.07,4.4,15,,,,,,4,120,Seattle,,2026-07-26,188,208,108.5
will-fries-ot-pen-2021,2021,Will Fries,OT,Penn State,,,Wide Left Consensus Big Board (Arif Hasan) — wideleft.football,6063,309,10.25,32.875,5.37,,31,115,7.77,4.53,24,,,,,,7,248,Indianapolis,,2026-07-26,,,
will-fuller-wr-not-2016,2016,Will Fuller,WR,Notre Dame,2,41,Wide Left Consensus Big Board (Arif Hasan) — wideleft.football,6001,186,8.25,30.75,4.32,,33.5,126,6.93,4.27,10,,,,,,1,21,Houston,,2026-07-26,,,80.9
will-grier-qb-wes-2019,2019,Will Grier,QB,West Virginia,3,94,"Jack Lichtenstein Consensus Big Board — 14 of 17 component boards, re-averaged",6024,217,9.375,31.5,4.84,,34,112,7.09,4.28,,,,,,,3,100,Carolina,,2026-05-04,,,
will-harris-s-bos-2019,2019,Will Harris,S,Boston College,5,153,"Jack Lichtenstein Consensus Big Board — 14 of 17 component boards, re-averaged",6010,207,9,31.25,4.41,,36.5,123,6.91,4.12,20,,,,,,3,81,Detroit,,2026-05-04,,,
will-hernandez-iol-tex-2018,2018,Will Hernandez,IOL,Texas-El Paso,1,25,Wide Left Consensus Big Board (Arif Hasan) — wideleft.football,6023,327,9.875,32,5.15,1.76,24,104,7.59,4.7,37,,,,,,2,34,NY Giants,,2026-07-26,24,25,80.5
will-holden-ot-van-2017,2017,Will Holden,OT,Vanderbilt,4,129,Wide Left Consensus Big Board (Arif Hasan) — wideleft.football,6074,311,10.13,33.25,5.47,,28,111,7.71,4.72,23,,,,,,5,157,Arizona,,2026-07-26,135,127,105
will-kreitler-iol--2017,2017,Will Kreitler,IOL,,,,Wide Left Consensus Big Board (Arif Hasan) — wideleft.football,,,,,,,,,,,,,,,,,,,,,2026-07-26,,,
will-levis-qb-ken-2023,2023,Will Levis,QB,Kentucky,1,25,"Jack Lichtenstein Consensus Big Board — 14 of 17 component boards, re-averaged",6037,229,10.625,32,,,34,124,,,,,,,,,2,33,Tennessee,,2026-05-04,,,
will-likely-cb--2017,2017,Will Likely,CB,,7,257,Wide Left Consensus Big Board (Arif Hasan) — wideleft.football,5065,180,9.5,29,,,,,,,15,,,,,,,,,,2026-08-02,,,93.9
will-mallory-te-mia-2023,2023,Will Mallory,TE,Miami,6,201,"Jack Lichtenstein Consensus Big Board — 14 of 17 component boards, re-averaged",6044,239,9.375,32.25,4.54,,36.5,121,,,20,,,,,,5,162,Indianapolis,,2026-05-04,,,
will-mcdonald-iv-edge-iow-2023,2023,Will McDonald IV,EDGE,Iowa State,1,30,"Jack Lichtenstein Consensus Big Board — 14 of 17 component boards, re-averaged",6035,239,9.5,34.875,,,36,132,,,,,,,,,1,15,NY Jets,,2026-05-04,,,
will-parks-s-ari-2016,2016,Will Parks,S,Arizona,,,Wide Left Consensus Big Board (Arif Hasan) — wideleft.football,,,,,,,,,,,,,,,,,6,219,Denver,,2026-07-26,,,
will-ratelle-rb--2016,2016,Will Ratelle,RB,,,,Wide Left Consensus Big Board (Arif Hasan) — wideleft.football,,,,,,,,,,,,FB,,,,,,,,,2026-07-26,,,
will-redmond-cb-mis-2016,2016,Will Redmond,CB,Mississippi State,3,94,Wide Left Consensus Big Board (Arif Hasan) — wideleft.football,5106,182,9.125,30.375,4.45,,,,,,,,,,,,3,68,San Francisco,,2026-07-26,,,89.5
will-richardson-ot-nor-2018,2018,Will Richardson,OT,North Carolina State,5,141,Wide Left Consensus Big Board (Arif Hasan) — wideleft.football,6055,306,9.875,35.25,5.26,1.84,31.5,108,7.8,4.83,,,,,,,4,129,Jacksonville,,2026-07-26,130,144,96.9
william-bradley-king-edge-bay-2021,2021,William Bradley-King,EDGE,Baylor,7,229,Wide Left Consensus Big Board (Arif Hasan) — wideleft.football,6034,252,10.25,33.5,4.74,,34.5,119,7.14,4.26,,,,,,,7,240,Washington,,2026-07-26,234,233,90.2
william-dunkle-iol-san-2022,2022,William Dunkle,IOL,San Diego State,7,284,Wide Left Consensus Big Board (Arif Hasan) — wideleft.football,6047,328,10.25,33.625,5.44,,26,95,7.97,4.91,25,,,,,,,,,,2026-08-06,300,279,91
william-jackson-iii-cb-hou-2016,2016,William Jackson III,CB,Houston,1,24,Wide Left Consensus Big Board (Arif Hasan) — wideleft.football,6003,189,9.25,31.75,4.37,,,116,,,10,,,,,,1,24,Cincinnati,,2026-07-26,,,93.5
william-sherman-ot-col-2021,2021,William Sherman,OT,Colorado,7,287,Wide Left Consensus Big Board (Arif Hasan) — wideleft.football,6030,304,,,5.19,,26,108,7.71,4.82,23,,,,,,6,197,New England,,2026-07-26,244,309,93.3
william-stanback-rb--2017,2017,William Stanback,RB,,,,Wide Left Consensus Big Board (Arif Hasan) — wideleft.football,,,,,,,,,,,,,,,,,,,,,2026-07-26,,,
william-sweet-ot-nor-2019,2019,William Sweet,OT,North Carolina,7,294,"Jack Lichtenstein Consensus Big Board — 14 of 17 component boards, re-averaged",6060,313,10.125,34.375,5.27,,30.5,111,8.01,5,23,,,,,,,,,,2026-05-04,,,
willie-beavers-ot-wes-2016,2016,Willie Beavers,OT,Western Michigan,4,140,Wide Left Consensus Big Board (Arif Hasan) — wideleft.football,6045,321,10,34,5.28,,25.5,103,7.96,4.71,20,,,,,,4,121,Minnesota,,2026-07-26,,,88.8
willie-gay-jr-lb-mis-2020,2020,Willie Gay Jr.,LB,Mississippi State,3,89,Wide Left Consensus Big Board (Arif Hasan) — wideleft.football,6011,243,10.5,32.625,4.46,,39.5,136,7.08,4.3,21,,,,,,2,63,Kansas City,,2026-07-26,106,85,
willie-henry-dt-mic-2016,2016,Willie Henry,DT,Michigan,3,96,Wide Left Consensus Big Board (Arif Hasan) — wideleft.football,6026,303,10.875,33.375,5,,30.5,110,7.57,4.53,28,,,,,,4,132,Baltimore,,2026-07-26,,,114
willie-wright-iol--2019,2019,Willie Wright,IOL,,7,408,"Jack Lichtenstein Consensus Big Board — 14 of 17 component boards, re-averaged",,,,,,,,,,,,,,,,,,,,,2026-05-04,,,
winston-craig-dt--2017,2017,Winston Craig,DT,,,,Wide Left Consensus Big Board (Arif Hasan) — wideleft.football,,,,,,,,,,,,,,,,,,,,,2026-07-26,,,
winston-dimel-rb--2019,2019,Winston Dimel,RB,,7,374,"Jack Lichtenstein Consensus Big Board — 14 of 17 component boards, re-averaged",,,,,,,,,,,,FB,,,,,,,,,2026-05-04,,,
woody-baron-dt--2017,2017,Woody Baron,DT,,,,Wide Left Consensus Big Board (Arif Hasan) — wideleft.football,,,,,,,,,,,,,,,,,,,,,2026-07-26,,,
wyatt-davis-iol-ohi-2021,2021,Wyatt Davis,IOL,Ohio State,2,53,Wide Left Consensus Big Board (Arif Hasan) — wideleft.football,6035,315,9.125,33.875,,,,,,,25,,,,,,3,86,Minnesota,,2026-07-26,63,49,98.9
wyatt-hubert-edge-kan-2021,2021,Wyatt Hubert,EDGE,Kansas State,7,251,Wide Left Consensus Big Board (Arif Hasan) — wideleft.football,6020,258,,,4.93,,32.5,110,7.03,4.28,,,,,,,7,235,Cincinnati,,2026-07-26,274,231,82.1
wyatt-ray-edge-bos-2019,2019,Wyatt Ray,EDGE,Boston College,7,226,"Jack Lichtenstein Consensus Big Board — 14 of 17 component boards, re-averaged",6032,257,9.375,32.5,4.83,1.68,34,118,7.34,4.31,25,,,,,,,,,,2026-05-04,,,
wyatt-teller-iol-vir-2018,2018,Wyatt Teller,IOL,Virginia Tech,4,110,Wide Left Consensus Big Board (Arif Hasan) — wideleft.football,6044,314,10.25,34,5.24,1.85,29,114,7.45,4.84,30,,,,,,5,166,Buffalo,,2026-07-26,144,112,90.1
xavien-howard-cb-bay-2016,2016,Xavien Howard,CB,Baylor,3,69,Wide Left Consensus Big Board (Arif Hasan) — wideleft.football,6001,201,9.125,31.25,4.58,,33,122,7.18,4.15,11,,,,,,2,38,Miami,,2026-07-26,,,97
xavier-crawford-cb-cen-2019,2019,Xavier Crawford,CB,Central Michigan,7,250,"Jack Lichtenstein Consensus Big Board — 14 of 17 component boards, re-averaged",5107,187,9,29.125,4.48,,37.5,,,,11,,,,,,6,195,Houston,,2026-05-04,,,
xavier-gipson-wr--2023,2023,Xavier Gipson,WR,,7,366,"Jack Lichtenstein Consensus Big Board — 14 of 17 component boards, re-averaged",,,,,,,,,,,,,,,,,,,,,2026-05-04,,,
xavier-henderson-s--2023,2023,Xavier Henderson,S,,7,426,"Jack Lichtenstein Consensus Big Board — 14 of 17 component boards, re-averaged",,,,,,,,,,,,,,,,,,,,,2026-05-04,,,
xavier-hutchinson-wr-iow-2023,2023,Xavier Hutchinson,WR,Iowa State,4,137,"Jack Lichtenstein Consensus Big Board — 14 of 17 component boards, re-averaged",6017,203,9.375,31.375,4.53,,36,116,6.91,4.35,,,,,,,6,205,Houston,,2026-05-04,,,
xavier-mckinney-s-ala-2020,2020,Xavier McKinney,S,Alabama,1,21,Wide Left Consensus Big Board (Arif Hasan) — wideleft.football,6003,201,8.625,30.875,4.63,1.66,36,122,,,19,,,,,,2,36,NY Giants,,2026-07-26,22,19,
xavier-smith-wr--2023,2023,Xavier Smith,WR,,7,441,"Jack Lichtenstein Consensus Big Board — 14 of 17 component boards, re-averaged",,,,,,,,,,,,,,,,,,,,,2026-05-04,,,
xavier-woods-s-lou-2017,2017,Xavier Woods,S,Louisiana Tech,6,216,Wide Left Consensus Big Board (Arif Hasan) — wideleft.football,5111,197,9.38,30.38,4.54,,33.5,122,6.72,4.13,19,,,,,,6,191,Dallas,,2026-07-26,235,168,127.2
xazavian-valladay-rb--2023,2023,Xazavian Valladay,RB,,7,371,"Jack Lichtenstein Consensus Big Board — 14 of 17 component boards, re-averaged",,,,,,,,,,,,,,,,,,,,,2026-05-04,,,
yannick-ngakoue-edge-mar-2016,2016,Yannick Ngakoue,EDGE,Maryland,3,102,Wide Left Consensus Big Board (Arif Hasan) — wideleft.football,6020,252,9.5,32.5,4.75,,34.5,118,7.35,4.5,26,,,,,,3,69,Jacksonville,,2026-07-26,,,89.7
yasir-abdullah-edge-lou-2023,2023,Yasir Abdullah,EDGE,Louisville,5,152,"Jack Lichtenstein Consensus Big Board — 14 of 17 component boards, re-averaged",6005,237,9.25,32.375,4.47,,36.5,129,,,,,,,,,5,136,Jacksonville,,2026-05-04,,,
yasir-durant-ot-mis-2020,2020,Yasir Durant,OT,Missouri,7,239,Wide Left Consensus Big Board (Arif Hasan) — wideleft.football,6060,331,9.5,34.75,5.52,1.95,25,,,,21,,,,,,,,,,2026-07-26,238,228,
yaya-diaby-edge-lou-2023,2023,YaYa Diaby,EDGE,Louisville,4,126,"Jack Lichtenstein Consensus Big Board — 14 of 17 component boards, re-averaged",6033,263,10.375,33.875,4.51,1.56,37,120,,,,,,,,,3,82,Tampa Bay,,2026-05-04,,,
yetur-gross-matos-edge-pen-2020,2020,Yetur Gross-Matos,EDGE,Penn State,1,24,Wide Left Consensus Big Board (Arif Hasan) — wideleft.football,6050,266,9.75,34.875,,,34,120,,,20,,,,,,2,38,Carolina,,2026-07-26,24,25,
yodny-cajuste-ot-wes-2019,2019,Yodny Cajuste,OT,West Virginia,3,89,"Jack Lichtenstein Consensus Big Board — 14 of 17 component boards, re-averaged",6047,312,10,34,,,,,,,32,,,,,,3,101,New England,,2026-05-04,,,
yosh-nijman-ot-vir-2019,2019,Yosh Nijman,OT,Virginia Tech,7,346,"Jack Lichtenstein Consensus Big Board — 14 of 17 component boards, re-averaged",6067,324,10,34,,,,114,8.07,4.5,27,,,,,,,,,,2026-05-04,,,
yosuah-nijman-ot-vir-2019,2019,Yosuah Nijman,OT,Virginia Tech,5,165,"Jack Lichtenstein Consensus Big Board — 14 of 17 component boards, re-averaged",6067,324,10,34,,,,114,8.07,4.5,27,,,,,,,,,,2026-05-04,,,
youhanna-ghaifan-dt--2019,2019,Youhanna Ghaifan,DT,,7,271,"Jack Lichtenstein Consensus Big Board — 14 of 17 component boards, re-averaged",,,,,,,,,,,,,,,,,,,,,2026-05-04,,,
yusuf-corker-s-ken-2022,2022,Yusuf Corker,S,Kentucky,6,197,Wide Left Consensus Big Board (Arif Hasan) — wideleft.football,6000,203,9,31,,,,,,,23,,,,,,,,,,2026-08-06,210,197,82.5
zac-brooks-rb-cle-2016,2016,Zac Brooks,RB,Clemson,,,Wide Left Consensus Big Board (Arif Hasan) — wideleft.football,,,,,,,,,,,,,,,,,7,247,Seattle,,2026-07-26,,,
zacch-pickens-dt-sou-2023,2023,Zacch Pickens,DT,South Carolina,3,84,"Jack Lichtenstein Consensus Big Board — 14 of 17 component boards, re-averaged",6037,291,10.375,34.375,4.89,1.74,30.5,116,7.45,4.62,22,Pass Rusher,,,,,3,64,Chicago,,2026-05-04,,,
zach-allen-edge-bos-2019,2019,Zach Allen,EDGE,Boston College,2,52,"Jack Lichtenstein Consensus Big Board — 14 of 17 component boards, re-averaged",6041,281,10.125,34.75,5,1.65,32,112,7.34,4.36,24,,,,,,3,65,Arizona,,2026-05-04,,,
zach-banner-ot-usc-2017,2017,Zach Banner,OT,USC,5,149,Wide Left Consensus Big Board (Arif Hasan) — wideleft.football,6083,353,10.75,34.88,5.58,,23.5,92,8.31,5.21,22,,,,,,4,137,Indianapolis,,2026-07-26,109,167,100.3
zach-charbonnet-rb-ucl-2023,2023,Zach Charbonnet,RB,UCLA,3,66,"Jack Lichtenstein Consensus Big Board — 14 of 17 component boards, re-averaged",6003,214,9.875,32,4.53,,37,122,,,,,,,,,2,52,Seattle,,2026-05-04,,,
zach-cunningham-lb-van-2017,2017,Zach Cunningham,LB,Vanderbilt,2,36,Wide Left Consensus Big Board (Arif Hasan) — wideleft.football,6034,234,9.25,34.38,4.67,,35,125,7.03,4.29,15,,,,,,2,57,Houston,,2026-07-26,35,36,91.3
zach-davidson-te-cen-2021,2021,Zach Davidson,TE,Central Missouri St.,7,258,Wide Left Consensus Big Board (Arif Hasan) — wideleft.football,6065,245,9.5,32,4.58,,37.5,117,6.95,4.19,17,,,,,,5,168,Minnesota,,2026-07-26,238,264,113.4
zach-edwards-s--2017,2017,Zach Edwards,S,,,,Wide Left Consensus Big Board (Arif Hasan) — wideleft.football,,,,,,,,,,,,,,,,,,,,,2026-07-26,,,
zach-evans-rb-mis-2023,2023,Zach Evans,RB,Mississippi,4,103,"Jack Lichtenstein Consensus Big Board — 14 of 17 component boards, re-averaged",5111,202,10.25,31.625,,,,,,,,,,,,,6,215,LA Rams,,2026-05-04,,,
zach-gentry-te-mic-2019,2019,Zach Gentry,TE,Michigan,7,341,"Jack Lichtenstein Consensus Big Board — 14 of 17 component boards, re-averaged",6081,265,9.5,34.125,4.9,,29.5,110,7.4,4.53,12,,,,,,5,141,Pittsburgh,,2026-05-04,,,
zach-harrison-edge-ohi-2023,2023,Zach Harrison,EDGE,Ohio State,3,85,"Jack Lichtenstein Consensus Big Board — 14 of 17 component boards, re-averaged",6054,274,10,36.25,,,,,,,25,,,,,,3,75,Atlanta,,2026-05-04,,,
zach-pascal-wr-old-2017,2017,Zach Pascal,WR,Old Dominion,,,Wide Left Consensus Big Board (Arif Hasan) — wideleft.football,6015,219,10,32,4.55,,36,126,7.11,4.29,14,,,,,,,,,,2026-07-26,,,
zach-shackelford-iol--2020,2020,Zach Shackelford,IOL,,7,272,Wide Left Consensus Big Board (Arif Hasan) — wideleft.football,,,,,,,,,,,,,,,,,,,,,2026-07-26,304,276,
zach-sieler-edge-fer-2018,2018,Zach Sieler,EDGE,Ferris St.,,,Wide Left Consensus Big Board (Arif Hasan) — wideleft.football,,,,,,,,,,,,,,,,,7,238,Baltimore,,2026-07-26,,,
zach-smith-qb-tul-2021,2021,Zach Smith,QB,Tulsa,,,Wide Left Consensus Big Board (Arif Hasan) — wideleft.football,6033,222,9.375,32.375,5.23,,29.5,111,7.26,4.52,,,,,,,,,,,2026-07-26,,,
zach-terrell-qb--2017,2017,Zach Terrell,QB,,,,Wide Left Consensus Big Board (Arif Hasan) — wideleft.football,,,,,,,,,,,,,,,,,,,,,2026-07-26,,,
zach-tom-ot-wak-2022,2022,Zach Tom,OT,Wake Forest,4,126,Wide Left Consensus Big Board (Arif Hasan) — wideleft.football,6042,304,10.375,33.25,4.94,,33,118,7.32,4.47,,,,,,,4,140,Green Bay,,2026-08-06,141,126,101.1
zach-vanvalkenburg-edge--2022,2022,Zach VanValkenburg,EDGE,,,,Wide Left Consensus Big Board (Arif Hasan) — wideleft.football,,,,,,,,,,,,,,,,,,,,,2026-08-06,,,
zach-wilson-qb-byu-2021,2021,Zach Wilson,QB,BYU,1,6,Wide Left Consensus Big Board (Arif Hasan) — wideleft.football,6021,214,9.5,30.625,,,,,,,,,,,,,1,2,NY Jets,,2026-07-26,6,6,94.6
zachary-carter-dt-flo-2022,2022,Zachary Carter,DT,Florida,4,131,Wide Left Consensus Big Board (Arif Hasan) — wideleft.football,6042,282,10.25,33.5,4.99,1.73,27.5,110,,,19,Pass Rusher,,,,,3,95,Cincinnati,,2026-08-06,146,132,91.9
zachary-crabtree-ot--2018,2018,Zachary Crabtree,OT,,7,285,Wide Left Consensus Big Board (Arif Hasan) — wideleft.football,,,,,,,,,,,,,,,,,,,,,2026-07-26,317,295,86
zachary-thomas-ot-san-2022,2022,Zachary Thomas,OT,San Diego State,7,268,Wide Left Consensus Big Board (Arif Hasan) — wideleft.football,,,,,,,,,,,,,,,,,6,186,Chicago,,2026-08-06,245,272,91.5
zack-baun-lb-wis-2020,2020,Zack Baun,LB,Wisconsin,1,32,Wide Left Consensus Big Board (Arif Hasan) — wideleft.football,6023,238,9.625,32.75,4.65,,32.5,115,7,4.31,24,,,,,,3,74,New Orleans,,2026-07-26,33,34,
zack-golditch-ot--2018,2018,Zack Golditch,OT,,,,Wide Left Consensus Big Board (Arif Hasan) — wideleft.football,,,,,,,,,,,,,,,,,,,,,2026-07-26,,,
zack-johnson-iol--2017,2017,Zack Johnson,IOL,,,,Wide Left Consensus Big Board (Arif Hasan) — wideleft.football,,,,,,,,,,,,,,,,,,,,,2026-07-26,,,
zack-kuntz-te-old-2023,2023,Zack Kuntz,TE,Old Dominion,5,155,"Jack Lichtenstein Consensus Big Board — 14 of 17 component boards, re-averaged",6073,255,10.25,34,4.55,,40,128,6.87,4.12,23,,,,,,7,220,NY Jets,,2026-05-04,,,
zack-moss-rb-uta-2020,2020,Zack Moss,RB,Utah,3,76,Wide Left Consensus Big Board (Arif Hasan) — wideleft.football,5093,223,9.25,31.25,4.65,,33,,,4.37,19,,,,,,3,86,Buffalo,,2026-07-26,73,77,
zack-sanchez-cb-okl-2016,2016,Zack Sanchez,CB,Oklahoma,4,103,Wide Left Consensus Big Board (Arif Hasan) — wideleft.football,5107,185,9.375,31.375,4.5,,35.5,116,,,19,,,,,,5,141,Carolina,,2026-07-26,,,97.1
zaire-barnes-lb-wes-2023,2023,Zaire Barnes,LB,Western Michigan,7,276,"Jack Lichtenstein Consensus Big Board — 14 of 17 component boards, re-averaged",,,,,,,,,,,,,,,,,6,184,NY Jets,,2026-05-04,,,
zaire-franklin-lb-syr-2018,2018,Zaire Franklin,LB,Syracuse,,,Wide Left Consensus Big Board (Arif Hasan) — wideleft.football,,,,,,,,,,,,,,,,,7,235,Indianapolis,,2026-07-26,,,
zakoby-mcclain-lb-aub-2022,2022,Zakoby McClain,LB,Auburn,6,212,Wide Left Consensus Big Board (Arif Hasan) — wideleft.football,5113,228,9.25,31.75,4.69,,33,117,,,,,,,,,,,,,2026-08-06,200,217,89.5
zamir-white-rb-geo-2022,2022,Zamir White,RB,Georgia,4,114,Wide Left Consensus Big Board (Arif Hasan) — wideleft.football,5116,214,8.5,31.5,4.4,,33.5,128,,,,,,,,,4,122,Las Vegas,,2026-08-06,104,120,110.5
zander-horvath-rb-pur-2022,2022,Zander Horvath,RB,Purdue,,,Wide Left Consensus Big Board (Arif Hasan) — wideleft.football,,,,,,,,,,,,,,,,,7,260,LA Chargers,,2026-08-06,,,
zane-gonzalez-st-ari-2017,2017,Zane Gonzalez,ST,Arizona State,7,262,Wide Left Consensus Big Board (Arif Hasan) — wideleft.football,6004,202,9,29.5,,,,,,,,K,,,,,7,224,Cleveland,,2026-07-26,219,301,148.9
zaquandre-white-rb-sou-2022,2022,Zaquandre White,RB,South Carolina,7,231,Wide Left Consensus Big Board (Arif Hasan) — wideleft.football,6001,206,9,30.75,,,,,,,,,,,,,,,,,2026-08-06,295,222,79.9
zaven-collins-lb-tul-2021,2021,Zaven Collins,LB,Tulsa,1,24,Wide Left Consensus Big Board (Arif Hasan) — wideleft.football,6040,259,,,4.67,,35,122,,4.36,19,,,,,,1,16,Arizona,,2026-07-26,21,25,97.4
zavier-scott-wr--2023,2023,Zavier Scott,WR,,5,173,"Jack Lichtenstein Consensus Big Board — 14 of 17 component boards, re-averaged",,,,,,,,,,,,,,,,,,,,,2026-05-04,,,
zay-flowers-wr-bos-2023,2023,Zay Flowers,WR,Boston College,1,28,"Jack Lichtenstein Consensus Big Board — 14 of 17 component boards, re-averaged",5092,182,9.25,29.25,4.42,,35.5,127,,,,,,,,,1,22,Baltimore,,2026-05-04,,,
zay-henderson-dt--2018,2018,Zay Henderson,DT,,,,Wide Left Consensus Big Board (Arif Hasan) — wideleft.football,6006,298,9.75,32.75,5.16,1.76,,105,7.33,4.58,20,,,,,,,,,,2026-07-26,,,
zay-jones-wr-eas-2017,2017,Zay Jones,WR,East Carolina,2,54,Wide Left Consensus Big Board (Arif Hasan) — wideleft.football,6021,201,9,32.5,4.45,,36.5,133,6.79,4.01,15,,,,,,2,37,Buffalo,,2026-07-26,55,56,112.7
zaycoven-henderson-dt-tex-2018,2018,Zaycoven Henderson,DT,Texas A&M,,,Wide Left Consensus Big Board (Arif Hasan) — wideleft.football,6000,298,,,5.16,,29.5,105,7.33,4.58,20,,,,,,,,,,2026-07-26,,,
zech-mcphearson-cb-tex-2021,2021,Zech McPhearson,CB,Texas Tech,7,220,Wide Left Consensus Big Board (Arif Hasan) — wideleft.football,5107,191,8.75,30.75,4.48,,40.5,130,6.88,4,14,,,,,,4,123,Philadelphia,,2026-07-26,192,224,117.8
zedrick-woods-s-mis-2019,2019,Zedrick Woods,S,Mississippi,7,312,"Jack Lichtenstein Consensus Big Board — 14 of 17 component boards, re-averaged",5110,205,9.125,31.625,4.29,,34.5,122,7,4.15,19,,,,,,,,,,2026-05-04,,,
zeke-vandenburgh-lb--2023,2023,Zeke Vandenburgh,LB,,7,362,"Jack Lichtenstein Consensus Big Board — 14 of 17 component boards, re-averaged",,,,,,,,,,,,,,,,,,,,,2026-05-04,,,
zeveyon-furcron-iol--2022,2022,ZeVeyon Furcron,IOL,,,,Wide Left Consensus Big Board (Arif Hasan) — wideleft.football,,,,,,,,,,,,,,,,,,,,,2026-08-06,,,
zion-johnson-iol-bos-2022,2022,Zion Johnson,IOL,Boston College,1,20,Wide Left Consensus Big Board (Arif Hasan) — wideleft.football,6025,312,10.625,34,5.18,,32,112,7.38,4.46,32,,,,,,1,17,LA Chargers,,2026-08-06,26,19,77.5
zonovan-knight-rb-nor-2022,2022,Zonovan Knight,RB,North Carolina State,7,222,Wide Left Consensus Big Board (Arif Hasan) — wideleft.football,5110,209,,,4.58,,31,114,,,,,,,,,,,,,2026-08-06,271,213,84.8
zyon-mccollum-cb-sam-2022,2022,Zyon McCollum,CB,Sam Houston St.,4,108,Wide Left Consensus Big Board (Arif Hasan) — wideleft.football,6021,199,9,30.75,4.33,,39.5,132,6.48,3.94,,,,,,,5,157,Tampa Bay,,2026-08-06,89,108,127.7